ACARA ID,School Name,Suburb,State,Postcode,Type,Sector,Status,Geolocation,Parent School ID,AGE ID,Latitude,Longitude,StateProvinceID
44003,A.G.B.U. Alexander Primary School,Duffys Forest,NSW,2084,Primary,Non-Gov,Open,Major Cities,44003,53399,-33.67679,151.18715,77004_00
40987,Abbotsford Public School,Abbotsford,NSW,2046,Primary,Gov,Open,Major Cities,40987,44402,-33.8527,151.131,1001
43762,Abbotsleigh,Wahroonga,NSW,2076,Combined,Non-Gov,Open,Major Cities,43762,41302,-33.7199,151.111,10968_00
52056,Abbotsleigh Junior School,Wahroonga,NSW,2076,Primary,Non-Gov,Open,Major Cities,43762,,-33.7162,151.113,10968_01
41852,Aberdeen Public School,Aberdeen,NSW,2336,Primary,Gov,Open,Inner Regional,41852,49333,-32.1661,150.888,1002
41853,Abermain Public School,Abermain,NSW,2326,Primary,Gov,Open,Major Cities,41853,49299,-32.8089,151.426,1003
42715,Adaminaby Public School,Adaminaby,NSW,2629,Primary,Gov,Open,Outer Regional,42715,50425,-35.9933,148.777,1007
41854,Adamstown Public School,Adamstown,NSW,2289,Primary,Gov,Open,Major Cities,41854,49043,-32.9322,151.731,1008
42530,Adelong Public School,Adelong,NSW,2729,Primary,Gov,Open,Inner Regional,42530,50667,-35.3123,148.063,1009
43780,Aetaomah School,Terragon,NSW,2484,Combined,Non-Gov,Open,Inner Regional,43780,55898,-28.4591,153.27,77642_00
41594,Airds High School,Campbelltown,NSW,2560,Secondary,Gov,Open,Major Cities,41594,46504,-34.0869,150.827,8493
41548,Ajuga School,Glenfield,NSW,2167,Special,Gov,Open,Major Cities,41548,56152,-33.9695,150.878,5748
43919,Al Amanah College,Liverpool,NSW,2170,Combined,Non-Gov,Open,Major Cities,43919,77397,-33.929,150.922,77800_00
43852,"Al Amanah College, Bankstown campus",Bankstown,NSW,2200,Primary,Non-Gov,Open,Major Cities,43919,55684,-33.9172,151.028,77800_01
50603,Al Hikma College,Lakemba,NSW,2195,Primary,Non-Gov,Open,Major Cities,50603,69666,-33.9262,151.081,78005_00
43958,Al Noori Muslim School,Greenacre,NSW,2190,Primary,Non-Gov,Open,Major Cities,43958,53329,-33.9118,151.05,77003_00
40979,Al Noori Muslim School - Senior Campus,Greenacre,NSW,2190,Secondary,Non-Gov,Open,Major Cities,43958,77580,-33.9112,151.049,77003_01
43741,Al Sadiq College,Greenacre,NSW,2190,Combined,Non-Gov,Open,Major Cities,43741,58093,-33.9099,151.056,77807_00
40720,Al Sadiq College Yagoona Campus,Yagoona,NSW,2199,Primary,Non-Gov,Open,Major Cities,43741,77542,-33.9041,151.024,77807_01
43946,Al Zahra College,Arncliffe,NSW,2205,Combined,Non-Gov,Open,Major Cities,43946,54651,-33.9337,151.148,77657_00
42339,Albert Park Public School,East Lismore,NSW,2480,Primary,Gov,Open,Inner Regional,42339,49776,-28.8216,153.272,4177
42936,Albion Park High School,Albion Park,NSW,2527,Secondary,Gov,Open,Major Cities,42936,54950,-34.5767,150.773,8586
42716,Albion Park Public School,Albion Park,NSW,2527,Primary,Gov,Open,Major Cities,42716,50020,-34.5703,150.773,1015
42861,Albion Park Rail Public School,Albion Park,NSW,2527,Primary,Gov,Open,Major Cities,42861,50021,-34.5676,150.799,4121
42689,Albury High School,Albury,NSW,2640,Secondary,Gov,Open,Inner Regional,42689,50438,-36.0728,146.915,8101
42654,Albury North Public School,Albury,NSW,2640,Primary,Gov,Open,Inner Regional,42654,50440,-36.0642,146.932,3922
42531,Albury Public School,Albury,NSW,2640,Primary,Gov,Open,Inner Regional,42531,50441,-36.0825,146.919,1017
42532,Albury West Public School,Albury,NSW,2640,Primary,Gov,Open,Inner Regional,42532,50442,-36.0778,146.896,1019
42356,Aldavilla Public School,Yarravel,NSW,2440,Primary,Gov,Open,Inner Regional,42356,56175,-31.0558,152.787,4601
40724,Alesco Secondary College,Cooks Hill,NSW,2300,Special,Non-Gov,Open,Major Cities,40724,58110,-32.9294,151.768,77783_00
53001,Alesco Secondary College - Charlestown Campus,Charlestown,NSW,2290,Special,Non-Gov,Open,Major Cities,40724,87662,-32.96278368,151.6928001,77783_06
52306,Alesco Secondary College - Coast Campus,Tuncurry,NSW,2428,Special,Non-Gov,Open,Inner Regional,40724,77702,-32.1793,152.5,77783_02
52891,Alesco Secondary College - Northlakes Campus,Argenton,NSW,2284,Special,Non-Gov,Open,Major Cities,40724,87663,-32.93757,151.63106,77783_05
52307,Alesco Secondary College - Raymond Terrace Campus,Raymond Terrace,NSW,2324,Special,Non-Gov,Open,Major Cities,40724,87661,-32.764,151.742,77783_01
52612,Alesco Secondary College - Tomaree Campus,Nelson Bay,NSW,2315,Special,Non-Gov,Open,Inner Regional,40724,86562,-32.721,152.154,77783_04
52072,Alesco Secondry College - Abermain Campus,Abermain,NSW,2326,Special,Non-Gov,Open,Major Cities,40724,86389,-32.81107694,151.4315689,77783_03
41184,Alexandria Park Community School,Alexandria,NSW,2015,Combined,Gov,Open,Major Cities,41184,46425,-33.9002,151.196,8556
43952,Al-Faisal College,Auburn,NSW,2144,Combined,Non-Gov,Open,Major Cities,43952,55403,-33.8548,151.032,77671_00
53107,Al-Faisal College - Lakemba,Lakemba,NSW,2195,Primary,Non-Gov,Open,Major Cities,43952,,-33.92383288,151.0768608,77671_03
50593,Al-Faisal College - Campbelltown,Minto,NSW,2566,Combined,Non-Gov,Open,Major Cities,50593,70306,-34.0222,150.858,78140_00
51520,Al-Faisal College - Liverpool,Austral,NSW,2179,Combined,Non-Gov,Open,Major Cities,51520,70305,-33.9095,150.811,78141_00
41115,Alfords Point Public School,Alfords Point,NSW,2234,Primary,Gov,Open,Major Cities,41115,56155,-33.9924,151.024,4605
43404,All Hallows Catholic Primary School,Five Dock,NSW,2046,Primary,Non-Gov,Open,Major Cities,43404,41306,-33.8609,151.134,77006_00
43567,All Hallows Catholic Primary School,Gulgong,NSW,2852,Primary,Non-Gov,Open,Outer Regional,43567,41305,-32.3614,149.534,77005_00
43422,All Saints Catholic College,Liverpool,NSW,2170,Combined,Non-Gov,Open,Major Cities,43422,41831,-33.9191,150.926,77442_00
52877,"All Saints Catholic College, Casula Campus",Casula,NSW,2170,Secondary,Non-Gov,Open,Major Cities,43422,46733,-33.95386,150.90747,77442_01
40618,All Saints College,Maitland,NSW,2320,Secondary,Non-Gov,Open,Major Cities,40618,53863,-32.7378,151.56,11397_00
43318,All Saints College (St Peter's),Maitland,NSW,2320,Secondary,Non-Gov,Open,Major Cities,40618,77181,-32.7343,151.559,11397_03
40892,All Saints Grammar,Belmore,NSW,2192,Secondary,Non-Gov,Open,Major Cities,40892,77271,-33.9295,151.095,77011_00
43959,All Saints Grammar Junior School,Belmore,NSW,2192,Primary,Non-Gov,Open,Major Cities,40892,53416,-33.9153,151.091,77011_01
43616,All Saints Primary School,Tumbarumba,NSW,2653,Primary,Non-Gov,Open,Outer Regional,43616,41309,-35.7787,148.013,77012_00
41281,Allambie Heights Public School,Allambie Heights,NSW,2100,Primary,Gov,Open,Major Cities,41281,47706,-33.7658,151.252,4200
52437,Allegra School Coffs Harbour,Coffs Harbour,NSW,2450,Special,Non-Gov,Open,Inner Regional,52437,80024,-30.2976,153.115,78156_00
42940,Alma Public School,Broken Hill,NSW,2880,Primary,Gov,Open,Outer Regional,42940,51109,-31.9822,141.462,1028
50380,Alpha Omega Senior College,Auburn,NSW,2144,Secondary,Non-Gov,Open,Major Cities,50380,69088,-33.8508,151.031,77993_00
52618,"Alpha Omega Senior College, Queen Street Campus",Auburn,NSW,2144,Secondary,Non-Gov,Open,Major Cities,50380,85529,-33.8499,151.032,77993_01
42405,Alstonville High School,Alstonville,NSW,2477,Secondary,Gov,Open,Inner Regional,42405,54740,-28.8399,153.434,8578
42138,Alstonville Public School,Alstonville,NSW,2477,Primary,Gov,Open,Inner Regional,42138,49761,-28.8385,153.438,1030
41607,Ambarvale High School,Rosemeadow,NSW,2560,Secondary,Gov,Open,Major Cities,41607,54941,-34.1006,150.801,8570
41498,Ambarvale Public School,Ambarvale,NSW,2560,Primary,Gov,Open,Major Cities,41498,50196,-34.0864,150.798,4505
44001,"Amity College, Prestons",Prestons,NSW,2170,Combined,Non-Gov,Open,Major Cities,44001,55309,-33.9417,150.876,11839_00
44006,Amity College Auburn Campus,Auburn,NSW,2144,Primary,Non-Gov,Open,Major Cities,44001,77373,-33.8526,151.034,11839_01
43925,Amity College Illawarra Campus,Shellharbour,NSW,2529,Combined,Non-Gov,Open,Major Cities,44001,77332,-34.5734,150.864,11839_02
53321,Amity College Leppington Campus,Leppington,NSW,2179,Primary,Non-Gov,Proposed,Major Cities,44001,,-33.96666007,150.8083372,11839_03
41855,Anna Bay Public School,Anna Bay,NSW,2316,Primary,Gov,Open,Inner Regional,41855,49126,-32.7764,152.09,1040
40989,Annandale North Public School,Annandale,NSW,2038,Primary,Gov,Open,Major Cities,40989,44930,-33.8779,151.172,1042
40988,Annandale Public School,Annandale,NSW,2038,Primary,Gov,Open,Major Cities,40988,45497,-33.8858,151.17,1041
41247,Annangrove Public School,Annangrove,NSW,2156,Primary,Gov,Open,Major Cities,41247,47863,-33.6674,150.953,3719
43093,Anson Street School,Orange,NSW,2800,Special,Gov,Open,Inner Regional,43093,56157,-33.2965,149.097,5625
52051,Anzac Park Public School,Cammeray,NSW,2062,Primary,Gov,Open,Major Cities,52051,70331,-33.8266,151.211,4656
41354,Appin Public School,Appin,NSW,2560,Primary,Gov,Open,Inner Regional,41354,50197,-34.1984,150.788,1045
43492,Aquinas Catholic College,Menai,NSW,2234,Secondary,Non-Gov,Open,Major Cities,43492,53864,-34.02,151.021,13864_00
41194,Arcadia Public School,Arcadia,NSW,2159,Primary,Gov,Open,Inner Regional,41194,57392,-33.6235,151.051,1048
42019,Arcadia Vale Public School,Arcadia Vale,NSW,2283,Primary,Gov,Open,Major Cities,42019,48963,-33.0602,151.582,4132
43976,Arden Anglican School,Beecroft,NSW,2119,Primary,Non-Gov,Open,Major Cities,43976,41311,-33.7467,151.065,77014_00
40919,"Arden Anglican School, Epping campus",Epping,NSW,2121,Secondary,Non-Gov,Open,Major Cities,43976,77430,-33.77013,151.08427,77014_01
42533,Ardlethan Central School,Ardlethan,NSW,2665,Combined,Gov,Open,Outer Regional,42533,50519,-34.3541,146.901,1051
42001,Argenton Public School,Argenton,NSW,2284,Primary,Gov,Open,Major Cities,42001,48985,-32.9385,151.63,3904
42534,Ariah Park Central School,Ariah Park,NSW,2665,Combined,Gov,Open,Outer Regional,42534,50520,-34.3469,147.218,1055
52875,Arise Christian College,Metford,NSW,2323,Special,Non-Gov,Open,Major Cities,52875,86499,-32.76656,151.6083,78229_00
43943,Arkana College,Kingsgrove,NSW,2208,Primary,Non-Gov,Open,Major Cities,43943,42362,-33.9499,151.099,77015_00
42410,Armidale City Public School,Armidale,NSW,2350,Primary,Gov,Open,Inner Regional,42410,49372,-30.5195,151.664,1057
52723,Armidale Secondary College,Armidale,NSW,2350,Secondary,Gov,Open,Inner Regional,52723,49373,-30.51925421,151.6532283,8915
41129,Arncliffe Public School,Arncliffe,NSW,2205,Primary,Gov,Open,Major Cities,41129,48585,-33.9405,151.146,7401
40524,Arncliffe West Infants School,Arncliffe,NSW,2205,Primary,Gov,Open,Major Cities,40524,48586,-33.9318,151.145,5103
43960,Arndell Anglican College,Oakville,NSW,2765,Combined,Non-Gov,Open,Major Cities,43960,56719,-33.6201,150.85,13401_00
40647,Arndell School,North Ryde,NSW,2113,Special,Gov,Open,Major Cities,40647,56158,-33.8032,151.126,5538
53082,Arrahman College,Austral,NSW,2179,Primary,Non-Gov,Open,Major Cities,53082,87935,-33.91300107,150.8195609,78165_00
41313,Arranounbai School,Frenchs Forest,NSW,2086,Special,Gov,Open,Major Cities,41313,56156,-33.7573,151.242,5656
41195,Artarmon Public School,Artarmon,NSW,2064,Primary,Gov,Open,Major Cities,41195,47612,-33.8112,151.186,1061
41848,Arthur Phillip High School,Parramatta,NSW,2150,Secondary,Gov,Open,Major Cities,41848,46461,-33.8164,151.007,8892
43953,Ascham School,Edgecliff,NSW,2027,Combined,Non-Gov,Open,Major Cities,43953,41312,-33.8787,151.237,10974_00
40990,Ashbury Public School,Ashbury,NSW,2193,Primary,Gov,Open,Major Cities,40990,47773,-33.8988,151.119,1064
41585,Ashcroft High School,Ashcroft,NSW,2168,Secondary,Gov,Open,Major Cities,41585,46380,-33.9204,150.897,8397
41477,Ashcroft Public School,Ashcroft,NSW,2168,Primary,Gov,Open,Major Cities,41477,48524,-33.9164,150.898,4344
41189,Ashfield Boys High School,Ashfield,NSW,2131,Secondary,Gov,Open,Major Cities,41189,45966,-33.8895,151.129,8832
40991,Ashfield Public School,Ashfield,NSW,2131,Primary,Gov,Open,Major Cities,40991,47774,-33.8897,151.128,1065
42412,Ashford Central School,Ashford,NSW,2361,Combined,Gov,Open,Outer Regional,42412,49412,-29.3213,151.095,1066
42671,Ashmont Public School,Wagga Wagga,NSW,2650,Primary,Gov,Open,Inner Regional,42671,50475,-35.1245,147.333,4375
42072,Ashtonfield Public School,Ashtonfield,NSW,2323,Primary,Gov,Open,Major Cities,42072,66003,-32.7724,151.601,4642
43796,Aspect Central Coast School,Terrigal,NSW,2260,Special,Non-Gov,Open,Major Cities,43796,44079,-33.444,151.427,77560_00
52878,Aspect Central Coast School Senior College,Terrigal,NSW,2260,Special,Non-Gov,Open,Major Cities,43796,87166,-33.43586,151.41571,77560_07
52069,"Aspect Central Coast School, East Gosford",East Gosford,NSW,2250,Special,Non-Gov,Open,Major Cities,43796,88602,-33.4369,151.352,77560_06
52325,"Aspect Central Coast School, Noraville",Noraville,NSW,2263,Special,Non-Gov,Open,Major Cities,43796,88601,-33.2681,151.554,77560_05
52326,"Aspect Central Coast School, Tuggerah",Tuggerah,NSW,2259,Special,Non-Gov,Open,Major Cities,43796,88599,-33.298,151.417,77560_02
52328,"Aspect Central Coast School, Woy Woy",Woy Woy,NSW,2256,Special,Non-Gov,Open,Major Cities,43796,88600,-33.503,151.304,77560_04
43768,Aspect Hunter School,Thornton,NSW,2322,Special,Non-Gov,Open,Major Cities,43768,43039,-32.7834,151.637,77146_00
52073,"Aspect Hunter School, Abermain Satellite",Abermain,NSW,2326,Special,Non-Gov,Open,Major Cities,43768,88598,-32.8107,151.443,77146_02
52312,"Aspect Hunter School, Cardiff Satellite",Cardiff,NSW,2285,Primary,Non-Gov,Closed,Major Cities,43768,,-32.9429,151.666,77146_03
52890,"Aspect Hunter School, Muswellbrook Satellite",Muswellbrook,NSW,2333,Special,Non-Gov,Open,Inner Regional,43768,88605,-32.27929,150.88474,77146_10
52315,"Aspect Hunter School, Port Macquarie High School Satellite",Port Macquarie,NSW,2444,Special,Non-Gov,Open,Inner Regional,43768,88621,-31.4539,152.897,77146_09
52314,"Aspect Hunter School, Port Macquarie Primary Satellite",Port Macquarie,NSW,2444,Special,Non-Gov,Open,Inner Regional,43768,88604,-31.4298,152.897,77146_06
52317,"Aspect Hunter School, Tarro Satellite",Tarro,NSW,2322,Special,Non-Gov,Open,Major Cities,43768,88597,-32.8092,151.663,77146_01
52318,"Aspect Hunter School, Waratah West Satellite",Waratah West,NSW,2289,Special,Non-Gov,Open,Major Cities,43768,88639,-32.8989,151.716,77146_07
50250,Aspect Macarthur School,Cobbitty,NSW,2570,Special,Non-Gov,Open,Major Cities,50250,69102,-34.0278,150.701,77998_00
53003,"Aspect Macarthur School, Airds",Campbelltown South,NSW,2560,Special,Non-Gov,Open,Major Cities,50250,87129,-34.0879816,150.8269358,77998_08
52080,"Aspect Macarthur School, Campbelltown",Campbelltown,NSW,2560,Special,Non-Gov,Open,Major Cities,50250,88603,-34.0695,150.818,77998_06
50429,"Aspect Macarthur School, Holsworthy",Holsworthy,NSW,2173,Special,Non-Gov,Open,Major Cities,50250,77604,-33.988,150.992,77998_01
50430,"Aspect Macarthur School, Minto",Minto,NSW,2566,Special,Non-Gov,Open,Major Cities,50250,77605,-34.0257,150.853,77998_02
52364,"Aspect Macarthur School, Northern Rivers Coffs Harbour",Coffs Harbour,NSW,2450,Special,Non-Gov,Open,Inner Regional,50250,77711,-30.2884,153.092,77998_07
50433,"Aspect Macarthur School, West Hoxton",West Hoxton,NSW,2171,Special,Non-Gov,Open,Major Cities,50250,77613,-33.9322,150.836,77998_04
50249,Aspect Riverina School,Albury,NSW,2640,Special,Non-Gov,Open,Inner Regional,50249,69104,-36.0843,146.918,77997_00
53219,Aspect Riverina School Wagga Campus,Wagga Wagga,NSW,2678,Special,Non-Gov,Open,Inner Regional,50249,88620,-35.06548025,147.3596592,77997_06
50605,"Aspect Riverina School, Kiewa Street Albury Campus",Albury,NSW,2640,Special,Non-Gov,Open,Inner Regional,50249,77610,-36.084,146.916,77997_01
52638,"Aspect Riverina School, Moresby Park Centre",North Albury,NSW,2640,Special,Non-Gov,Open,Inner Regional,50249,88619,-36.0538,146.93,77997_05
50606,"Aspect Riverina School, North Albury Campus",Albury,NSW,2640,Special,Non-Gov,Open,Inner Regional,50249,77611,-36.063,146.935,77997_02
50604,"Aspect Riverina School, Wagga Wagga Campus",Kooringal,NSW,2650,Special,Non-Gov,Open,Inner Regional,50249,77609,-35.1416,147.375,77997_03
43813,Aspect South Coast School,Corrimal,NSW,2518,Special,Non-Gov,Open,Major Cities,43813,46747,-34.3639,150.896,77091_00
53110,"Aspect South Coast School, Albion Park",Albion Park,NSW,2527,Special,Non-Gov,Open,Major Cities,43813,87996,-34.5722358,150.763547,77091_17
52079,"Aspect South Coast School, Barrack Heights",Barrack Heights,NSW,2528,Special,Non-Gov,Open,Major Cities,43813,88606,-34.5595,150.846,77091_12
52330,"Aspect South Coast School, Bellambi",Bellambi,NSW,2518,Special,Non-Gov,Closed,Major Cities,43813,,-34.3715,150.913,77091_13
52876,"Aspect South Coast School, Bulli",Bulli,NSW,2519,Special,Non-Gov,Closed,Major Cities,43813,,-34.3348,150.91351,77091_16
52331,"Aspect South Coast School, Farmborough Heights",Unanderra,NSW,2526,Special,Non-Gov,Open,Major Cities,43813,88607,-34.4552,150.828,77091_15
52332,"Aspect South Coast School, North Wollongong",North Wollongong,NSW,2500,Primary,Non-Gov,Closed,Major Cities,43813,,-34.4109,150.889,77091_05
52333,"Aspect South Coast School, Ss Peter and Paul Kiama",Kiama,NSW,2533,Special,Non-Gov,Closed,Major Cities,43813,,-34.6761,150.853,77091_14
53111,"Aspect South Coast School, Unanderra",Unanderra,NSW,2526,Special,Non-Gov,Open,Major Cities,43813,87995,-34.45183909,150.8419588,77091_18
53277,"Aspect South Coast School, Wollongong University",Wollongong,NSW,2522,Special,Non-Gov,Open,Major Cities,43813,88640,-34.40839438,150.8788833,77091_19
43927,Aspect South East Sydney School,Peakhurst,NSW,2210,Special,Non-Gov,Open,Major Cities,43927,55942,-33.9723,151.056,77196_00
52067,"Aspect South East Sydney School, Auburn",Auburn,NSW,2144,Special,Non-Gov,Open,Major Cities,43927,88617,-33.8501,151.03,77196_17
52355,"Aspect South East Sydney School, Belfield",Belfield,NSW,2191,Special,Non-Gov,Open,Major Cities,43927,88612,-33.9011,151.089,77196_11
52356,"Aspect South East Sydney School, Caringbah",Caringbah,NSW,2229,Special,Non-Gov,Open,Major Cities,43927,88609,-34.0452,151.123,77196_04
53218,"Aspect South East Sydney School, Croydon",Croydon,NSW,2132,Special,Non-Gov,Open,Major Cities,43927,88610,-33.8763329,151.1130013,77196_19
52357,"Aspect South East Sydney School, Hurstville",Hurstville,NSW,2220,Special,Non-Gov,Open,Major Cities,43927,88615,-33.9605,151.112,77196_14
52358,"Aspect South East Sydney School, Kareela",Kareela,NSW,2232,Special,Non-Gov,Open,Major Cities,43927,88608,-34.0134,151.083,77196_03
52359,"Aspect South East Sydney School, Leichhardt",Leichhardt,NSW,2040,Special,Non-Gov,Open,Major Cities,43927,88611,-33.8781,151.152,77196_10
52998,"Aspect South East Sydney School, Loftus",Loftus,NSW,2232,Special,Non-Gov,Open,Major Cities,43927,87036,-34.04260873,151.052266,77196_18
52360,"Aspect South East Sydney School, Maroubra",Maroubra,NSW,2035,Special,Non-Gov,Open,Major Cities,43927,88614,-33.9472,151.252,77196_13
40897,"Aspect South East Sydney School, Marrickville",Marrickville,NSW,2204,Special,Non-Gov,Open,Major Cities,43927,77287,-33.9061,151.162,77196_16
52361,"Aspect South East Sydney School, Menai",Menai,NSW,2234,Special,Non-Gov,Open,Major Cities,43927,88613,-34.0189,151.022,77196_12
52362,"Aspect South East Sydney School, Regents Park",Regents Park,NSW,2143,Special,Non-Gov,Open,Major Cities,43927,88616,-33.8784,151.027,77196_15
43769,Aspect Vern Barnett School,Forestville,NSW,2087,Special,Non-Gov,Open,Major Cities,43769,43048,-33.7633,151.219,77577_00
52322,"Aspect Vern Barnett School, Eastwood",Eastwood,NSW,2122,Special,Non-Gov,Open,Major Cities,43769,88579,-33.7894,151.079,77577_04
52059,"Aspect Vern Barnett School, Forestville",Forestville,NSW,2087,Special,Non-Gov,Open,Major Cities,43769,88578,-33.7606,151.221,77577_03
52319,"Aspect Vern Barnett School, Lane Cove",Lane Cove,NSW,2066,Special,Non-Gov,Open,Major Cities,43769,88577,-33.8162,151.169,77577_02
52320,"Aspect Vern Barnett School, Mona Vale",Mona Vale,NSW,2103,Special,Non-Gov,Open,Major Cities,43769,88580,-33.6747,151.302,77577_06
52321,"Aspect Vern Barnett School, St Ives",St Ives,NSW,2075,Special,Non-Gov,Open,Major Cities,43769,88581,-33.7291,151.166,77577_07
43823,Aspect Western Sydney School,Wetherill Park,NSW,2164,Special,Non-Gov,Open,Major Cities,43823,44280,-33.8483,150.915,77585_00
52068,"Aspect Western Sydney School, Blacktown",Blacktown,NSW,2148,Special,Non-Gov,Open,Major Cities,43823,88582,-33.7741,150.9,77585_01
52339,"Aspect Western Sydney School, Bourke Street, Richmond",Richmond,NSW,2753,Special,Non-Gov,Open,Major Cities,43823,88585,-33.6011,150.759,77585_06
52341,"Aspect Western Sydney School, Castle Hill",Castle Hill,NSW,2154,Special,Non-Gov,Open,Major Cities,43823,88627,-33.7397,150.997,77585_16
52343,"Aspect Western Sydney School, Kemps Creek - Emmaus",Kemps Creek,NSW,2178,Special,Non-Gov,Open,Major Cities,43823,88591,-33.8314,150.791,77585_17
52344,"Aspect Western Sydney School, Kemps Creek - Trinity",Kemps Creek,NSW,2178,Special,Non-Gov,Open,Major Cities,43823,88592,-33.8295,150.789,77585_18
52345,"Aspect Western Sydney School, Lawson",Lawson,NSW,2783,Special,Non-Gov,Open,Major Cities,43823,88589,-33.7202,150.441,77585_15
52346,"Aspect Western Sydney School, Quakers Road, Marayong",Marayong,NSW,2148,Special,Non-Gov,Open,Major Cities,43823,88586,-33.7426,150.886,77585_08
52347,"Aspect Western Sydney School, Schofields",Schofields,NSW,2762,Special,Non-Gov,Open,Major Cities,43823,88587,-33.7054,150.892,77585_13
52348,"Aspect Western Sydney School, Smithfield",Smithfield,NSW,2164,Special,Non-Gov,Open,Major Cities,43823,88583,-33.8534,150.934,77585_02
52349,"Aspect Western Sydney School, Springwood",Springwood,NSW,2777,Special,Non-Gov,Open,Major Cities,43823,88594,-33.6643,150.597,77585_07
52999,"Aspect Western Sydney School, St Andrews College Senior Campus",Marayong,NSW,2148,Special,Non-Gov,Open,Major Cities,43823,87037,-33.74912172,150.8883226,77585_19
52350,"Aspect Western Sydney School, St Joseph's",Schofields,NSW,2762,Special,Non-Gov,Open,Major Cities,43823,88588,-33.7055,150.889,77585_14
52351,"Aspect Western Sydney School, St Thomas Aquinas",Springwood,NSW,2777,Special,Non-Gov,Open,Major Cities,43823,88595,-33.6643,150.597,77585_11
52352,"Aspect Western Sydney School, Windsor Street, Richmond",Richmond,NSW,2753,Special,Non-Gov,Open,Major Cities,43823,88584,-33.5984,150.758,77585_05
41330,Asquith Boys High School,Asquith,NSW,2077,Secondary,Gov,Open,Major Cities,41330,47672,-33.6923,151.103,8245
41326,Asquith Girls High School,Asquith,NSW,2077,Secondary,Gov,Open,Major Cities,41326,47673,-33.6897,151.113,8222
41196,Asquith Public School,Asquith,NSW,2077,Primary,Gov,Open,Major Cities,41196,45797,-33.6857,151.112,1070
41059,Athelstane Public School,Arncliffe,NSW,2205,Primary,Gov,Open,Major Cities,41059,48587,-33.9374,151.138,3453
42413,Attunga Public School,Attunga,NSW,2345,Primary,Gov,Open,Outer Regional,42413,49369,-30.9304,150.847,1071
41571,Auburn Girls High School,Auburn,NSW,2144,Secondary,Gov,Open,Major Cities,41571,46471,-33.8429,151.034,8253
41355,Auburn North Public School,Auburn,NSW,2144,Primary,Gov,Open,Major Cities,41355,47799,-33.8417,151.039,1073
41551,Auburn Public School,Auburn,NSW,2144,Primary,Gov,Open,Major Cities,41551,47800,-33.854,151.033,7403
41356,Auburn West Public School,Auburn,NSW,2144,Primary,Gov,Open,Major Cities,41356,47801,-33.8609,151.02,1075
51456,Aurora College,Lane Cove North,NSW,2066,Secondary,Gov,Open,Major Cities,51456,85787,-33.7897,151.1607,8912
50562,Aurora Southern Highlands Steiner School,Bowral,NSW,2576,Combined,Non-Gov,Open,Inner Regional,50562,69964,-34.4718,150.419,78060_00
42718,Austinmer Public School,Austinmer,NSW,2515,Primary,Gov,Open,Major Cities,42718,49986,-34.3054,150.935,1076
41357,Austral Public School,Austral,NSW,2179,Primary,Gov,Open,Major Cities,41357,48545,-33.9345,150.813,1077
40492,Australia Street Infants School,Newtown,NSW,2042,Primary,Gov,Open,Major Cities,40492,47590,-33.8958,151.178,5104
50240,Australian Christian College - Marsden Park,Riverstone,NSW,2765,Combined,Non-Gov,Open,Major Cities,50240,56453,-33.6782,150.838,77619_00
44029,Australian Christian College - Singleton,Singleton,NSW,2330,Combined,Non-Gov,Open,Inner Regional,44029,48793,-32.5759,151.183,77215_00
50729,"Australian International Academy, Kellyville Campus",North Kellyville,NSW,2155,Combined,Non-Gov,Open,Major Cities,50729,70170,-33.6974,150.963,78079_00
43940,"Australian International Academy, Sydney, Strathfield Campus",Strathfield,NSW,2135,Combined,Non-Gov,Open,Major Cities,43940,54348,-33.8929,151.089,11838_00
50381,Australian International High School,Sydney,NSW,2000,Secondary,Non-Gov,Open,Major Cities,50381,,-33.8752,151.206,77724_00
43937,Australian Islamic College of Sydney,Mount Druitt,NSW,2770,Combined,Non-Gov,Open,Major Cities,43937,53436,-33.759,150.83,77631_00
53000,Australian Islamic College of Sydney Senior School,Rooty Hill,NSW,2766,Secondary,Non-Gov,Open,Major Cities,43937,,-33.75954248,150.8325972,77631_01
43756,Australian Performing Arts Grammar School,Glebe,NSW,2037,Secondary,Non-Gov,Open,Major Cities,43756,63376,-33.8843,151.194,77853_00
41251,Avalon Public School,Avalon Beach,NSW,2107,Primary,Gov,Open,Major Cities,41251,47718,-33.6396,151.327,3792
41856,Avoca Beach Public School,Avoca Beach,NSW,2251,Primary,Gov,Open,Major Cities,41856,56159,-33.4712,151.431,1082
42719,Avoca Public School,Avoca,NSW,2577,Primary,Gov,Open,Inner Regional,42719,50243,-34.612697,150.48,1081
43845,Avondale School,Cooranbong,NSW,2265,Combined,Non-Gov,Open,Major Cities,43845,58070,-33.0632,151.465,11003_00
41857,Awaba Public School,Awaba,NSW,2283,Primary,Gov,Open,Major Cities,41857,48964,-33.0106,151.538,1084
40761,Awabakal Environmental Education Centre,Shortland,NSW,2307,Combined,Gov,Open,Major Cities,40761,64093,-32.8761,151.696,5458
42868,Balarang Public School,Oak Flats,NSW,2529,Primary,Gov,Open,Major Cities,42868,50032,-34.5598,150.831,4291
42414,Bald Blair Public School,Guyra,NSW,2365,Primary,Gov,Open,Outer Regional,42414,49413,-30.2299,151.785,1098
41065,Bald Face Public School,Blakehurst,NSW,2221,Primary,Gov,Open,Major Cities,41065,46131,-33.9968,151.107,3794
41248,Balgowlah Heights Public School,Balgowlah,NSW,2093,Primary,Gov,Open,Major Cities,41248,47693,-33.8057,151.258,3736
41269,Balgowlah North Public School,North Balgowlah,NSW,2093,Primary,Gov,Open,Major Cities,41269,47694,-33.7833,151.246,3984
42721,Balgownie Public School,Balgownie,NSW,2519,Primary,Gov,Open,Major Cities,42721,50002,-34.387,150.872,1106
42941,Ballimore Public School,Ballimore,NSW,2830,Primary,Gov,Open,Outer Regional,42941,51039,-32.1936,148.9,1111
42383,Ballina Coast High School,Ballina,NSW,2478,Secondary,Gov,Open,Inner Regional,42383,49764,-28.8666,153.565,8195
42139,Ballina Public School,Ballina,NSW,2478,Primary,Gov,Open,Inner Regional,42139,49765,-28.8697,153.564,1112
41130,Balmain Public School,Balmain,NSW,2041,Primary,Gov,Open,Major Cities,41130,47588,-33.8592,151.183,7404
42535,Balranald Central School,Balranald,NSW,2715,Combined,Gov,Open,Outer Regional,42535,46377,-34.6363,143.564,1115
42140,Bangalow Public School,Bangalow,NSW,2479,Primary,Gov,Open,Inner Regional,42140,49770,-28.6855,153.526,1118
41110,Bangor Public School,Bangor,NSW,2234,Primary,Gov,Open,Major Cities,41110,48669,-34.0195,151.029,4536
41769,Banks Public School,St Clair,NSW,2759,Primary,Gov,Open,Major Cities,41769,56160,-33.7937,150.773,4571
41462,Banksia Road Public School,Greenacre,NSW,2190,Primary,Gov,Open,Major Cities,41462,48555,-33.9069,151.05,4217
40992,Banksmeadow Public School,Botany,NSW,2019,Primary,Gov,Open,Major Cities,40992,46390,-33.9537,151.207,1121
41572,Bankstown Girls High School,Bankstown,NSW,2200,Secondary,Gov,Open,Major Cities,41572,46340,-33.9208,151.032,8254
40806,Bankstown Hospital School,Bankstown,NSW,2200,Special,Gov,Open,Major Cities,40806,67662,-33.9334,151.021,5548
41360,Bankstown North Public School,Bankstown,NSW,2200,Primary,Gov,Open,Major Cities,41360,48574,-33.9049,151.038,1124
41552,Bankstown Public School,Bankstown,NSW,2200,Primary,Gov,Open,Major Cities,41552,48575,-33.9211,151.034,7405
40638,Bankstown Senior College,Bankstown,NSW,2200,Secondary,Gov,Open,Major Cities,40638,55388,-33.9291,151.023,8381
40523,Bankstown South Infants School,Bankstown,NSW,2200,Primary,Gov,Open,Major Cities,40523,48576,-33.9312,151.038,5246
41457,Bankstown West Public School,Bankstown,NSW,2200,Primary,Gov,Open,Major Cities,41457,48578,-33.9158,151.02,4142
42387,Banora Point High School,Banora Point,NSW,2486,Secondary,Gov,Open,Major Cities,42387,56648,-28.2155,153.525,8282
42141,Banora Point Public School,Banora Point,NSW,2486,Primary,Gov,Open,Major Cities,42141,49515,-28.2224,153.544,1129
42942,Baradine Central School,Baradine,NSW,2396,Combined,Gov,Open,Remote,42942,46402,-30.9507,149.07,1130
41468,Bardia Public School,Bardia,NSW,2565,Primary,Gov,Open,Major Cities,41468,48550,-33.9753,150.858,4311
40525,Bardwell Park Infants School,Bardwell Park,NSW,2207,Primary,Gov,Open,Major Cities,40525,48591,-33.9335,151.125,5148
42536,Barellan Central School,Barellan,NSW,2665,Combined,Gov,Open,Outer Regional,42536,50521,-34.2878,146.572,1131
41361,Bargo Public School,Bargo,NSW,2574,Primary,Gov,Open,Inner Regional,41361,50234,-34.2929,150.583,1134
42710,Barham High School,Barham,NSW,2732,Secondary,Gov,Open,Outer Regional,42710,50671,-35.623,144.132,8461
42537,Barham Public School,Barham,NSW,2732,Primary,Gov,Open,Outer Regional,42537,50672,-35.6269,144.128,1135
43838,Barker College,Hornsby,NSW,2077,Secondary,Non-Gov,Open,Major Cities,43838,42245,-33.7092,151.099,11593_00
50417,Barker College Junior School,Waitara,NSW,2077,Primary,Non-Gov,Open,Major Cities,43838,,-33.7137,151.101,11593_01
42142,Barkers Vale Public School,Wadeville,NSW,2474,Primary,Gov,Open,Inner Regional,42142,49751,-28.549,153.149,1136
42538,Barmedman Public School,Barmedman,NSW,2668,Primary,Gov,Open,Outer Regional,42538,50527,-34.1483,147.385,1137
41777,Barnier Public School,Quakers Hill,NSW,2763,Primary,Gov,Open,Major Cities,41777,54672,-33.7205,150.902,4599
41858,Barnsley Public School,Barnsley,NSW,2278,Primary,Gov,Open,Major Cities,41858,49127,-32.9331,151.595,1138
42539,Barooga Public School,Barooga,NSW,3644,Primary,Gov,Open,Inner Regional,42539,50460,-35.913,145.696,1139
42415,Barraba Central School,Barraba,NSW,2347,Combined,Gov,Open,Outer Regional,42415,49371,-30.3824,150.599,1140
42887,Barrack Heights Public School,Barrack Heights,NSW,2528,Primary,Gov,Open,Major Cities,42887,50023,-34.5591,150.846,4501
52928,Barramurra Public School,Oran Park,NSW,2570,Primary,Gov,Open,Major Cities,52928,87048,-34.0131668,150.7519869,4671
41342,Barrenjoey High School,Avalon Beach,NSW,2107,Secondary,Gov,Open,Major Cities,41342,47719,-33.6312,151.334,8454
40697,Barrenjoey Montessori School,Avalon,NSW,2107,Primary,Non-Gov,Open,Major Cities,40697,57547,-33.6312,151.334,77748_00
42143,Barrington Public School,Barrington,NSW,2422,Primary,Gov,Open,Outer Regional,42143,49523,-31.9715,151.911,1143
42512,Barwon Learning Centre,Moree,NSW,2400,Special,Gov,Open,Outer Regional,42512,63773,-29.4821,149.842,5762
42144,Baryulgil Public School,Baryulgil,NSW,2460,Primary,Gov,Open,Outer Regional,42144,49683,-29.2235,152.606,1146
41567,Bass High School,Bass Hill,NSW,2197,Secondary,Gov,Open,Major Cities,41567,48570,-33.8979,150.989,8223
41362,Bass Hill Public School,Bass Hill,NSW,2197,Primary,Gov,Open,Major Cities,41362,48571,-33.9059,151.006,1148
42054,Bateau Bay Public School,Bateau Bay,NSW,2261,Primary,Gov,Open,Major Cities,42054,48725,-33.3918,151.476,4520
42935,Batemans Bay High School,Batehaven,NSW,2536,Secondary,Gov,Open,Inner Regional,42935,54942,-35.729,150.195,8581
42722,Batemans Bay Public School,Surfside,NSW,2536,Primary,Gov,Open,Inner Regional,42722,50056,-35.7001,150.188,1149
41126,Bates Drive School,Kareela,NSW,2232,Special,Gov,Open,Major Cities,41126,56161,-34.0222,151.085,5647
42943,Bathurst Public School,Bathurst,NSW,2795,Primary,Gov,Open,Inner Regional,42943,50975,-33.4209,149.571,1150
43067,Bathurst South Public School,Bathurst,NSW,2795,Primary,Gov,Open,Inner Regional,43067,50976,-33.4331,149.569,3847
43066,Bathurst West Public School,Bathurst,NSW,2795,Primary,Gov,Open,Inner Regional,43066,50977,-33.4118,149.559,3824
42540,Batlow Technology School,Batlow,NSW,2730,Combined,Gov,Open,Outer Regional,42540,46415,-35.523,148.147,1152
41828,Baulkham Hills High School,Baulkham Hills,NSW,2153,Secondary,Gov,Open,Major Cities,41828,47852,-33.7502,150.991,8464
41295,Baulkham Hills North Public School,Baulkham Hills,NSW,2153,Primary,Gov,Open,Major Cities,41295,47853,-33.7519,151,4377
52721,Bayanami Public School,Parramatta,NSW,2150,Primary,Gov,Open,Major Cities,52721,85786,-33.8096,151.002,4660
41268,Beacon Hill Public School,Beacon Hill,NSW,2100,Primary,Gov,Open,Major Cities,41268,47708,-33.7516,151.261,3971
41783,Beaumont Hills Public School,Beaumont Hills,NSW,2155,Primary,Gov,Open,Major Cities,41783,56691,-33.6978,150.946,4630
41266,Beaumont Road Public School,Killara,NSW,2071,Primary,Gov,Open,Major Cities,41266,47628,-33.7743,151.146,3956
41307,Beauty Point Public School,Mosman,NSW,2088,Primary,Gov,Open,Major Cities,41307,44412,-33.812,151.242,5212
42541,Beckom Public School,Beckom,NSW,2665,Primary,Gov,Closed,Outer Regional,42541,,-34.3272,146.963,1160
43210,Bede Polding College,South Windsor,NSW,2756,Secondary,Non-Gov,Open,Major Cities,43210,45541,-33.6315,150.796,05541_00
42944,Bedgerabong Public School,Bedgerabong,NSW,2871,Primary,Gov,Open,Outer Regional,42944,51098,-33.3614,147.679,1164
42145,Beechwood Public School,Wauchope,NSW,2446,Primary,Gov,Open,Inner Regional,42145,49643,-31.4355,152.681,1165
41198,Beecroft Public School,Beecroft,NSW,2119,Primary,Gov,Open,Major Cities,41198,47758,-33.7521,151.065,1166
42542,Beelbangera Public School,Beelbangera,NSW,2680,Primary,Gov,Open,Outer Regional,42542,50539,-34.2528,146.101,1167
42907,Bega High School,Bega,NSW,2550,Secondary,Gov,Open,Outer Regional,42907,50182,-36.6767,149.839,8165
42723,Bega Valley Public School,Bega,NSW,2550,Primary,Gov,Open,Outer Regional,42723,69739,-36.6705,149.839,1168
42039,Belair Public School,Adamstown,NSW,2289,Primary,Gov,Open,Major Cities,42039,49044,-32.9462,151.712,4370
52706,Bella Vista Public School,Bella Vista,NSW,2153,Primary,Gov,Open,Major Cities,52706,85772,-33.7265,150.954,4663
42853,Bellambi Public School,Bellambi,NSW,2518,Primary,Gov,Open,Major Cities,42853,49997,-34.3712,150.914,3979
42416,Bellata Public School,Bellata,NSW,2397,Primary,Gov,Open,Outer Regional,42416,49496,-29.9187,149.796,1175
41859,Bellbird Public School,Bellbird,NSW,2325,Primary,Gov,Open,Major Cities,41859,49208,-32.8594,151.317,1177
42146,Bellbrook Public School,Bellbrook,NSW,2440,Primary,Gov,Open,Outer Regional,42146,49608,-30.8191,152.509,1178
40993,Bellevue Hill Public School,Bellevue Hill,NSW,2023,Primary,Gov,Open,Major Cities,40993,45338,-33.887,151.26,1179
43726,Bellfield College,Rossmore,NSW,2557,Combined,Non-Gov,Open,Major Cities,43726,68145,-33.9417,150.765,77928_00
42385,Bellingen High School,Bellingen,NSW,2454,Secondary,Gov,Open,Inner Regional,42385,46362,-30.4551,152.908,8258
42148,Bellingen Public School,Bellingen,NSW,2454,Primary,Gov,Open,Inner Regional,42148,49676,-30.4535,152.892,1181
41860,Belltrees Public School,Belltrees,NSW,2337,Primary,Gov,Open,Outer Regional,41860,49335,-31.988753,151.129487,1182
44016,Belmont Christian College,Belmont North,NSW,2280,Combined,Non-Gov,Open,Major Cities,44016,43324,-33.0245,151.67,03324_00
42097,Belmont High School,Belmont,NSW,2280,Secondary,Gov,Open,Major Cities,42097,48739,-33.0262,151.662,8203
42002,Belmont North Public School,Belmont,NSW,2280,Primary,Gov,Open,Major Cities,42002,48740,-33.01987,151.671,3927
41861,Belmont Public School,Belmont,NSW,2280,Primary,Gov,Open,Major Cities,41861,57401,-33.0301,151.662,1183
41612,Belmore Boys High School,Belmore,NSW,2192,Secondary,Gov,Open,Major Cities,41612,46391,-33.9166,151.088,8804
41363,Belmore North Public School,Belmore,NSW,2192,Primary,Gov,Open,Major Cities,41363,48559,-33.9099,151.085,1185
41364,Belmore South Public School,Belmore,NSW,2192,Primary,Gov,Open,Major Cities,41364,48560,-33.9257,151.092,1186
41249,Belrose Public School,Belrose,NSW,2085,Primary,Gov,Open,Major Cities,41249,47679,-33.7272,151.217,3748
42724,Bemboka Public School,Bemboka,NSW,2550,Primary,Gov,Open,Outer Regional,42724,50185,-36.6313,149.571,1189
42418,Ben Lomond Public School,Ben Lomond,NSW,2365,Primary,Gov,Open,Outer Regional,42418,49414,-30.017,151.661,1196
42419,Ben Venue Public School,Armidale,NSW,2350,Primary,Gov,Open,Inner Regional,42419,49374,-30.5029,151.675,1198
42417,Bendemeer Public School,Bendemeer,NSW,2355,Primary,Gov,Open,Outer Regional,42417,49380,-30.887,151.151,1191
41717,Bennett Road Public School,Colyton,NSW,2760,Primary,Gov,Open,Major Cities,41717,50770,-33.7835,150.792,4285
41365,Berala Public School,Berala,NSW,2141,Primary,Gov,Open,Major Cities,41365,45498,-33.8697,151.028,1199
41862,Beresfield Public School,Beresfield,NSW,2322,Primary,Gov,Open,Major Cities,41862,49183,-32.8036,151.653,1201
41732,Beresford Road Public School,Greystanes,NSW,2145,Primary,Gov,Open,Major Cities,41732,47802,-33.8145,150.941,4405
42880,Berinba Public School,Yass,NSW,2582,Primary,Gov,Open,Inner Regional,42880,50276,-34.8431,148.915,4450
42725,Berkeley Public School,Berkeley,NSW,2506,Primary,Gov,Open,Major Cities,42725,49969,-34.4802,150.856,1202
41863,Berkeley Vale Public School,Berkeley Vale,NSW,2261,Primary,Gov,Open,Major Cities,41863,48706,-33.3505,151.436,1203
42864,Berkeley West Public School,Berkeley,NSW,2506,Primary,Gov,Open,Major Cities,42864,49975,-34.4755,150.841,4180
42726,Bermagui Public School,Bermagui,NSW,2546,Primary,Gov,Open,Outer Regional,42726,50178,-36.4208,150.064,1204
41199,Berowra Public School,Berowra,NSW,2081,Primary,Gov,Open,Major Cities,41199,47676,-33.6185,151.149,1205
42727,Berridale Public School,Berridale,NSW,2628,Primary,Gov,Open,Inner Regional,42727,50424,-36.3714,148.827,1206
42543,Berrigan Public School,Berrigan,NSW,2712,Primary,Gov,Open,Outer Regional,42543,50636,-35.6597,145.816,1207
42728,Berrima Public School,Berrima,NSW,2577,Primary,Gov,Open,Inner Regional,42728,50244,-34.4859,150.341,1209
42729,Berry Public School,Berry,NSW,2535,Primary,Gov,Open,Inner Regional,42729,50052,-34.7783,150.69,1211
41707,Bert Oldfield Public School,Seven Hills,NSW,2147,Primary,Gov,Open,Major Cities,41707,47821,-33.7775,150.925,4192
43204,Bethany Catholic Primary School,Glenmore Park,NSW,2745,Primary,Non-Gov,Open,Major Cities,43204,53988,-33.787,150.671,11834_00
43475,Bethany College,Hurstville,NSW,2220,Secondary,Non-Gov,Open,Major Cities,43475,53990,-33.9618,151.113,13990_00
43962,Bethel Christian School,Mount Druitt,NSW,2770,Combined,Non-Gov,Open,Major Cities,43962,42355,-33.7751,150.811,11638_00
43495,Bethlehem College,Ashfield,NSW,2131,Secondary,Non-Gov,Closed,Major Cities,43495,,-33.8856,151.125,10979_00
41534,Beverley Park School,Campbelltown,NSW,2560,Special,Gov,Open,Major Cities,41534,56163,-34.0622,150.824,5508
41573,Beverly Hills Girls High School,Beverly Hills,NSW,2209,Secondary,Gov,Open,Major Cities,41573,56164,-33.9477,151.078,8255
41438,Beverly Hills North Public School,Beverly Hills,NSW,2209,Primary,Gov,Open,Major Cities,41438,48600,-33.9406,151.075,3944
40994,Beverly Hills Public School,Beverly Hills,NSW,2209,Primary,Gov,Open,Major Cities,40994,48601,-33.9534,151.085,1215
42149,Bexhill Public School,Bexhill,NSW,2480,Primary,Gov,Open,Inner Regional,42149,49778,-28.766,153.346,1217
41029,Bexley North Public School,Bexley,NSW,2207,Primary,Gov,Open,Major Cities,41029,48592,-33.9408,151.12,2308
41131,Bexley Public School,Bexley,NSW,2207,Primary,Gov,Open,Major Cities,41131,48593,-33.9477,151.129,7406
43808,Bhaktivedanta Swami Gurukula School,Eungella,NSW,2484,Combined,Non-Gov,Open,Inner Regional,43808,43301,-28.358,153.323,03301_00
43736,Biala Special School,Ballina,NSW,2478,Special,Non-Gov,Open,Inner Regional,43736,43006,-28.8615,153.562,77024_00
42028,Biddabah Public School,Warners Bay,NSW,2282,Primary,Gov,Open,Major Cities,42028,45542,-32.9661,151.642,4206
41752,Bidwill Public School,Bidwill,NSW,2770,Primary,Gov,Open,Major Cities,41752,50792,-33.7335,150.826,4480
42731,Bigga Public School,Bigga,NSW,2583,Primary,Gov,Open,Outer Regional,42731,50416,-34.0847,149.145,1223
42150,Bilambil Public School,Bilambil,NSW,2486,Primary,Gov,Open,Major Cities,42150,49923,-28.2237,153.468,1224
41292,Bilgola Plateau Public School,Bilgola Plateau,NSW,2107,Primary,Gov,Open,Major Cities,41292,47726,-33.644,151.313,4359
42713,Billabong High School,Culcairn,NSW,2660,Secondary,Gov,Open,Inner Regional,42713,50513,-35.6609,147.044,8503
41616,Bilpin Public School,Bilpin,NSW,2758,Primary,Gov,Open,Inner Regional,41616,50761,-33.4973,150.517,1228
42545,Binalong Public School,Binalong,NSW,2584,Primary,Gov,Open,Inner Regional,42545,50282,-34.6701,148.626,1230
42732,Binda Public School,Binda,NSW,2583,Primary,Gov,Open,Outer Regional,42732,50417,-34.3315,149.368,1231
42420,Bingara Central School,Bingara,NSW,2404,Combined,Gov,Open,Outer Regional,42420,49506,-29.8667,150.567,1234
42945,Binnaway Central School,Binnaway,NSW,2395,Combined,Gov,Open,Outer Regional,42945,56165,-31.5528,149.375,1237
42546,Binya Public School,Binya,NSW,2665,Primary,Gov,Open,Outer Regional,42546,50523,-34.2287,146.353,1238
42008,Biraban Public School,Toronto,NSW,2283,Primary,Gov,Open,Major Cities,42008,48965,-33.0084,151.576,3988
40995,Birchgrove Public School,Balmain,NSW,2041,Primary,Gov,Open,Major Cities,40995,45798,-33.853,151.177,1240
41564,Birrong Boys High School,Birrong,NSW,2143,Secondary,Gov,Open,Major Cities,41564,47795,-33.894,151.025,8213
41614,Birrong Girls High School,Birrong,NSW,2143,Secondary,Gov,Open,Major Cities,41614,47796,-33.8895,151.026,8854
41449,Birrong Public School,Birrong,NSW,2143,Primary,Gov,Open,Major Cities,41449,47797,-33.8956,151.02,4057
43963,Bishop Druitt College,Coffs Harbour,NSW,2450,Combined,Non-Gov,Open,Inner Regional,43963,53426,-30.3085,153.085,77026_00
44011,Bishop Tyrrell Anglican College,Fletcher,NSW,2287,Combined,Non-Gov,Open,Major Cities,44011,56520,-32.8734,151.646,77714_00
41864,Black Hill Public School,Black Hill,NSW,2322,Primary,Gov,Open,Major Cities,41864,49186,-32.8385,151.617,1247
42421,Black Mountain Public School,Black Mountain,NSW,2365,Primary,Gov,Open,Inner Regional,42421,49415,-30.3085,151.658,1249
43074,Black Springs Public School,Black Springs,NSW,2787,Primary,Gov,Open,Inner Regional,43074,50883,-33.8457,149.742,4190
42006,Blackalls Park Public School,Blackalls Park,NSW,2283,Primary,Gov,Open,Major Cities,42006,48966,-32.9984,151.578,3966
41746,Blackett Public School,Blackett,NSW,2770,Primary,Gov,Open,Major Cities,41746,50794,-33.7396,150.816,4453
41617,Blackheath Public School,Blackheath,NSW,2785,Primary,Gov,Open,Inner Regional,41617,50873,-33.6393,150.286,1246
42026,Blacksmiths Public School,Blacksmiths,NSW,2281,Primary,Gov,Open,Major Cities,42026,48956,-33.0722,151.654,4197
41812,Blacktown Boys High School,Blacktown,NSW,2148,Secondary,Gov,Open,Major Cities,41812,47827,-33.7621,150.913,8244
41808,Blacktown Girls High School,Blacktown,NSW,2148,Secondary,Gov,Open,Major Cities,41808,47828,-33.762,150.911,8224
41694,Blacktown North Public School,Blacktown,NSW,2148,Primary,Gov,Open,Major Cities,41694,47829,-33.7588,150.913,4061
41708,Blacktown South Public School,Blacktown,NSW,2148,Primary,Gov,Open,Major Cities,41708,47830,-33.7802,150.905,4193
41698,Blacktown West Public School,Blacktown,NSW,2148,Primary,Gov,Open,Major Cities,41698,47832,-33.7704,150.893,4116
40644,Blacktown Youth College Incorporated,Hebersham,NSW,2770,Special,Non-Gov,Open,Major Cities,40644,55988,-33.7375,150.826,77821_00
40965,Blacktown Youth College - Lawson Campus,Lawson,NSW,2783,Special,Non-Gov,Open,Major Cities,40644,88681,-33.719,150.4327291,77821_03
42422,Blackville Public School,Blackville,NSW,2343,Primary,Gov,Open,Outer Regional,42422,49362,-31.6404,150.237,1252
41766,Blackwell Public School,St Clair,NSW,2759,Primary,Gov,Open,Major Cities,41766,56176,-33.8063,150.783,4559
41503,Blairmount Public School,Blairmount,NSW,2559,Primary,Gov,Open,Major Cities,41503,56166,-34.048,150.802,4535
42152,Blakebrook Public School,Blakebrook,NSW,2480,Primary,Gov,Open,Inner Regional,42152,49780,-28.7634,153.23,1254
41158,Blakehurst High School,Blakehurst,NSW,2221,Secondary,Gov,Open,Major Cities,41158,44403,-33.9804,151.113,8236
40996,Blakehurst Public School,Blakehurst,NSW,2221,Primary,Gov,Open,Major Cities,40996,56167,-33.983,151.116,1255
41865,Blandford Public School,Blandford,NSW,2338,Primary,Gov,Open,Outer Regional,41865,49340,-31.7786,150.893,1256
41366,Blaxcell Street Public School,Granville,NSW,2142,Primary,Gov,Open,Major Cities,41366,47791,-33.858,151.006,1257
41720,Blaxland East Public School,Blaxland East,NSW,2774,Primary,Gov,Open,Major Cities,41720,50836,-33.7469,150.624,4313
41836,Blaxland High School,Blaxland,NSW,2774,Secondary,Gov,Open,Major Cities,41836,50838,-33.7542,150.609,8522
41618,Blaxland Public School,Blaxland,NSW,2774,Primary,Gov,Open,Major Cities,41618,45309,-33.7371,150.603,1258
43114,Blayney High School,Blayney,NSW,2799,Secondary,Gov,Open,Inner Regional,43114,50998,-33.531,149.251,8357
42946,Blayney Public School,Blayney,NSW,2799,Primary,Gov,Open,Inner Regional,42946,50999,-33.529,149.252,1260
43384,Blessed Sacrament Catholic Primary School,Clifton Gardens,NSW,2088,Primary,Non-Gov,Open,Major Cities,43384,41322,-33.8351,151.245,77027_00
43089,Bletchington Public School,Orange,NSW,2800,Primary,Gov,Open,Inner Regional,43089,51001,-33.2685,149.104,5265
41773,Bligh Park Public School,Bligh Park,NSW,2756,Primary,Gov,Open,Major Cities,41773,54949,-33.6391,150.795,4585
42547,Blighty Public School,Blighty,NSW,2713,Primary,Gov,Open,Outer Regional,42547,50637,-35.5801,145.349,1261
53041,Blue Gum Community School,Hornsby,NSW,2077,Primary,Non-Gov,Open,Major Cities,53041,86686,-33.70231816,151.0905918,78021_00
42070,Blue Haven Public School,Blue Haven,NSW,2262,Primary,Gov,Open,Major Cities,42070,55983,-33.2125,151.503,4623
43778,Blue Hills College,Goonellabah,NSW,2480,Combined,Non-Gov,Open,Inner Regional,43778,42000,-28.8247,153.355,11535_00
43964,Blue Mountains Grammar School,Wentworth Falls,NSW,2782,Combined,Non-Gov,Open,Major Cities,43964,41323,-33.7085,150.371,10983_00
40920,Blue Mountains Grammar Preparatory School campus,Valley Heights,NSW,2777,Primary,Non-Gov,Open,Major Cities,43964,77433,-33.7037,150.578,10983_01
43754,Blue Mountains Steiner School,Hazelbrook,NSW,2779,Primary,Non-Gov,Open,Major Cities,43754,44215,-33.7216,150.468,77028_00
42153,Boambee Public School,Boambee,NSW,2450,Primary,Gov,Open,Inner Regional,42153,49654,-30.3341,153.077,1266
42154,Bobin Public School,Bobin,NSW,2429,Primary,Gov,Open,Outer Regional,42154,49539,-31.7127,152.284,1269
41866,Bobs Farm Public School,Bobs Farm,NSW,2316,Primary,Gov,Open,Inner Regional,41866,49128,-32.7668,152.011,1271
42733,Bodalla Public School,Bodalla,NSW,2545,Primary,Gov,Open,Outer Regional,42733,50175,-36.0994,150.054,1272
42947,Bogan Gate Public School,Bogan Gate,NSW,2876,Primary,Gov,Open,Outer Regional,42947,51105,-33.1056,147.798,1274
42362,Bogangar Public School,Bogangar,NSW,2488,Primary,Gov,Open,Major Cities,42362,57209,-28.3382,153.572,4632
42423,Boggabilla Central School,Boggabilla,NSW,2409,Combined,Gov,Open,Outer Regional,42423,54959,-28.6166,150.362,1275
42424,Boggabri Public School,Boggabri,NSW,2382,Primary,Gov,Open,Outer Regional,42424,49487,-30.7057,150.043,1276
41867,Bolwarra Public School,Bolwarra,NSW,2320,Primary,Gov,Open,Major Cities,41867,49156,-32.7074,151.571,1286
42920,Bomaderry High School,Bomaderry,NSW,2541,Secondary,Gov,Open,Inner Regional,42920,46500,-34.844,150.603,8448
42734,Bomaderry Public School,Bomaderry,NSW,2541,Primary,Gov,Open,Inner Regional,42734,50168,-34.8474,150.608,1287
42926,Bombala High School,Bombala,NSW,2632,Secondary,Gov,Open,Outer Regional,42926,46374,-36.9176,149.232,8486
42735,Bombala Public School,Bombala,NSW,2632,Primary,Gov,Open,Outer Regional,42735,50436,-36.919,149.234,1288
42155,Bonalbo Central School,Bonalbo,NSW,2469,Combined,Gov,Open,Outer Regional,42155,46443,-28.7355,152.624,1290
40997,Bondi Beach Public School,Bondi Beach,NSW,2026,Primary,Gov,Open,Major Cities,40997,44421,-33.8883,151.277,1292
41132,Bondi Public School,Bondi,NSW,2026,Primary,Gov,Open,Major Cities,41132,46924,-33.8926,151.265,7407
42548,Bongongo Public School,Adjungbilly,NSW,2727,Primary,Gov,Open,Outer Regional,42548,50666,-35.0846,148.4,1293
41934,Bonnells Bay Public School,Bonnells Bay,NSW,2264,Primary,Gov,Open,Major Cities,41934,48733,-33.1145,151.517,2532
41108,Bonnet Bay Public School,Bonnet Bay,NSW,2226,Primary,Gov,Open,Major Cities,41108,46138,-34.0126,151.056,4507
41515,Bonnyrigg Heights Public School,Bonnyrigg Heights,NSW,2177,Primary,Gov,Open,Major Cities,41515,54674,-33.8894,150.868,4594
41574,Bonnyrigg High School,Bonnyrigg,NSW,2177,Secondary,Gov,Open,Major Cities,41574,46381,-33.895,150.893,8260
41506,Bonnyrigg Public School,Bonnyrigg,NSW,2177,Primary,Gov,Open,Major Cities,41506,48554,-33.8877,150.889,4545
42425,Bonshaw Public School,Bonshaw,NSW,2361,Primary,Gov,Open,Outer Regional,42425,56154,-29.0464,151.278,1296
42156,Bonville Public School,Bonville,NSW,2450,Primary,Gov,Open,Inner Regional,42156,49630,-30.3798,153.032,1297
41868,Boolaroo Public School,Boolaroo,NSW,2284,Primary,Gov,Open,Major Cities,41868,48988,-32.9512,151.623,1302
42549,Booligal Public School,Booligal,NSW,2711,Primary,Gov,Closed,Remote,42549,,-33.867,144.886,1303
42426,Boomi Public School,Boomi,NSW,2405,Primary,Gov,Open,Remote,42426,49508,-28.7241,149.577,1307
42011,Booragul Public School,Booragul,NSW,2284,Primary,Gov,Open,Major Cities,42011,48993,-32.9739,151.612,4017
42157,Booral Public School,Booral,NSW,2425,Primary,Gov,Open,Inner Regional,42157,49532,-32.4714,151.961,1311
42736,Boorowa Central School,Boorowa,NSW,2586,Combined,Gov,Open,Inner Regional,42736,50284,-34.4367,148.726,1313
43761,Border Christian College,Thurgoona,NSW,2640,Combined,Non-Gov,Open,Inner Regional,43761,42001,-36.0398,146.981,11536_00
42550,Boree Creek Public School,Boree Creek,NSW,2652,Primary,Gov,Open,Outer Regional,42550,50494,-35.1059,146.606,1318
43059,Borenore Public School,Borenore,NSW,2800,Primary,Gov,Open,Inner Regional,43059,51002,-33.251,148.984,3504
41200,Boronia Park Public School,Hunters Hill,NSW,2110,Primary,Gov,Open,Major Cities,41200,47730,-33.8214,151.136,1320
41609,Bossley Park High School,Bossley Park,NSW,2176,Secondary,Gov,Open,Major Cities,41609,54943,-33.8662,150.884,8582
41367,Bossley Park Public School,Bossley Park,NSW,2176,Primary,Gov,Open,Major Cities,41367,48551,-33.8574,150.883,1321
40998,Botany Public School,Botany,NSW,2019,Primary,Gov,Open,Major Cities,40998,46494,-33.9432,151.195,1323
43112,Bourke High School,Bourke,NSW,2840,Secondary,Gov,Open,Very Remote,43112,46449,-30.0915,145.949,8355
42948,Bourke Public School,Bourke,NSW,2840,Primary,Gov,Open,Very Remote,42948,51062,-30.0935,145.95,1326
41133,Bourke Street Public School,Surry Hills,NSW,2010,Primary,Gov,Open,Major Cities,41133,45324,-33.8905,151.216,7408
43087,Bourke-Walgett School of Distance Education,Bourke,NSW,2840,Primary,Gov,Open,Very Remote,43087,64735,-30.0936,145.949,4644
40745,Bournda Environmental Education Centre,Kalaru,NSW,2550,Combined,Gov,Open,Outer Regional,40745,64077,-36.791,149.927,5679
43082,Bowen Public School,Orange,NSW,2800,Primary,Gov,Open,Inner Regional,43082,56177,-33.2807,149.117,4538
42737,Bowning Public School,Bowning,NSW,2582,Primary,Gov,Open,Inner Regional,42737,50277,-34.7694,148.812,1334
42904,Bowral High School,Bowral,NSW,2576,Secondary,Gov,Open,Inner Regional,42904,50239,-34.4888,150.423,8104
42738,Bowral Public School,Bowral,NSW,2576,Primary,Gov,Open,Inner Regional,42738,50240,-34.4812,150.419,1335
42159,Bowraville Central School,Bowraville,NSW,2449,Combined,Gov,Open,Inner Regional,42159,46363,-30.6453,152.854,1336
41482,Bradbury Public School,Bradbury,NSW,2560,Primary,Gov,Open,Major Cities,41482,50198,-34.0863,150.814,4403
41758,Braddock Public School,Cranebrook,NSW,2749,Primary,Gov,Open,Major Cities,41758,50683,-33.7225,150.708,4525
40637,Bradfield College,St Leonards,NSW,2065,Secondary,Gov,Open,Major Cities,40637,55386,-33.8205,151.188,8599
42876,Bradfordville Public School,Goulburn,NSW,2580,Primary,Gov,Open,Inner Regional,42876,50252,-34.7235,149.74,4406
42739,Braidwood Central School,Braidwood,NSW,2622,Combined,Gov,Open,Inner Regional,42739,50415,-35.4406,149.799,1340
41869,Branxton Public School,Branxton,NSW,2335,Primary,Gov,Open,Inner Regional,41869,49331,-32.6594,151.351,1341
42740,Breadalbane Public School,Breadalbane,NSW,2581,Primary,Gov,Open,Inner Regional,42740,50272,-34.7905,149.488,1345
42741,Bredbo Public School,Bredbo,NSW,2626,Primary,Gov,Open,Inner Regional,42741,50422,-35.954,149.148,1347
42949,Brewarrina Central School,Brewarrina,NSW,2839,Combined,Gov,Open,Very Remote,42949,46450,-29.9637,146.859,1350
53161,Brewarrina Christian School,Gongolgon,NSW,2839,Combined,Non-Gov,Open,Very Remote,53161,88512,-30.38106698,146.9065808,78243_00
40746,Brewongle Environmental Education Centre,Sackville North,NSW,2756,Combined,Gov,Open,Inner Regional,40746,64078,-33.4817,150.892,5694
41484,Briar Road Public School,Campbelltown,NSW,2560,Primary,Gov,Open,Major Cities,41484,50199,-34.0891,150.828,4458
42551,Bribbaree Public School,Bribbaree,NSW,2594,Primary,Gov,Open,Outer Regional,42551,50295,-34.1204,147.875,1354
40648,Bridge Road School,Camperdown,NSW,2050,Special,Gov,Open,Major Cities,40648,56178,-33.8874,151.175,5540
40999,Brighton-Le-Sands Public School,Brighton-Le-Sands,NSW,2216,Primary,Gov,Open,Major Cities,40999,56179,-33.9624,151.149,1358
43893,Brightwaters Christian College,Brightwaters,NSW,2264,Combined,Non-Gov,Open,Major Cities,43893,58090,-33.1132,151.543,77824_00
43481,Brigidine College Randwick,Randwick,NSW,2031,Secondary,Non-Gov,Open,Major Cities,43481,41328,-33.9192,151.244,10987_00
43682,Brigidine College St Ives,St Ives,NSW,2075,Secondary,Non-Gov,Open,Major Cities,43682,41326,-33.7216,151.173,10985_00
41368,Bringelly Public School,Bringelly,NSW,2556,Primary,Gov,Open,Inner Regional,41368,48547,-33.9379,150.73,1360
42106,Brisbane Water Secondary College Umina Campus,Umina Beach,NSW,2257,Secondary,Gov,Open,Major Cities,42106,8704,-33.5074,151.308,8513
40440,Brisbane Water Secondary College Woy Woy Campus,Woy Woy,NSW,2256,Secondary,Gov,Open,Major Cities,40440,46489,-33.4927,151.324,8374
41871,Brisbania Public School,Saratoga,NSW,2251,Primary,Gov,Open,Major Cities,41871,48671,-33.4788,151.357,1498
42160,Broadwater Public School,Broadwater,NSW,2472,Primary,Gov,Open,Inner Regional,42160,49747,-29.0028,153.437,1361
42552,Brocklesby Public School,Brocklesby,NSW,2642,Primary,Gov,Open,Inner Regional,42552,50451,-35.8239,146.678,1363
41535,Broderick Gillawarna School,Revesby,NSW,2212,Special,Gov,Open,Major Cities,41535,45851,-33.9425,151.016,5529
41870,Broke Public School,Broke,NSW,2330,Primary,Gov,Open,Inner Regional,41870,49314,-32.745,151.104,1367
43098,Broken Hill High School,Broken Hill,NSW,2880,Secondary,Gov,Open,Outer Regional,43098,46480,-31.9601,141.457,8105
42951,Broken Hill North Public School,Broken Hill,NSW,2880,Primary,Gov,Open,Outer Regional,42951,51110,-31.9439,141.472,1371
42950,Broken Hill Public School,Broken Hill,NSW,2880,Primary,Gov,Open,Outer Regional,42950,51111,-31.9565,141.457,1369
41000,Bronte Public School,Bronte,NSW,2024,Primary,Gov,Open,Major Cities,41000,46923,-33.9006,151.262,1372
42063,Brooke Avenue Public School,Killarney Vale,NSW,2261,Primary,Gov,Open,Major Cities,42063,55110,-33.3761,151.466,4566
41201,Brooklyn Public School,Brooklyn,NSW,2083,Primary,Gov,Open,Inner Regional,41201,48694,-33.5484,151.215,1377
41202,Brookvale Public School,Brookvale,NSW,2100,Primary,Gov,Open,Major Cities,41202,47709,-33.7617,151.271,1379
43697,Broughton Anglican College,Menangle Park,NSW,2563,Combined,Non-Gov,Open,Major Cities,43697,45492,-34.0997,150.768,05492_00
42891,Broulee Public School,Broulee,NSW,2537,Primary,Gov,Open,Inner Regional,42891,54741,-35.8452,150.172,4612
42553,Brungle Public School,Brungle,NSW,2722,Primary,Gov,Open,Inner Regional,42553,56180,-35.1568,148.234,1387
42161,Brunswick Heads Public School,Brunswick Heads,NSW,2483,Primary,Gov,Open,Inner Regional,42161,49909,-28.5413,153.551,1389
42903,Budawang School,Milton,NSW,2538,Special,Gov,Open,Inner Regional,42903,56181,-35.32214714,150.4418708,5749
42023,Budgewoi Public School,Budgewoi,NSW,2262,Primary,Gov,Open,Major Cities,42023,48730,-33.2257,151.549,4183
42162,Bulahdelah Central School,Bulahdelah,NSW,2423,Combined,Gov,Open,Inner Regional,42162,46431,-32.4134,152.212,1402
42503,Bullarah Public School,Bullarah,NSW,2400,Primary,Gov,Open,Remote,42503,49498,-29.4709,149.229,4228
42938,Bulli High School,Bulli,NSW,2516,Secondary,Gov,Open,Major Cities,42938,49990,-34.3372,150.921,8878
42742,Bulli Public School,Bulli,NSW,2516,Primary,Gov,Open,Major Cities,42742,49992,-34.327,150.913,1411
42508,Bullimbal School,South Tamworth,NSW,2340,Special,Gov,Open,Inner Regional,42508,56172,-31.10616,150.919,5569
42743,Bundanoon Public School,Bundanoon,NSW,2578,Primary,Gov,Open,Inner Regional,42743,50251,-34.6579,150.3,1414
42427,Bundarra Central School,Bundarra,NSW,2359,Combined,Gov,Open,Outer Regional,42427,49397,-30.1684,151.078,1415
41064,Bundeena Public School,Bundeena,NSW,2230,Primary,Gov,Open,Inner Regional,41064,46139,-34.0868,151.152,3765
53158,Bungendore High School,Bungendore,NSW,2621,Secondary,Gov,Open,Inner Regional,53158,88427,-35.25488009,149.4457907,8919
42744,Bungendore Public School,Bungendore,NSW,2621,Primary,Gov,Open,Inner Regional,42744,50413,-35.2556,149.445,1421
42163,Bungwahl Public School,Bungwahl,NSW,2423,Primary,Gov,Open,Inner Regional,42163,49529,-32.3891,152.449,1424
43086,Buninyong Public School,Dubbo,NSW,2830,Primary,Gov,Open,Inner Regional,43086,55824,-32.2432,148.639,4616
42554,Bunnaloo Public School,Bunnaloo,NSW,2731,Primary,Gov,Open,Outer Regional,42554,50674,-35.7864,144.598,1425
42952,Burke Ward Public School,Broken Hill,NSW,2880,Primary,Gov,Open,Outer Regional,42952,51112,-31.9604,141.441,1432
41620,Burnside Public School,North Parramatta,NSW,2151,Primary,Gov,Open,Major Cities,41620,56153,-33.7926,151.018,1433
42967,Buronga Public School,Buronga,NSW,2739,Primary,Gov,Open,Outer Regional,42967,44959,-34.1695,142.181,1688
43968,Burrabadine Christian Community School,Dubbo,NSW,2830,Combined,Non-Gov,Open,Outer Regional,43968,54815,-32.1969,148.535,77594_00
41097,Burraneer Bay Public School,Cronulla,NSW,2230,Primary,Gov,Open,Major Cities,41097,48658,-34.0514,151.132,4259
42745,Burrawang Public School,Burrawang,NSW,2577,Primary,Gov,Open,Inner Regional,42745,50245,-34.5928,150.516,1445
42428,Burren Junction Public School,Burren Junction,NSW,2386,Primary,Gov,Open,Remote,42428,49491,-30.1027,148.965,1447
42164,Burringbar Public School,Burringbar,NSW,2483,Primary,Gov,Open,Inner Regional,42164,49910,-28.4366,153.467,1449
42555,Burrumbuttock Public School,Burrumbuttock,NSW,2642,Primary,Gov,Open,Inner Regional,42555,50452,-35.8375,146.8,1453
41153,Burwood Girls High School,Croydon,NSW,2132,Secondary,Gov,Open,Major Cities,41153,47776,-33.8753,151.113,8152
41369,Burwood Public School,Burwood,NSW,2134,Primary,Gov,Open,Major Cities,41369,47779,-33.8768,151.099,1455
41474,Busby Public School,Busby,NSW,2168,Primary,Gov,Open,Major Cities,41474,48525,-33.9116,150.881,4337
41481,Busby West Public School,Green Valley,NSW,2168,Primary,Gov,Open,Major Cities,41481,48526,-33.9061,150.874,4396
41370,Buxton Public School,Buxton,NSW,2571,Primary,Gov,Open,Inner Regional,41370,50229,-34.247,150.545,1460
42404,Byron Bay High School,Byron Bay,NSW,2481,Secondary,Gov,Open,Inner Regional,42404,56182,-28.6676,153.616,8577
42166,Byron Bay Public School,Byron Bay,NSW,2481,Primary,Gov,Open,Inner Regional,42166,49903,-28.6474,153.615,1470
43833,Byron Community Primary School,Byron Bay,NSW,2481,Primary,Non-Gov,Open,Inner Regional,43833,53276,-28.6478,153.615,77030_00
42167,Cabbage Tree Island Public School,Cabbage Tree Island,NSW,2477,Primary,Gov,Open,Inner Regional,42167,49762,-28.947741,153.458,1471
41563,Cabramatta High School,Cabramatta,NSW,2166,Secondary,Gov,Open,Major Cities,41563,46383,-33.9014,150.929,8209
41371,Cabramatta Public School,Cabramatta,NSW,2166,Primary,Gov,Open,Major Cities,41371,48163,-33.8958,150.943,1472
41441,Cabramatta West Public School,Cabramatta,NSW,2166,Primary,Gov,Open,Major Cities,41441,48164,-33.8963,150.923,3980
41780,Caddies Creek Public School,Glenwood,NSW,2768,Primary,Gov,Open,Major Cities,41780,57593,-33.7363,150.926,4615
41122,Cairnsfoot School,Brighton-Le-Sands,NSW,2216,Special,Gov,Open,Major Cities,41122,56183,-33.9546,151.152,5606
43080,Calare Public School,Orange,NSW,2800,Primary,Gov,Open,Inner Regional,43080,51003,-33.2869,149.079,4380
42366,Caldera School,Tweed Heads South,NSW,2486,Special,Gov,Open,Major Cities,42366,57879,-28.2077,153.539,5573
43770,Calderwood Christian School,Albion Park,NSW,2527,Combined,Non-Gov,Open,Major Cities,43770,77224,-34.5568,150.756,77628_00
40530,Callaghan College Jesmond Senior Campus,Jesmond,NSW,2299,Secondary,Gov,Open,Major Cities,40530,49115,-32.9015,151.696,8880
42101,Callaghan College Wallsend Campus,Wallsend,NSW,2287,Secondary,Gov,Open,Major Cities,42101,9028,-32.893,151.669,8259
42122,Callaghan College Waratah Campus,Waratah,NSW,2298,Secondary,Gov,Open,Major Cities,42122,6441,-32.905,151.729,8508
42893,Callala Public School,Callala Bay,NSW,2540,Primary,Gov,Open,Inner Regional,42893,56626,-34.996,150.714,4626
40672,Calrossy Anglican School,Tamworth,NSW,2340,Secondary,Non-Gov,Open,Inner Regional,40672,77660,-31.0572,150.912,77707_00
52304,Calrossy Anglican School - Simpson House Campus,Tamworth,NSW,2340,Secondary,Non-Gov,Open,Inner Regional,40672,,-31.0744,150.919,77707_06
52305,Calrossy Anglican School - Tangara Campus,Wallamore (Tamworth),NSW,2340,Secondary,Non-Gov,Open,Inner Regional,40672,,-31.0933,150.936,77707_04
52728,Calrossy Anglican School - William Cowper Campus,Tamworth,NSW,2340,Combined,Non-Gov,Open,Inner Regional,40672,56588,-31.0573,150.911,77707_02
42746,Cambewarra Public School,Cambewarra,NSW,2540,Primary,Gov,Open,Inner Regional,42746,50068,-34.8215,150.556,1481
41755,Cambridge Gardens Public School,Cambridge Park,NSW,2747,Primary,Gov,Open,Major Cities,41755,56184,-33.7372,150.722,4484
41835,Cambridge Park High School,Cambridge Park,NSW,2747,Secondary,Gov,Open,Major Cities,41835,50685,-33.7522,150.733,8516
41693,Cambridge Park Public School,Cambridge Park,NSW,2747,Primary,Gov,Open,Major Cities,41693,50687,-33.747,150.726,4060
42386,Camden Haven High School,Laurieton,NSW,2443,Secondary,Gov,Open,Inner Regional,42386,56625,-31.6394,152.736,8280
41566,Camden High School,Camden,NSW,2570,Secondary,Gov,Open,Major Cities,41566,50219,-34.0793,150.676,8217
40747,Camden Park Environmental Education Centre,Menangle,NSW,2568,Combined,Gov,Open,Major Cities,40747,64079,-34.12,150.71,5429
41372,Camden Public School,Camden,NSW,2570,Primary,Gov,Open,Major Cities,41372,50220,-34.052,150.693,1482
41465,Camden South Public School,Camden,NSW,2570,Primary,Gov,Open,Major Cities,41465,50221,-34.0697,150.696,4286
41001,Camdenville Public School,Newtown,NSW,2042,Primary,Gov,Open,Major Cities,41001,47591,-33.9061,151.176,1483
40844,Cameragal Montessori School,North Sydney,NSW,2060,Primary,Non-Gov,Open,Major Cities,40844,77656,-33.8334,151.2074348,05630_00
40977,"Cameragal Montessori School, Lavender Bay Campus",North Sydney,NSW,2060,Primary,Non-Gov,Closed,Major Cities,40844,77578,-33.8428,151.208,05630_01
52725,"Cameragal Montessori School, Neutral Bay Campus",Neutral Bay,NSW,2089,Primary,Non-Gov,Open,Major Cities,40844,68875,-33.8333,151.216,05630_03
53276,"Cameragal Montessori School, North Sydney Campus",North Sydney,NSW,2060,Primary,Non-Gov,Open,Major Cities,40844,,-33.833436,151.215825,05630_04
41203,Cammeray Public School,Cammeray,NSW,2062,Primary,Gov,Open,Major Cities,41203,47611,-33.8204,151.212,1485
51454,Cammeraygal High School,Crows Nest,NSW,2065,Secondary,Gov,Open,Major Cities,51454,70230,-33.8317,151.203,8910
41547,Campbell House School,Glenfield,NSW,2167,Special,Gov,Open,Major Cities,41547,56168,-33.9682,150.882,5735
41493,Campbellfield Public School,Minto,NSW,2566,Primary,Gov,Open,Major Cities,41493,56199,-34.0377,150.847,4490
41463,Campbelltown East Public School,Campbelltown,NSW,2560,Primary,Gov,Open,Major Cities,41463,50200,-34.0723,150.832,4277
41456,Campbelltown North Public School,Campbelltown,NSW,2560,Primary,Gov,Open,Major Cities,41456,50202,-34.0612,150.827,4126
41558,Campbelltown Performing Arts High School,Campbelltown,NSW,2560,Secondary,Gov,Open,Major Cities,41558,50201,-34.0601,150.823,8180
41373,Campbelltown Public School,Campbelltown,NSW,2560,Primary,Gov,Open,Major Cities,41373,50203,-34.0701,150.816,1486
41374,Campsie Public School,Campsie,NSW,2194,Primary,Gov,Open,Major Cities,41374,48564,-33.9119,151.105,1488
42747,Candelo Public School,Candelo,NSW,2550,Primary,Gov,Open,Outer Regional,42747,50186,-36.7684,149.696,1490
42168,Caniaba Public School,Lismore,NSW,2480,Primary,Gov,Open,Inner Regional,42168,49783,-28.8308,153.231,1492
41443,Canley Heights Public School,Canley Heights,NSW,2166,Primary,Gov,Open,Major Cities,41443,48516,-33.8848,150.923,3983
41583,Canley Vale High School,Canley Vale,NSW,2166,Secondary,Gov,Open,Major Cities,41583,46466,-33.8846,150.952,8393
41375,Canley Vale Public School,Canley Vale,NSW,2166,Primary,Gov,Open,Major Cities,41375,48517,-33.8868,150.938,1494
42954,Canobolas Public School,Orange,NSW,2800,Primary,Gov,Open,Inner Regional,42954,51004,-33.3059,149.046,1495
43116,Canobolas Rural Technology High School,Orange,NSW,2800,Secondary,Gov,Open,Inner Regional,43116,46343,-33.2908,149.122,8444
43123,Canowindra High School,Canowindra,NSW,2804,Secondary,Gov,Open,Inner Regional,43123,51018,-33.5576,148.671,8518
43095,Canowindra Public School,Canowindra,NSW,2804,Primary,Gov,Open,Inner Regional,43095,51019,-33.5667,148.665,7301
41147,Canterbury Boys High School,Canterbury,NSW,2193,Secondary,Gov,Open,Major Cities,41147,46392,-33.904178,151.123,8107
41187,Canterbury Girls High School,Canterbury,NSW,2193,Secondary,Gov,Open,Major Cities,41187,46393,-33.9073,151.123,8806
41002,Canterbury Public School,Canterbury,NSW,2193,Primary,Gov,Open,Major Cities,41002,48561,-33.9088,151.122,1497
41116,Canterbury South Public School,Canterbury,NSW,2193,Primary,Gov,Open,Major Cities,41116,48562,-33.9178,151.116,5109
41550,Canterbury Vale School,Lakemba,NSW,2195,Special,Gov,Open,Major Cities,41550,63770,-33.9157,151.075,5759
43779,Cape Byron Rudolf Steiner School,Byron Bay,NSW,2481,Combined,Non-Gov,Open,Inner Regional,43779,46751,-28.6552,153.567,06751_00
42955,Capertee Public School,Capertee,NSW,2846,Primary,Gov,Open,Inner Regional,42955,51069,-33.1471,149.986,1501
42748,Captains Flat Public School,Captains Flat,NSW,2623,Primary,Gov,Open,Inner Regional,42748,50414,-35.588,149.449,1502
42956,Caragabal Public School,Caragabal,NSW,2810,Primary,Gov,Open,Outer Regional,42956,51025,-33.8453,147.744,1503
42957,Carcoar Public School,Carcoar,NSW,2791,Primary,Gov,Open,Inner Regional,42957,50966,-33.6123,149.142,1504
42136,Cardiff High School,Cardiff,NSW,2285,Secondary,Gov,Open,Major Cities,42136,48999,-32.9514,151.67,8903
42073,Cardiff North Public School,Cardiff,NSW,2285,Primary,Gov,Open,Major Cities,42073,49002,-32.9369,151.665,5260
41872,Cardiff Public School,Cardiff,NSW,2285,Primary,Gov,Open,Major Cities,41872,49003,-32.9458,151.658,1505
41998,Cardiff South Public School,Cardiff South,NSW,2285,Primary,Gov,Open,Major Cities,41998,49005,-32.9538,151.665,3895
43092,Carenne School,Bathurst,NSW,2795,Special,Gov,Open,Inner Regional,43092,56200,-33.426,149.566,5610
42958,Cargo Public School,Cargo,NSW,2800,Primary,Gov,Open,Outer Regional,42958,51005,-33.4276,148.808,1506
42959,Carinda Public School,Carinda,NSW,2831,Primary,Gov,Open,Remote,42959,51046,-30.4619,147.688,1507
41159,Caringbah High School,Caringbah,NSW,2229,Secondary,Gov,Open,Major Cities,41159,48650,-34.0336,151.121,8240
41082,Caringbah North Public School,Caringbah,NSW,2229,Primary,Gov,Open,Major Cities,41082,45899,-34.0366,151.123,3972
41003,Caringbah Public School,Caringbah,NSW,2229,Primary,Gov,Open,Major Cities,41003,48651,-34.0534,151.123,1508
43865,Carinya Christian School Gunnedah,Gunnedah,NSW,2380,Combined,Non-Gov,Open,Outer Regional,43865,43321,-30.9789,150.255,77062_00
43866,Carinya Christian School Tamworth,Tamworth,NSW,2340,Combined,Non-Gov,Open,Inner Regional,43866,44263,-31.1288,150.94,04263_00
41127,Carinya School,Mortdale,NSW,2223,Special,Gov,Open,Major Cities,41127,56201,-33.9738,151.082,5703
41341,Carlingford High School,Carlingford,NSW,2118,Secondary,Gov,Open,Major Cities,41341,47751,-33.7659,151.051,8447
41802,Carlingford Public School,Carlingford,NSW,2118,Primary,Gov,Open,Major Cities,41802,47752,-33.7801,151.055,7302
41730,Carlingford West Public School,Carlingford,NSW,2118,Primary,Gov,Open,Major Cities,41730,47753,-33.7821,151.038,4393
53233,Carlo Catholic College,Moama,NSW,2731,Combined,Non-Gov,Closed,Inner Regional,53233,87737,-36.10012211,144.7415614,78283_00
41004,Carlton Public School,Bexley,NSW,2207,Primary,Gov,Open,Major Cities,41004,48594,-33.9635,151.122,1512
41005,Carlton South Public School,Carlton,NSW,2218,Primary,Gov,Open,Major Cities,41005,48629,-33.973,151.128,1513
43212,Caroline Chisholm College,Glenmore Park,NSW,2745,Secondary,Non-Gov,Open,Major Cities,43212,42198,-33.7866,150.675,11584_00
41542,Caroline Chisholm School,Padstow,NSW,2211,Special,Gov,Open,Major Cities,41542,56202,-33.9361,151.025,5652
42169,Carool Public School,Carool,NSW,2486,Primary,Gov,Open,Inner Regional,42169,45504,-28.23,153.429,1515
41423,Carramar Public School,Carramar,NSW,2163,Primary,Gov,Open,Major Cities,41423,48152,-33.8855,150.969,3328
41873,Carrington Public School,Carrington,NSW,2294,Primary,Gov,Open,Major Cities,41873,49108,-32.9124,151.765,1518
43151,Carroll College,Broulee,NSW,2537,Secondary,Non-Gov,Open,Inner Regional,43151,54329,-35.8502,150.164,77032_00
42429,Carroll Public School,Carroll,NSW,2340,Primary,Gov,Open,Outer Regional,42429,49344,-30.9861,150.447,1520
41479,Cartwright Public School,Cartwright,NSW,2168,Primary,Gov,Open,Major Cities,41479,48527,-33.9253,150.891,4360
40748,Cascade Environmental Education Centre,Cascade,NSW,2453,Combined,Gov,Open,Outer Regional,40748,64080,-30.2335,152.79,5731
43471,Casimir Catholic College,Marrickville,NSW,2204,Secondary,Non-Gov,Open,Major Cities,43471,45271,-33.9109,151.149,11771_00
43711,Casino Christian School,North Casino,NSW,2470,Combined,Non-Gov,Open,Inner Regional,43711,54562,-28.8145,153.075,77002_00
42378,Casino High School,Casino,NSW,2470,Secondary,Gov,Open,Inner Regional,42378,49731,-28.8452,153.044,8154
42170,Casino Public School,Casino,NSW,2470,Primary,Gov,Open,Inner Regional,42170,49732,-28.8674,153.048,1526
42364,Casino West Public School,Casino,NSW,2470,Primary,Gov,Open,Inner Regional,42364,49733,-28.8548,153.037,5166
41874,Cassilis Public School,Cassilis,NSW,2329,Primary,Gov,Open,Outer Regional,41874,49312,-32.0046,149.978,1527
41262,Castle Cove Public School,Castle Cove,NSW,2069,Primary,Gov,Open,Major Cities,41262,47624,-33.7834,151.202,3919
41334,Castle Hill High School,Castle Hill,NSW,2154,Secondary,Gov,Open,Major Cities,41334,47864,-33.7266,151,8382
41204,Castle Hill Public School,Castle Hill,NSW,2154,Primary,Gov,Open,Major Cities,41204,47865,-33.7279,151.005,1529
40718,Castlecrag Montessori School,Castlecrag,NSW,2068,Combined,Non-Gov,Closed,Major Cities,40718,,-33.7997,151.219,77779_00
41702,Castlereagh Public School,Castlereagh,NSW,2749,Primary,Gov,Open,Major Cities,41702,50690,-33.667,150.676,4148
41793,Casuarina School,Riverstone,NSW,2765,Special,Gov,Open,Major Cities,41793,57880,-33.6775,150.866,5574
44009,Casuarina Steiner School,Coffs Harbour,NSW,2450,Primary,Non-Gov,Open,Inner Regional,44009,45993,-30.2924,153.131,77034_00
41592,Casula High School,Casula,NSW,2170,Secondary,Gov,Open,Major Cities,41592,46505,-33.9512,150.894,8476
41460,Casula Public School,Casula,NSW,2170,Primary,Gov,Open,Major Cities,41460,48533,-33.9442,150.909,4198
43556,Cathedral Catholic Primary School,Bathurst,NSW,2795,Primary,Non-Gov,Open,Inner Regional,43556,42244,-33.4193,149.575,77035_00
53007,Catherine McAuley Catholic College,Medowie,NSW,2318,Secondary,Non-Gov,Open,Inner Regional,53007,87221,-32.76317728,151.8643709,78218_00
43571,Catherine McAuley Catholic Primary School,Orange,NSW,2800,Primary,Non-Gov,Open,Inner Regional,43571,41998,-33.2794,149.095,77338_00
43213,Catherine McAuley Westmead,Westmead,NSW,2145,Secondary,Non-Gov,Open,Major Cities,43213,41331,-33.8047,150.984,10989_00
40728,CathWest Innovation College,Mount Druitt,NSW,2770,Secondary,Non-Gov,Open,Major Cities,40728,58252,-33.77,150.828,13444_00
52820,CathWest Innovation College McCarthy Campus,Emu Plains,NSW,2750,Secondary,Non-Gov,Open,Major Cities,40728,86675,-33.74234,150.67888,13444_02
41621,Cattai Public School,Cattai,NSW,2756,Primary,Gov,Open,Inner Regional,41621,50738,-33.5588,150.907,1535
42038,Caves Beach Public School,Caves Beach,NSW,2281,Primary,Gov,Open,Major Cities,42038,48958,-33.1032,151.638,4367
41376,Cawdor Public School,Camden,NSW,2570,Primary,Gov,Open,Major Cities,41376,50222,-34.1097,150.674,1537
41578,Cecil Hills High School,Cecil Hills,NSW,2171,Secondary,Gov,Open,Major Cities,41578,54747,-33.8957,150.852,8273
41525,Cecil Hills Public School,Cecil Hills,NSW,2171,Primary,Gov,Open,Major Cities,41525,57592,-33.8897,150.851,4635
43873,Cedars Christian College,Unanderra,NSW,2526,Combined,Non-Gov,Open,Major Cities,43873,44066,-34.4555,150.829,11736_00
53279,Cedars Christian College - Aspire,Unanderra,NSW,2526,Special,Non-Gov,Proposed,Major Cities,53279,88864,-34.45514371,150.8283615,78288_00
42359,Centaur Public School,Banora Point,NSW,2486,Primary,Gov,Open,Major Cities,42359,54671,-28.2157,153.527,4607
40706,Centennial Park School,Randwick,NSW,2031,Special,Gov,Open,Major Cities,40706,57695,-33.9106,151.243,5516
43876,Central Coast Adventist School,Erina,NSW,2250,Combined,Non-Gov,Open,Major Cities,43876,41338,-33.4363,151.39,10993_00
43945,Central Coast Grammar School,Erina Heights,NSW,2260,Combined,Non-Gov,Open,Major Cities,43945,45346,-33.4257,151.399,11782_00
50564,Central Coast Sports College,Kariong,NSW,2250,Combined,Non-Gov,Open,Major Cities,50564,69968,-33.4291,151.298,78048_00
43772,Central Coast Steiner School,Fountaindale,NSW,2258,Combined,Non-Gov,Open,Major Cities,43772,54041,-33.3351,151.404,77591_00
42016,Central Mangrove Public School,Central Mangrove,NSW,2250,Primary,Gov,Open,Inner Regional,42016,48672,-33.2956,151.244,4110
41167,Central Sydney Intensive English High School,Alexandria,NSW,2015,Secondary,Gov,Open,Major Cities,41167,57890,-33.9,151.194,8288
42822,Central Tilba Public School,Central Tilba,NSW,2546,Primary,Gov,Open,Outer Regional,42822,50176,-36.3157,150.072,3214
52613,Central West Leadership Academy,Dubbo,NSW,2830,Combined,Non-Gov,Open,Inner Regional,52613,85127,-32.25198,148.61271,78174_00
52933,Centre of Excellence in Agricultural Education,Richmond,NSW,2753,Secondary,Gov,Open,Major Cities,52933,,-33.61539908,150.7473504,8914
43215,Cerdon College,Merrylands,NSW,2160,Secondary,Non-Gov,Open,Major Cities,43215,41339,-33.8377,150.968,10994_00
41876,Cessnock East Public School,Cessnock,NSW,2325,Primary,Gov,Open,Major Cities,41876,49053,-32.8276,151.37,1543
42089,Cessnock High School,Cessnock,NSW,2325,Secondary,Gov,Open,Major Cities,42089,46420,-32.843,151.369,8108
41875,Cessnock Public School,Cessnock,NSW,2325,Primary,Gov,Open,Major Cities,41875,49278,-32.8404,151.364,1542
41877,Cessnock West Public School,Cessnock,NSW,2325,Primary,Gov,Open,Major Cities,41877,49281,-32.8384,151.345,1545
41433,Chalmers Road School,Strathfield,NSW,2135,Special,Gov,Open,Major Cities,41433,56203,-33.8796,151.082,3831
42430,Chandler Public School,Wollomombi,NSW,2350,Primary,Gov,Open,Outer Regional,42430,49375,-30.5186,152.054,1547
42025,Charlestown East Public School,Charlestown,NSW,2290,Primary,Gov,Open,Major Cities,42025,49048,-32.9712,151.705,4194
41878,Charlestown Public School,Charlestown,NSW,2290,Primary,Gov,Open,Major Cities,41878,49050,-32.9655,151.697,1550
42036,Charlestown South Public School,Charlestown,NSW,2290,Primary,Gov,Open,Major Cities,42036,49052,-32.9677,151.688,4324
43831,Charlton Christian College,Fassifern,NSW,2283,Combined,Non-Gov,Open,Major Cities,43831,56052,-32.9899,151.583,77679_00
42395,Chatham High School,Taree,NSW,2430,Secondary,Gov,Open,Inner Regional,42395,49545,-31.8958,152.481,8414
42333,Chatham Public School,Taree,NSW,2430,Primary,Gov,Open,Inner Regional,42333,49546,-31.8998,152.482,4014
41328,Chatswood High School,Chatswood,NSW,2067,Secondary,Gov,Open,Major Cities,41328,47619,-33.8,151.175,8232
41316,Chatswood Public School,Chatswood,NSW,2067,Primary,Gov,Open,Major Cities,41316,47620,-33.7982,151.178,7409
42173,Chatsworth Island Public School,Chatsworth,NSW,2469,Primary,Gov,Open,Inner Regional,42173,49707,-29.388,153.232,1553
41324,Cheltenham Girls High School,Beecroft,NSW,2119,Secondary,Gov,Open,Major Cities,41324,47759,-33.7565,151.073,8208
41301,Cherrybrook Public School,Cherrybrook,NSW,2126,Primary,Gov,Open,Major Cities,41301,47760,-33.7313,151.042,4440
41350,Cherrybrook Technology High School,Cherrybrook,NSW,2126,Secondary,Gov,Open,Major Cities,41350,55111,-33.7199,151.038,8592
42044,Chertsey Primary School,Springfield,NSW,2250,Primary,Gov,Open,Major Cities,42044,48673,-33.4299,151.369,4398
41577,Chester Hill High School,Chester Hill,NSW,2162,Secondary,Gov,Open,Major Cities,41577,46469,-33.8748,150.997,8269
41442,Chester Hill North Public School,Chester Hill,NSW,2162,Primary,Gov,Open,Major Cities,41442,48148,-33.8724,151.001,3981
41428,Chester Hill Public School,Chester Hill,NSW,2162,Primary,Gov,Open,Major Cities,41428,48149,-33.8856,151.002,3698
43669,Chevalier College,Burradoo,NSW,2576,Secondary,Non-Gov,Open,Inner Regional,43669,41340,-34.5075,150.409,10995_00
41838,Chifley College Bidwill Campus,Bidwill,NSW,2770,Secondary,Gov,Open,Major Cities,41838,17407,-33.7339,150.827,8528
41830,Chifley College Dunheved Campus,North St Marys,NSW,2760,Secondary,Gov,Open,Major Cities,41830,6354,-33.7496,150.783,8488
41827,Chifley College Mount Druitt Campus,Mount Druitt,NSW,2770,Secondary,Gov,Open,Major Cities,41827,6356,-33.7451,150.814,8459
40436,Chifley College Senior Campus,Mount Druitt,NSW,2770,Secondary,Gov,Open,Major Cities,40436,46360,-33.7693,150.83,8473
41831,Chifley College Shalvey Campus,Shalvey,NSW,2770,Secondary,Gov,Open,Major Cities,41831,10820,-33.7308,150.806,8496
41100,Chifley Public School,Malabar,NSW,2036,Primary,Gov,Open,Major Cities,41100,47566,-33.966,151.242,4299
42174,Chillingham Public School,Chillingham,NSW,2484,Primary,Gov,Open,Inner Regional,42174,49912,-28.3118,153.276,1558
41377,Chipping Norton Public School,Chipping Norton,NSW,2170,Primary,Gov,Open,Major Cities,41377,48534,-33.912,150.96,1560
43160,Chisholm Catholic Primary School,Bligh Park,NSW,2756,Primary,Non-Gov,Open,Major Cities,43160,53989,-33.6328,150.803,77036_00
42058,Chittaway Bay Public School,Chittaway Bay,NSW,2261,Primary,Gov,Open,Major Cities,42058,56204,-33.3264,151.431,4542
43469,Christ the King Catholic Primary School Bass Hill,Yagoona,NSW,2199,Primary,Non-Gov,Open,Major Cities,43469,41354,-33.9061,151.013,77038_00
43186,Christ The King Primary School,North Rocks,NSW,2151,Primary,Non-Gov,Open,Major Cities,43186,42100,-33.7756,151.024,77037_00
43848,Christadelphian Heritage College Sydney,Kemps Creek,NSW,2178,Combined,Non-Gov,Open,Major Cities,43848,56095,-33.88356,150.791,77677_00
43667,Christian Brothers' High School Lewisham,Lewisham,NSW,2049,Combined,Non-Gov,Open,Major Cities,43667,41348,-33.8974,151.146,11001_00
43832,Chrysalis School for Rudolf Steiner Education,Thora,NSW,2454,Combined,Non-Gov,Open,Outer Regional,43832,43302,-30.4354,152.723,03302_00
50421,Chrysalis School for Rudolf Steiner Education - Bellingen Campus,Bellingen,NSW,2454,Primary,Non-Gov,Open,Inner Regional,43832,77592,-30.4425,152.895,03302_01
41432,Chullora Public School,Greenacre,NSW,2190,Primary,Gov,Open,Major Cities,41432,48556,-33.8954,151.06,3808
41760,Clairgate Public School,St Clair,NSW,2759,Primary,Gov,Open,Major Cities,41760,50769,-33.7963,150.799,4527
43504,Clancy Catholic College,West Hoxton,NSW,2171,Secondary,Non-Gov,Open,Major Cities,43504,58144,-33.9322,150.836,77907_00
42681,Clare Public School,Clare,NSW,2715,Primary,Gov,Open,Remote,42681,56205,-33.398,143.942,4565
43872,Claremont College,Randwick,NSW,2031,Primary,Non-Gov,Open,Major Cities,43872,41356,-33.9184,151.244,77042_00
41782,Claremont Meadows Public School,Claremont Meadows,NSW,2747,Primary,Gov,Open,Major Cities,41782,55984,-33.7742,150.747,4622
41879,Clarence Town Public School,Clarence Town,NSW,2321,Primary,Gov,Open,Inner Regional,41879,49164,-32.5889,151.776,1564
40926,Clarence Valley Anglican School,Clarenza,NSW,2460,Combined,Non-Gov,Open,Inner Regional,40926,77465,-29.7179,152.967,77673_00
43885,"Clarence Valley Anglican School, Grafton Campus",Grafton,NSW,2460,Primary,Non-Gov,Open,Inner Regional,40926,56174,-29.6937,152.934,77673_03
41312,Clarke Road School,Hornsby,NSW,2077,Special,Gov,Open,Major Cities,41312,56206,-33.7121,151.096,5655
41500,Claymore Public School,Claymore,NSW,2559,Primary,Gov,Open,Major Cities,41500,50204,-34.0431,150.81,4510
41006,Clemton Park Public School,Earlwood,NSW,2206,Primary,Gov,Open,Major Cities,41006,48588,-33.9297,151.108,1566
43015,Clergate Public School,Clergate,NSW,2800,Primary,Gov,Open,Inner Regional,43015,51006,-33.1921,149.112,2668
41007,Clovelly Public School,Waverley,NSW,2024,Primary,Gov,Open,Major Cities,41007,45317,-33.9074,151.26,1573
42175,Clunes Public School,Clunes,NSW,2480,Primary,Gov,Open,Inner Regional,42175,49785,-28.7248,153.409,1574
42012,Coal Point Public School,Coal Point,NSW,2283,Primary,Gov,Open,Major Cities,42012,48968,-33.0408,151.611,4022
43993,Coast Christian School,Bensville,NSW,2251,Primary,Non-Gov,Open,Major Cities,43993,56700,-33.4936,151.39,77727_00
43113,Cobar High School,Cobar,NSW,2835,Secondary,Gov,Open,Remote,43113,46481,-31.5016,145.828,8356
42960,Cobar Public School,Cobar,NSW,2835,Primary,Gov,Open,Remote,42960,51059,-31.5022,145.837,1578
42749,Cobargo Public School,Cobargo,NSW,2550,Primary,Gov,Open,Outer Regional,42749,50179,-36.3869,149.883,1579
41378,Cobbitty Public School,Cobbitty,NSW,2570,Primary,Gov,Open,Major Cities,41378,50223,-34.0159,150.686,1580
42176,Coffee Camp Public School,Coffee Camp,NSW,2480,Primary,Gov,Open,Inner Regional,42176,49786,-28.6627,153.221,1583
43967,Coffs Harbour Bible Church School,Toormina,NSW,2452,Combined,Non-Gov,Open,Inner Regional,43967,53331,-30.3421,153.09,77043_00
40384,Coffs Harbour Christian Community School,Bonville,NSW,2450,Combined,Non-Gov,Open,Inner Regional,40384,42381,-30.3782,153.057,11660_00
43862,Coffs Harbour Christian Community School - Junior Campus,Coffs Harbour,NSW,2450,Primary,Non-Gov,Open,Inner Regional,40384,77154,-30.2998,153.121,11660_01
43733,"Coffs Harbour Christian Community School, Sherwood Cliffs Campus",Glenreagh,NSW,2450,Primary,Non-Gov,Open,Inner Regional,40384,77698,-30.0537,152.976,11660_02
42372,Coffs Harbour High School,Coffs Harbour,NSW,2450,Secondary,Gov,Open,Inner Regional,42372,86655,-30.3055,153.136,8109
42368,Coffs Harbour Learning Centre,Boambee,NSW,2450,Special,Gov,Open,Inner Regional,42368,63775,-30.3481,153.073,5763
42177,Coffs Harbour Public School,Coffs Harbour,NSW,2450,Primary,Gov,Open,Inner Regional,42177,49655,-30.302,153.12,1584
40624,Coffs Harbour Senior College,Coffs Harbour,NSW,2450,Secondary,Gov,Open,Inner Regional,40624,54742,-30.3302,153.103,8272
42669,Coleambally Central School,Coleambally,NSW,2707,Combined,Gov,Open,Outer Regional,42669,50620,-34.8042,145.884,4348
42750,Coledale Public School,Coledale,NSW,2515,Primary,Gov,Open,Major Cities,42750,49983,-34.2895,150.947,1587
42431,Collarenebri Central School,Collarenebri,NSW,2833,Combined,Gov,Open,Remote,42431,46403,-29.5438,148.578,1589
41267,Collaroy Plateau Public School,Collaroy Plateau,NSW,2097,Primary,Gov,Open,Major Cities,41267,47699,-33.733,151.293,3970
42751,Collector Public School,Collector,NSW,2581,Primary,Gov,Open,Inner Regional,42751,50273,-34.9142,149.433,1590
42178,Collins Creek Public School,Collins Creek,NSW,2474,Primary,Gov,Open,Inner Regional,42178,49752,-28.4893,153.023,1593
41619,Colo Heights Public School,Colo Heights,NSW,2756,Primary,Gov,Open,Outer Regional,41619,50739,-33.373,150.74,1346
41837,Colo High School,North Richmond,NSW,2754,Secondary,Gov,Open,Major Cities,41837,50734,-33.5694,150.708,8526
42720,Colo Vale Public School,Colo Vale,NSW,2575,Primary,Gov,Open,Inner Regional,42720,56197,-34.4013,150.476,1085
41824,Colyton High School,St Marys,NSW,2760,Secondary,Gov,Open,Major Cities,41824,46353,-33.7776,150.797,8443
41622,Colyton Public School,Mount Druitt,NSW,2770,Primary,Gov,Open,Major Cities,41622,50796,-33.7772,150.813,1596
42179,Comboyne Public School,Comboyne,NSW,2429,Primary,Gov,Open,Outer Regional,42179,49540,-31.6053,152.473,1601
41623,Comleroy Road Public School,Kurrajong,NSW,2758,Primary,Gov,Open,Inner Regional,41623,50762,-33.5065,150.698,1604
41008,Como Public School,Como,NSW,2226,Primary,Gov,Open,Major Cities,41008,44400,-34.0018,151.069,1605
41073,Como West Public School,Como,NSW,2226,Primary,Gov,Open,Major Cities,41073,44929,-34.0047,151.061,3896
42559,Conargo Public School,Conargo,NSW,2710,Primary,Gov,Open,Outer Regional,42559,50622,-35.3053,145.179,1606
41600,Concord High School,Concord,NSW,2137,Secondary,Gov,Open,Major Cities,41600,47783,-33.8644,151.109,8535
41379,Concord Public School,Concord,NSW,2137,Primary,Gov,Open,Major Cities,41379,47782,-33.8632,151.107,1607
41380,Concord West Public School,Concord West,NSW,2138,Primary,Gov,Open,Major Cities,41380,47786,-33.8396,151.087,1608
43699,Condell Park Christian School,Condell Park,NSW,2200,Combined,Non-Gov,Open,Major Cities,43699,53301,-33.9224,151.018,10952_00
41586,Condell Park High School,Condell Park,NSW,2200,Secondary,Gov,Open,Major Cities,41586,48579,-33.9236,151.002,8398
41431,Condell Park Public School,Condell Park,NSW,2200,Primary,Gov,Open,Major Cities,41431,48580,-33.9255,151.014,3789
43108,Condobolin High School,Condobolin,NSW,2877,Secondary,Gov,Open,Outer Regional,43108,46482,-33.0918,147.143,8346
42961,Condobolin Public School,Condobolin,NSW,2877,Primary,Gov,Open,Outer Regional,42961,51106,-33.0855,147.149,1609
42180,Condong Public School,Condong,NSW,2484,Primary,Gov,Open,Inner Regional,42180,49913,-28.340143,153.399787,1611
41886,Congewai Public School,Congewai,NSW,2325,Primary,Gov,Open,Inner Regional,41886,49283,-32.9584,151.274,1822
42752,Coniston Public School,Coniston,NSW,2500,Primary,Gov,Open,Major Cities,42752,49936,-34.4388,150.887,1612
41009,Connells Point Public School,South Hurstville,NSW,2221,Primary,Gov,Open,Major Cities,41009,48632,-33.9847,151.1,1613
41152,Conservatorium High School,Sydney,NSW,2000,Secondary,Gov,Open,Major Cities,41152,45319,-33.8634,151.214,8147
42962,Cooerwull Public School,Lithgow,NSW,2790,Primary,Gov,Open,Inner Regional,42962,50960,-33.4841,150.142,1615
44026,Coogee Boys' Preparatory School,Randwick,NSW,2031,Primary,Non-Gov,Open,Major Cities,44026,41358,-33.9128,151.239,77047_00
41010,Coogee Public School,Coogee,NSW,2034,Primary,Gov,Open,Major Cities,41010,47053,-33.9205,151.25,1616
41121,Cook School,Loftus,NSW,2232,Special,Gov,Open,Major Cities,41121,57881,-34.0417,151.053,5575
42963,Coolah Central School,Coolah,NSW,2843,Combined,Gov,Open,Outer Regional,42963,51066,-31.821,149.724,1621
42560,Coolamon Central School,Coolamon,NSW,2701,Combined,Gov,Open,Inner Regional,42560,50552,-34.8119,147.201,1624
42181,Coolongolook Public School,Coolongolook,NSW,2423,Primary,Gov,Open,Inner Regional,42181,49530,-32.2228,152.319,1627
42847,Cooma North Public School,Cooma North,NSW,2630,Primary,Gov,Open,Inner Regional,42847,50427,-36.2179,149.131,3890
42754,Cooma Public School,Cooma,NSW,2630,Primary,Gov,Open,Inner Regional,42754,50428,-36.2375,149.125,1628
43121,Coomealla High School,Dareton,NSW,2717,Secondary,Gov,Open,Outer Regional,43121,46378,-34.096,142.06,8494
43109,Coonabarabran High School,Coonabarabran,NSW,2357,Secondary,Gov,Open,Outer Regional,43109,46404,-31.282773,149.28376,8347
42964,Coonabarabran Public School,Coonabarabran,NSW,2357,Primary,Gov,Open,Outer Regional,42964,49392,-31.28,149.282,1630
43117,Coonamble High School,Coonamble,NSW,2829,Secondary,Gov,Open,Remote,43117,46458,-30.9553,148.391,8451
42965,Coonamble Public School,Coonamble,NSW,2829,Primary,Gov,Open,Remote,42965,51038,-30.9584,148.387,1631
42182,Coopernook Public School,Coopernook,NSW,2426,Primary,Gov,Open,Inner Regional,42182,49534,-31.8275,152.608,1632
42183,Coorabell Public School,Coorabell,NSW,2479,Primary,Gov,Open,Inner Regional,42183,49771,-28.6257,153.487,1634
41880,Cooranbong Public School,Cooranbong,NSW,2265,Primary,Gov,Open,Major Cities,41880,48737,-33.0805,151.442,1635
42699,Cootamundra High School,Cootamundra,NSW,2590,Secondary,Gov,Open,Inner Regional,42699,46416,-34.6354,148.017,8190
42561,Cootamundra Public School,Cootamundra,NSW,2590,Primary,Gov,Open,Inner Regional,42561,50291,-34.6389,148.027,1636
42060,Copacabana Public School,Copacabana,NSW,2251,Primary,Gov,Open,Major Cities,42060,56208,-33.485,151.437,4548
42184,Copmanhurst Public School,Copmanhurst,NSW,2460,Primary,Gov,Open,Outer Regional,42184,49708,-29.5847,152.776,1642
42185,Coraki Public School,Coraki,NSW,2471,Primary,Gov,Open,Inner Regional,42185,49746,-28.9921,153.285,1644
42186,Coramba Public School,Coramba,NSW,2450,Primary,Gov,Open,Inner Regional,42186,49656,-30.2216,153.012,1647
41796,Coreen School,Blacktown,NSW,2148,Special,Gov,Open,Major Cities,41796,56173,-33.7732,150.911,5637
42187,Corindi Public School,Corindi Beach,NSW,2456,Primary,Gov,Open,Inner Regional,42187,49680,-30.0215,153.194,1654
42188,Corndale Public School,Corndale,NSW,2480,Primary,Gov,Open,Inner Regional,42188,49790,-28.7132,153.362,1656
42702,Corowa High School,Corowa,NSW,2646,Secondary,Gov,Open,Inner Regional,42702,50464,-35.9937,146.381,8308
42562,Corowa Public School,Corowa,NSW,2646,Primary,Gov,Open,Inner Regional,42562,50465,-35.9925,146.395,1658
42563,Corowa South Public School,Corowa,NSW,2646,Primary,Gov,Open,Inner Regional,42563,50466,-36.021,146.376,1659
43360,Corpus Christi Catholic High School,Oak Flats,NSW,2529,Secondary,Non-Gov,Open,Major Cities,43360,58143,-34.5693,150.817,77893_00
43254,Corpus Christi Catholic Primary School,St Ives,NSW,2075,Primary,Non-Gov,Open,Major Cities,43254,41359,-33.7283,151.166,77048_00
43479,Corpus Christi College Maroubra,Maroubra,NSW,2035,Secondary,Non-Gov,Open,Major Cities,43479,41434,-33.9466,151.229,11075_00
43302,Corpus Christi Primary School,Waratah,NSW,2298,Primary,Non-Gov,Open,Major Cities,43302,41360,-32.9005,151.723,77050_00
43162,Corpus Christi Primary School,Cranebrook,NSW,2749,Primary,Non-Gov,Open,Major Cities,43162,46735,-33.7118,150.718,77049_00
42845,Corrimal East Public School,Corrimal,NSW,2518,Primary,Gov,Open,Major Cities,42845,49998,-34.3777,150.906,3877
42909,Corrimal High School,Corrimal,NSW,2518,Secondary,Gov,Open,Major Cities,42909,46434,-34.3754,150.91,8191
42755,Corrimal Public School,Corrimal,NSW,2518,Primary,Gov,Open,Major Cities,42755,49999,-34.3676,150.899,1661
42189,Coutts Crossing Public School,Coutts Crossing,NSW,2460,Primary,Gov,Open,Inner Regional,42189,49709,-29.832,152.89,1666
43700,Covenant Christian School,Belrose,NSW,2085,Combined,Non-Gov,Open,Major Cities,43700,42352,-33.7137,151.216,11635_00
41205,Cowan Public School,Cowan,NSW,2081,Primary,Gov,Open,Inner Regional,41205,48693,-33.5888,151.169,1668
42190,Cowper Public School,Cowper,NSW,2460,Primary,Gov,Open,Inner Regional,42190,49710,-29.5696,153.078,1670
43103,Cowra High School,Cowra,NSW,2794,Secondary,Gov,Open,Inner Regional,43103,50970,-33.8159,148.69,8148
42966,Cowra Public School,Cowra,NSW,2794,Primary,Gov,Open,Inner Regional,42966,50971,-33.836,148.69,1671
42191,Crabbes Creek Public School,Crabbes Creek,NSW,2483,Primary,Gov,Open,Inner Regional,42191,49791,-28.456,153.497,1674
50579,Craig Davis College,Cordeaux Heights,NSW,2526,Special,Non-Gov,Open,Major Cities,50579,70001,-34.4465,150.831,78019_00
43969,Cranbrook School,Bellevue Hill,NSW,2023,Secondary,Non-Gov,Open,Major Cities,43969,41361,-33.8717,151.252,11013_00
40854,Cranbrook Junior School,Rose Bay,NSW,2029,Primary,Non-Gov,Open,Major Cities,43969,77005,-33.8736,151.265,11013_02
41844,Cranebrook High School,Cranebrook,NSW,2749,Secondary,Gov,Open,Major Cities,41844,55109,-33.7217,150.71,8580
41757,Crawford Public School,Doonside,NSW,2767,Primary,Gov,Open,Major Cities,41757,50790,-33.7548,150.869,4504
42192,Crescent Head Public School,Crescent Head,NSW,2440,Primary,Gov,Open,Inner Regional,42192,49614,-31.1881,152.97,1681
41839,Crestwood High School,Baulkham Hills,NSW,2153,Secondary,Gov,Open,Major Cities,41839,47855,-33.7436,150.976,8552
41739,Crestwood Public School,Baulkham Hills,NSW,2153,Primary,Gov,Open,Major Cities,41739,47856,-33.7491,150.972,4441
42856,Cringila Public School,Cringila,NSW,2502,Primary,Gov,Open,Major Cities,42856,49950,-34.472,150.87,4037
41309,Cromehurst School,Lindfield,NSW,2070,Special,Gov,Open,Major Cities,41309,56209,-33.774,151.172,5407
41282,Cromer Public School,Cromer,NSW,2099,Primary,Gov,Open,Major Cities,41282,47702,-33.738,151.275,4241
41164,Cronulla High School,Cronulla,NSW,2230,Secondary,Gov,Open,Major Cities,41164,48657,-34.0396,151.157,8261
41011,Cronulla Public School,Cronulla,NSW,2230,Primary,Gov,Open,Major Cities,41011,48656,-34.0541,151.148,1682
41061,Cronulla South Public School,Cronulla,NSW,2230,Primary,Gov,Open,Major Cities,41061,44401,-34.0661,151.154,3668
42922,Crookwell High School,Crookwell,NSW,2583,Secondary,Gov,Open,Inner Regional,42922,46388,-34.4528,149.467,8452
42756,Crookwell Public School,Crookwell,NSW,2583,Primary,Gov,Open,Inner Regional,42756,50281,-34.4599,149.47,1684
42495,Croppa Creek Public School,Croppa Creek,NSW,2411,Primary,Gov,Open,Outer Regional,42495,49517,-29.1252,150.309,3717
42193,Crossmaglen Public School,Crossmaglen,NSW,2441,Primary,Gov,Open,Inner Regional,42193,49631,-30.3659,152.982,1685
41076,Crown Street Public School,Surry Hills,NSW,2010,Primary,Gov,Open,Major Cities,41076,45326,-33.8823,151.215,3935
41135,Croydon Park Public School,Croydon Park,NSW,2133,Primary,Gov,Open,Major Cities,41135,47778,-33.8947,151.108,7412
41134,Croydon Public School,Croydon,NSW,2132,Primary,Gov,Open,Major Cities,41134,47777,-33.8798,151.115,7411
42194,Crystal Creek Public School,Crystal Creek,NSW,2484,Primary,Gov,Open,Inner Regional,42194,56195,-28.3121,153.326,1690
42968,Cudal Public School,Cudal,NSW,2864,Primary,Gov,Open,Outer Regional,42968,51087,-33.2871,148.74,1695
43084,Cudgegong Valley Public School,Mudgee,NSW,2850,Primary,Gov,Open,Inner Regional,43084,51080,-32.6065,149.584,4555
42195,Cudgen Public School,Cudgen,NSW,2487,Primary,Gov,Open,Major Cities,42195,49925,-28.2626,153.555,1696
42884,Culburra Public School,Culburra Beach,NSW,2540,Primary,Gov,Open,Inner Regional,42884,50070,-34.9332,150.762,4485
42564,Culcairn Public School,Culcairn,NSW,2660,Primary,Gov,Open,Inner Regional,42564,50514,-35.6683,147.04,1698
42969,Cullen Bullen Public School,Cullen Bullen,NSW,2790,Primary,Gov,Open,Inner Regional,42969,50961,-33.2999,150.032,1700
41849,Cumberland High School,Carlingford,NSW,2118,Secondary,Gov,Open,Major Cities,41849,47754,-33.7852,151.037,8905
42970,Cumnock Public School,Cumnock,NSW,2867,Primary,Gov,Open,Outer Regional,42970,51091,-32.9315,148.75,1707
42196,Cundletown Public School,Cundletown,NSW,2430,Primary,Gov,Open,Inner Regional,42196,57412,-31.8997,152.522,1708
41263,Curl Curl North Public School,North Curl Curl,NSW,2099,Primary,Gov,Open,Major Cities,41263,45799,-33.7646,151.289,3925
42432,Curlewis Public School,Curlewis,NSW,2381,Primary,Gov,Open,Outer Regional,42432,49484,-31.1171,150.263,1712
42433,Currabubula Public School,Currabubula,NSW,2342,Primary,Gov,Open,Outer Regional,42433,49361,-31.2628,150.736,1714
43734,Currambena Primary School,Lane Cove,NSW,2066,Primary,Non-Gov,Open,Major Cities,43734,41362,-33.8208,151.17,77052_00
41485,Curran Public School,Macquarie Fields,NSW,2564,Primary,Gov,Open,Major Cities,41485,50211,-33.9933,150.899,4460
41521,Currans Hill Public School,Currans Hill,NSW,2567,Primary,Gov,Open,Major Cities,41521,56627,-34.0479,150.769,4625
41136,Daceyville Public School,Daceyville,NSW,2032,Primary,Gov,Open,Major Cities,41136,45322,-33.9295,151.228,7413
41524,Dalmeny Public School,Prestons,NSW,2170,Primary,Gov,Open,Major Cities,41524,58071,-33.9473,150.871,4634
42758,Dalton Public School,Dalton,NSW,2581,Primary,Gov,Open,Inner Regional,42758,50274,-34.7204,149.179,1723
43914,Danebank - An Anglican School for Girls,Hurstville,NSW,2220,Combined,Non-Gov,Open,Major Cities,43914,41363,-33.9612,151.102,11015_00
42912,Dapto High School,Dapto,NSW,2530,Secondary,Gov,Open,Major Cities,42912,50035,-34.4991,150.786,8204
42759,Dapto Public School,Horsley,NSW,2530,Primary,Gov,Open,Major Cities,42759,50036,-34.4947,150.777,1727
41712,Darcy Road Public School,Wentworthville,NSW,2145,Primary,Gov,Open,Major Cities,41712,47803,-33.802,150.966,4222
42971,Dareton Public School,Dareton,NSW,2717,Primary,Gov,Open,Outer Regional,42971,50643,-34.0911,142.04,1732
52353,Darkinjung Barker,Yarramalong,NSW,2259,Primary,Non-Gov,Open,Inner Regional,52353,77710,-33.2272,151.282,78198_00
52879,Ngarralingayil Barker,Wollombi,NSW,2325,Primary,Non-Gov,Open,Inner Regional,52353,87690,-32.93833,151.14568,78198_01
41137,Darlinghurst Public School,Potts Point,NSW,2011,Primary,Gov,Open,Major Cities,41137,45327,-33.8786,151.223,7414
42565,Darlington Point Public School,Darlington Point,NSW,2706,Primary,Gov,Open,Outer Regional,42565,50619,-34.5728,145.994,1736
41012,Darlington Public School,Chippendale,NSW,2008,Primary,Gov,Open,Major Cities,41012,45323,-33.8926,151.189,1735
41344,Davidson High School,Frenchs Forest,NSW,2086,Secondary,Gov,Open,Major Cities,41344,47681,-33.7447,151.205,8479
41742,Dawson Public School,Dharruk,NSW,2770,Primary,Gov,Open,Major Cities,41742,50799,-33.7454,150.816,4446
43486,"De La Salle Catholic College, Caringbah",Caringbah,NSW,2229,Secondary,Non-Gov,Open,Major Cities,43486,41367,-34.0456,151.122,11018_00
40617,"De La Salle Catholic College, Cronulla",Cronulla,NSW,2230,Secondary,Non-Gov,Open,Major Cities,40617,53838,-34.0556,151.143,11019_00
43496,"De La Salle College, Ashfield",Ashfield,NSW,2131,Secondary,Non-Gov,Closed,Major Cities,43496,,-33.8847,151.125,11016_00
43472,"De La Salle College, Revesby Heights",Revesby Heights,NSW,2212,Secondary,Non-Gov,Open,Major Cities,43472,41373,-33.9633,151.016,11021_00
41206,Dee Why Public School,Dee Why,NSW,2099,Primary,Gov,Open,Major Cities,41206,47703,-33.749,151.285,1744
42434,Deepwater Public School,Deepwater,NSW,2371,Primary,Gov,Open,Outer Regional,42434,49423,-29.4429,151.848,1742
43219,Delany College,Granville,NSW,2142,Secondary,Non-Gov,Open,Major Cities,43219,41521,-33.8344,151.001,11140_00
42760,Delegate Public School,Delegate,NSW,2633,Primary,Gov,Open,Outer Regional,42760,50437,-37.0417,148.937,1745
42435,Delungra Public School,Delungra,NSW,2403,Primary,Gov,Open,Outer Regional,42435,49507,-29.6509,150.831,1747
52929,Denham Court Public School,Denham Court,NSW,2565,Primary,Gov,Open,Major Cities,52929,87907,-33.9816707,150.8155407,4672
43712,Deniliquin Christian School,Deniliquin,NSW,2710,Combined,Non-Gov,Closed,Inner Regional,43712,,-35.5199,144.945,77016_00
42700,Deniliquin High School,Deniliquin,NSW,2710,Secondary,Gov,Open,Inner Regional,42700,50623,-35.5281,144.955,8218
42668,Deniliquin North Public School,Deniliquin,NSW,2710,Primary,Gov,Open,Inner Regional,42668,50624,-35.5252,144.982,4281
42659,Deniliquin South Public School,Deniliquin,NSW,2710,Primary,Gov,Open,Inner Regional,42659,50625,-35.5377,144.956,4112
43097,"Denison College of Secondary Education, Bathurst High Campus",Bathurst,NSW,2795,Secondary,Gov,Open,Inner Regional,43097,50974,-33.4134,149.57,8103
43122,"Denison College of Secondary Education, Kelso High Campus",Kelso,NSW,2795,Secondary,Gov,Open,Inner Regional,43122,16223,-33.4105,149.614,8517
41256,Denistone East Public School,Eastwood,NSW,2122,Primary,Gov,Open,Major Cities,41256,47740,-33.7943,151.097,3862
41881,Denman Public School,Denman,NSW,2328,Primary,Gov,Open,Inner Regional,41881,49309,-32.3857,150.686,1749
41071,Dobroyd Point Public School,Haberfield,NSW,2045,Primary,Gov,Open,Major Cities,41071,47598,-33.8744,151.141,3873
43498,Domremy Catholic College,Five Dock,NSW,2046,Secondary,Non-Gov,Open,Major Cities,43498,41378,-33.8697,151.133,11023_00
41820,Doonside High School,Doonside,NSW,2767,Secondary,Gov,Open,Major Cities,41820,46397,-33.7547,150.874,8399
41624,Doonside Public School,Doonside,NSW,2767,Primary,Gov,Open,Major Cities,41624,50791,-33.765,150.871,1760
41883,Dora Creek Public School,Dora Creek,NSW,2264,Primary,Gov,Open,Major Cities,41883,48734,-33.079,151.499,1762
40650,Dorchester School,Campbelltown,NSW,2560,Special,Gov,Open,Major Cities,40650,56225,-34.0885,150.826,5454
42396,Dorrigo High School,Dorrigo,NSW,2453,Secondary,Gov,Open,Inner Regional,42396,49671,-30.3386,152.707,8453
42371,Dorrigo Public School,Dorrigo,NSW,2453,Primary,Gov,Open,Inner Regional,42371,49672,-30.3431,152.71,7316
40749,Dorroughby Environmental Education Centre,Dorroughby,NSW,2480,Combined,Gov,Open,Inner Regional,40749,64081,-28.6566,153.352,5683
41013,Double Bay Public School,Double Bay,NSW,2028,Primary,Gov,Open,Major Cities,41013,46925,-33.8749,151.241,1768
41381,Douglas Park Public School,Douglas Park,NSW,2569,Primary,Gov,Open,Inner Regional,41381,50218,-34.1795,150.713,1770
42199,Drake Public School,Drake,NSW,2469,Primary,Gov,Open,Outer Regional,42199,49736,-28.9288,152.374,1771
42411,Drummond Memorial Public School,Armidale,NSW,2350,Primary,Gov,Open,Inner Regional,42411,49376,-30.5115,151.651,1058
41014,Drummoyne Public School,Drummoyne,NSW,2047,Primary,Gov,Open,Major Cities,41014,47603,-33.8561,151.153,1774
43702,Dubbo Christian School,Dubbo,NSW,2830,Combined,Non-Gov,Open,Inner Regional,43702,44062,-32.263,148.645,04062_00
43124,Dubbo College Delroy Campus,Dubbo West,NSW,2830,Secondary,Gov,Open,Inner Regional,43124,6451,-32.2516,148.583,8543
40707,Dubbo College Senior Campus,Dubbo,NSW,2830,Secondary,Gov,Open,Inner Regional,40707,57696,-32.233,148.626,8110
43115,Dubbo College South Campus,Dubbo,NSW,2830,Secondary,Gov,Open,Inner Regional,43115,11042,-32.2708,148.611,8417
42973,Dubbo North Public School,Dubbo,NSW,2830,Primary,Gov,Open,Inner Regional,42973,51040,-32.2417,148.616,1776
42972,Dubbo Public School,Dubbo,NSW,2830,Primary,Gov,Open,Inner Regional,42972,51041,-32.2487,148.605,1775
43085,Dubbo School of Distance Education,Dubbo,NSW,2830,Combined,Gov,Open,Inner Regional,43085,55676,-32.2432,148.639,4587
42975,Dubbo South Public School,Dubbo,NSW,2830,Primary,Gov,Open,Inner Regional,42975,51043,-32.2631,148.61,1811
43063,Dubbo West Public School,Dubbo,NSW,2830,Primary,Gov,Open,Inner Regional,43063,51044,-32.2519,148.588,3591
41884,Dudley Public School,Dudley,NSW,2290,Primary,Gov,Open,Major Cities,41884,44645,-32.9894,151.717,1778
41190,Dulwich High School of Visual Arts and Design,Dulwich Hill,NSW,2203,Secondary,Gov,Open,Major Cities,41190,56198,-33.904,151.145,8833
41106,Dulwich Hill Public School,Dulwich Hill,NSW,2203,Primary,Gov,Open,Major Cities,41106,45515,-33.9062,151.14,4496
41690,Dundas Public School,Dundas,NSW,2117,Primary,Gov,Open,Major Cities,41690,47747,-33.8044,151.036,4029
42201,Dundurrabin Public School,Dundurrabin,NSW,2453,Primary,Gov,Open,Outer Regional,42201,49673,-30.1895,152.543,1788
42974,Dunedoo Central School,Dunedoo,NSW,2844,Combined,Gov,Open,Outer Regional,42974,51067,-32.0183,149.392,1789
42202,Dungay Public School,Dungay,NSW,2484,Primary,Gov,Open,Inner Regional,42202,49914,-28.2897,153.382,1791
42119,Dungog High School,Dungog,NSW,2420,Secondary,Gov,Open,Inner Regional,42119,49518,-32.3968,151.75,8472
41885,Dungog Public School,Dungog,NSW,2420,Primary,Gov,Open,Inner Regional,41885,49519,-32.4053,151.758,1792
42436,Dungowan Public School,Dungowan,NSW,2340,Primary,Gov,Open,Outer Regional,42436,49345,-31.2201,151.133,1793
43687,"Dunlea Centre, Australia's Original Boys' Town",Engadine,NSW,2233,Special,Non-Gov,Open,Major Cities,43687,56698,-34.0659,151.00602,11607_00
42203,Dunoon Public School,Dunoon,NSW,2480,Primary,Gov,Open,Inner Regional,42203,49795,-28.6867,153.315,1797
41207,Dural Public School,Dural,NSW,2158,Primary,Gov,Open,Major Cities,41207,48135,-33.6861,151.026,1799
42204,Duranbah Public School,Duranbah,NSW,2487,Primary,Gov,Open,Inner Regional,42204,49926,-28.2891,153.517,1801
42437,Duri Public School,Duri,NSW,2344,Primary,Gov,Open,Inner Regional,42437,49368,-31.2214,150.83,1802
42205,Durrumbul Public School,Durrumbul,NSW,2482,Primary,Gov,Closed,Inner Regional,42205,,-28.5233,153.445,1803
42672,E A Southee Public School,Cootamundra,NSW,2590,Primary,Gov,Open,Inner Regional,42672,50292,-34.6418,148.015,4383
41606,Eagle Vale High School,Eagle Vale,NSW,2558,Secondary,Gov,Open,Major Cities,41606,46506,-34.0399,150.804,8569
41015,Earlwood Public School,Earlwood,NSW,2206,Primary,Gov,Open,Major Cities,41015,48589,-33.929,151.122,1807
41562,East Hills Boys High School,Panania,NSW,2213,Secondary,Gov,Open,Major Cities,41562,48615,-33.9572,150.994,8206
41561,East Hills Girls Technology High School,Panania,NSW,2213,Secondary,Gov,Open,Major Cities,41561,48616,-33.9569,150.992,8187
41437,East Hills Public School,Panania,NSW,2213,Primary,Gov,Open,Major Cities,41437,48617,-33.958,150.992,3924
41625,Eastern Creek Public School,Eastern Creek,NSW,2766,Primary,Gov,Open,Major Cities,41625,50788,-33.787,150.853,1808
41109,Eastlakes Public School,Eastlakes,NSW,2018,Primary,Gov,Open,Major Cities,41109,45801,-33.9281,151.214,4516
41275,Eastwood Heights Public School,Eastwood,NSW,2122,Primary,Gov,Open,Major Cities,41275,44927,-33.7819,151.095,4041
41317,Eastwood Public School,Eastwood,NSW,2122,Primary,Gov,Open,Major Cities,41317,47770,-33.7927,151.078,7416
43731,Ebenezer Christian College,Prospect,NSW,2148,Combined,Non-Gov,Open,Major Cities,43731,64539,-33.8043,150.929,77906_00
41626,Ebenezer Public School,Ebenezer,NSW,2756,Primary,Gov,Open,Inner Regional,41626,50740,-33.5309,150.877,1813
42438,Ebor Public School,Ebor,NSW,2453,Primary,Gov,Open,Outer Regional,42438,49674,-30.4033,152.35,1814
50501,EDEN College,Macquarie Fields,NSW,2564,Special,Non-Gov,Open,Major Cities,50501,69772,-33.9898,150.89,78018_00
42927,Eden Marine High School,Eden,NSW,2551,Secondary,Gov,Open,Outer Regional,42927,50193,-37.0553,149.907,8487
42761,Eden Public School,Eden,NSW,2551,Primary,Gov,Open,Outer Regional,42761,50194,-37.0636,149.906,1816
41513,Edensor Park Public School,Edensor Park,NSW,2176,Primary,Gov,Open,Major Cities,41513,54944,-33.8821,150.876,4583
41128,Edgeware School,Hurlstone Park,NSW,2193,Special,Gov,Open,Major Cities,41128,56227,-33.9136,151.131,5737
42021,Edgeworth Heights Public School,Edgeworth,NSW,2285,Primary,Gov,Open,Major Cities,42021,49010,-32.9244,151.609,4155
41989,Edgeworth Public School,Edgeworth,NSW,2285,Primary,Gov,Open,Major Cities,41989,49008,-32.9229,151.62,3564
53293,Edmondson Park College,Edmondson Park,NSW,2174,Primary,Non-Gov,Proposed,Inner Regional,53293,,-32.739466,152.109545,78258_00
53156,Edmondson Park Public School,Edmondson Park,NSW,2174,Primary,Gov,Open,Major Cities,53156,88419,-33.96046164,150.8501884,4679
43663,Edmund Rice College,West Wollongong,NSW,2500,Secondary,Non-Gov,Open,Major Cities,43663,41379,-34.4199,150.863,11024_00
42676,Edward Public School,Deniliquin,NSW,2710,Primary,Gov,Open,Inner Regional,42676,50626,-35.5244,144.951,4418
42976,Eglinton Public School,Eglinton,NSW,2795,Primary,Gov,Open,Inner Regional,42976,54951,-33.3775,149.539,1823
52049,Eileen O'Connor Catholic College,Lewisham,NSW,2049,Special,Non-Gov,Open,Major Cities,52049,70207,-33.8929,151.149,78130_00
42206,Elands Public School,Elands,NSW,2429,Primary,Gov,Open,Outer Regional,42206,49541,-31.6194,152.292,1824
41280,Elanora Heights Public School,Elanora Heights,NSW,2101,Primary,Gov,Open,Major Cities,41280,47711,-33.7037,151.285,4199
41597,Elderslie High School,Elderslie,NSW,2570,Secondary,Gov,Open,Major Cities,41597,50224,-34.0526,150.715,8521
41526,Elderslie Public School,Elderslie,NSW,2570,Primary,Gov,Open,Major Cities,41526,68165,-34.0545,150.722,4646
42013,Eleebana Public School,Eleebana,NSW,2282,Primary,Gov,Open,Major Cities,42013,44646,-32.9905,151.643,4034
42022,Elermore Vale Public School,Wallsend,NSW,2287,Primary,Gov,Open,Major Cities,42022,54965,-32.9156,151.667,4163
41610,Elizabeth Macarthur High School,Narellan,NSW,2567,Secondary,Gov,Open,Major Cities,41610,55114,-34.0571,150.74,8584
41887,Ellalong Public School,Ellalong,NSW,2325,Primary,Gov,Open,Inner Regional,41887,49285,-32.9147,151.312,1826
41888,Ellerston Public School,Ellerston,NSW,2337,Primary,Gov,Open,Outer Regional,41888,49336,-31.8177,151.304,1830
41768,Ellison Public School,Springwood,NSW,2777,Primary,Gov,Open,Major Cities,41768,56210,-33.6904,150.585,4568
43956,Elonera Montessori School,Mount Ousley,NSW,2519,Combined,Non-Gov,Open,Major Cities,43956,41380,-34.403,150.889,77053_00
43745,Elouera Special School,Cootamundra,NSW,2590,Special,Non-Gov,Open,Inner Regional,43745,43010,-34.6349,148.018,77054_00
42208,Eltham Public School,Eltham,NSW,2480,Primary,Gov,Open,Inner Regional,42208,49796,-28.7637,153.409,1835
43957,Emanuel School,Randwick,NSW,2031,Combined,Non-Gov,Open,Major Cities,43957,44090,-33.907,151.244,04090_00
41735,Emerton Public School,Emerton,NSW,2770,Primary,Gov,Open,Major Cities,41735,50801,-33.7447,150.805,4422
43806,Emmanuel Anglican College,Ballina,NSW,2478,Combined,Non-Gov,Open,Inner Regional,43806,55716,-28.862,153.53,77660_00
43216,Emmaus Catholic College,Kemps Creek,NSW,2178,Secondary,Non-Gov,Open,Major Cities,43216,48882,-33.8323,150.793,11814_00
42439,Emmaville Central School,Emmaville,NSW,2371,Combined,Gov,Open,Outer Regional,42439,49424,-29.4462,151.602,1838
41889,Empire Bay Public School,Empire Bay,NSW,2257,Primary,Gov,Open,Major Cities,41889,48699,-33.5043,151.363,1839
42209,Empire Vale Public School,Empire Vale,NSW,2478,Primary,Gov,Open,Inner Regional,42209,49766,-28.9151,153.506,1840
41740,Emu Heights Public School,Emu Plains,NSW,2750,Primary,Gov,Open,Major Cities,41740,50693,-33.7367,150.649,4442
41627,Emu Plains Public School,Emu Plains,NSW,2750,Primary,Gov,Open,Major Cities,41627,50695,-33.7556,150.658,1841
41170,Endeavour Sports High School,Caringbah,NSW,2229,Secondary,Gov,Open,Major Cities,41170,48652,-34.0318,151.119,8404
41383,Enfield Public School,Enfield,NSW,2136,Primary,Gov,Open,Major Cities,41383,47780,-33.8886,151.095,1844
41172,Engadine High School,Engadine,NSW,2233,Secondary,Gov,Open,Major Cities,41172,48666,-34.0621,151.019,8432
41016,Engadine Public School,Engadine,NSW,2233,Primary,Gov,Open,Major Cities,41016,44420,-34.0634,151.012,1845
41098,Engadine West Public School,Engadine,NSW,2233,Primary,Gov,Open,Major Cities,41098,44926,-34.0595,151.003,4292
43065,Enngonia Public School,Enngonia,NSW,2840,Primary,Gov,Open,Very Remote,43065,51063,-29.3189,145.844,3626
53289,EOC Broken Bay,Davidson,NSW,2085,Special,Non-Gov,Proposed,Major Cities,53289,,-33.74164829,151.1985317,78311_00
53290,EOC Broken Bay - Lake Munmorah,Lake Munmorah,NSW,2259,Special,Non-Gov,Proposed,Major Cities,53289,,-33.18799807,151.5773233,78311_01
53291,EOC Broken Bay - Wahroonga,Wahroonga,NSW,2076,Special,Non-Gov,Proposed,Major Cities,53289,,-33.71621732,151.1216039,78311_02
41353,Epping Boys High School,Eastwood,NSW,2122,Secondary,Gov,Open,Major Cities,41353,54237,-33.7695,151.1,8884
41274,Epping Heights Public School,Epping,NSW,2121,Primary,Gov,Open,Major Cities,41274,47767,-33.7627,151.074,4038
41279,Epping North Public School,North Epping,NSW,2121,Primary,Gov,Open,Major Cities,41279,47768,-33.7576,151.095,4165
41208,Epping Public School,Epping,NSW,2121,Primary,Gov,Open,Major Cities,41208,44925,-33.7707,151.088,1850
41209,Epping West Public School,Epping,NSW,2121,Primary,Gov,Open,Major Cities,41209,47769,-33.7728,151.068,1851
41892,Erina Heights Public School,Erina Heights,NSW,2260,Primary,Gov,Open,Major Cities,41892,48674,-33.428,151.414,1856
42109,Erina High School,Erina,NSW,2250,Secondary,Gov,Open,Major Cities,42109,48675,-33.4403,151.382,8405
41210,Ermington Public School,West Ryde,NSW,2114,Primary,Gov,Open,Major Cities,41210,47741,-33.8048,151.07,1860
41700,Ermington West Public School,Ermington,NSW,2115,Primary,Gov,Open,Major Cities,41700,47744,-33.8059,151.058,4125
41845,Erskine Park High School,Erskine Park,NSW,2759,Secondary,Gov,Open,Major Cities,41845,54957,-33.808,150.803,8590
41093,Erskineville Public School,Erskineville,NSW,2043,Primary,Gov,Open,Major Cities,41093,47594,-33.9009,151.186,4147
41509,Eschol Park Public School,Eschol Park,NSW,2558,Primary,Gov,Open,Major Cities,41509,56196,-34.0283,150.811,4558
53195,Esslemont College,Kellyville,NSW,2155,Primary,Non-Gov,Open,Major Cities,53195,77327,-33.71336298,150.9615189,78268_00
52931,Estella Public School,Wagga Wagga,NSW,2650,Primary,Gov,Open,Inner Regional,52931,87053,-35.068071,147.352756,4674
50559,ET Australia Secondary College,Gosford,NSW,2250,Special,Non-Gov,Open,Major Cities,50559,87566,-33.425312,151.343,78057_00
53004,ET Australia Secondary College Senior Campus,Gosford,NSW,2250,Special,Non-Gov,Open,Major Cities,50559,87561,-33.4273682,151.3429502,78057_01
41894,Ettalong Public School,Ettalong Beach,NSW,2257,Primary,Gov,Open,Major Cities,41894,48703,-33.5135,151.333,1864
42566,Euabalong West Public School,Euabalong West,NSW,2877,Primary,Gov,Open,Remote,42566,51108,-33.05583,146.397,1867
42978,Eugowra Public School,Eugowra,NSW,2806,Primary,Gov,Open,Outer Regional,42978,51021,-33.4231,148.369,1870
42979,Eumungerie Public School,Eumungerie,NSW,2822,Primary,Gov,Open,Outer Regional,42979,51048,-31.9512,148.621,1873
42210,Eungai Public School,Eungai Creek,NSW,2441,Primary,Gov,Open,Inner Regional,42210,49632,-30.8321,152.874,1874
42211,Eureka Public School,Eureka,NSW,2480,Primary,Gov,Open,Inner Regional,42211,49798,-28.6877,153.439,1879
42567,Eurongilly Public School,Eurongilly,NSW,2663,Primary,Gov,Open,Outer Regional,42567,50516,-34.9102,147.781,1883
42980,Euston Public School,Euston,NSW,2737,Primary,Gov,Open,Outer Regional,42980,50677,-34.5756,142.744,1885
41823,Evans High School,Blacktown,NSW,2148,Secondary,Gov,Open,Major Cities,41823,46355,-33.7865,150.89,8420
42212,Evans River Community School,Evans Head,NSW,2473,Combined,Gov,Open,Inner Regional,42212,55987,-29.1135,153.425,1886
41628,Excelsior Public School,Castle Hill,NSW,2154,Primary,Gov,Open,Major Cities,41628,47866,-33.7404,150.99,1890
42762,Exeter Public School,Exeter,NSW,2579,Primary,Gov,Open,Inner Regional,42762,50253,-34.6161,150.322,1891
42440,Fairfax Public School,Maules Creek,NSW,2382,Primary,Gov,Open,Outer Regional,42440,49488,-30.4934,150.131,1894
41426,Fairfield Heights Public School,Fairfield,NSW,2165,Primary,Gov,Open,Major Cities,41426,48156,-33.8679,150.952,3632
41601,Fairfield High School,Fairfield,NSW,2165,Secondary,Gov,Open,Major Cities,41601,46467,-33.8652,150.959,8550
41384,Fairfield Public School,Fairfield,NSW,2165,Primary,Gov,Open,Major Cities,41384,48157,-33.8668,150.955,1895
41385,Fairfield West Public School,Fairfield West,NSW,2165,Primary,Gov,Open,Major Cities,41385,48158,-33.868,150.925,1896
41590,Fairvale High School,Fairfield West,NSW,2165,Secondary,Gov,Open,Major Cities,41590,46468,-33.8736,150.929,8456
41446,Fairvale Public School,Fairfield,NSW,2165,Primary,Gov,Open,Major Cities,41446,48159,-33.8766,150.941,4009
42763,Fairy Meadow Public School,Fairy Meadow,NSW,2519,Primary,Gov,Open,Major Cities,42763,50003,-34.3905,150.892,1898
42764,Falls Creek Public School,Falls Creek,NSW,2540,Primary,Gov,Open,Inner Regional,42764,50071,-34.9661,150.594,1901
42852,Farmborough Road Public School,Unanderra,NSW,2526,Primary,Gov,Open,Major Cities,42852,50015,-34.4603,150.835,3976
40850,Farmhouse Montessori School,North Balgowlah,NSW,2093,Primary,Non-Gov,Open,Major Cities,40850,68974,-33.7834,151.246,77976_00
51455,"Farmhouse Montessori School, North Head",Manly,NSW,2095,Primary,Non-Gov,Open,Major Cities,40850,77674,-33.8125,151.297,77976_01
42515,Farrer Memorial Agricultural High School,Calala,NSW,2340,Secondary,Gov,Open,Inner Regional,42515,49346,-31.1385,150.98,8111
41895,Fassifern Public School,Fassifern,NSW,2283,Primary,Gov,Open,Major Cities,41895,48969,-32.9834,151.583,1904
41724,Faulconbridge Public School,Faulconbridge,NSW,2776,Primary,Gov,Open,Major Cities,41724,50842,-33.691,150.545,4354
42030,Fennell Bay Public School,Fennell Bay,NSW,2283,Primary,Gov,Open,Major Cities,42030,48972,-32.9917,151.602,4208
42010,Fern Bay Public School,Fern Bay,NSW,2295,Primary,Gov,Open,Major Cities,42010,49130,-32.8717,151.795,3996
41117,Ferncourt Public School,Marrickville,NSW,2204,Primary,Gov,Open,Major Cities,41117,48582,-33.9214,151.151,5114
52431,Fernhill School,Glenmore Park,NSW,2745,Special,Gov,Open,Major Cities,52431,84953,-33.7985,150.685,5768
42233,Fernleigh Public School,Fernleigh,NSW,2479,Primary,Gov,Open,Inner Regional,42233,49772,-28.7677,153.498,2214
40633,Field of Mars Environmental Education Centre,East Ryde,NSW,2113,Combined,Gov,Open,Major Cities,40633,55118,-33.8161,151.133,5428
42881,Figtree Heights Public School,Figtree,NSW,2525,Primary,Gov,Open,Major Cities,42881,50010,-34.4315,150.856,4462
42921,Figtree High School,Figtree,NSW,2525,Secondary,Gov,Open,Major Cities,42921,50012,-34.4384,150.855,8449
42850,Figtree Public School,Figtree,NSW,2525,Primary,Gov,Open,Major Cities,42850,50014,-34.4408,150.854,3964
42213,Fingal Head Public School,Fingal Head,NSW,2487,Primary,Gov,Open,Major Cities,42213,49927,-28.1968,153.565,1915
52672,Finigan School of Distance Education,Queanbeyan,NSW,2620,Combined,Gov,Open,Major Cities,52672,85775,-35.35410305,149.22263,4661
42705,Finley High School,Finley,NSW,2713,Secondary,Gov,Open,Inner Regional,42705,50638,-35.6404,145.573,8360
42656,Finley Public School,Finley,NSW,2713,Primary,Gov,Open,Inner Regional,42656,50639,-35.6394,145.575,3945
41308,Fisher Road School,Dee Why,NSW,2099,Special,Gov,Open,Major Cities,41308,56228,-33.7461,151.287,5405
41017,Five Dock Public School,Five Dock,NSW,2046,Primary,Gov,Open,Major Cities,41017,47599,-33.8663,151.127,1920
42081,Five Islands School,Booragul,NSW,2284,Special,Gov,Open,Major Cities,42081,57532,-32.9743,151.611,5723
40622,Five Islands Secondary College,Port Kembla,NSW,2505,Secondary,Gov,Open,Major Cities,40622,54678,-34.4895,150.912,8373
42882,Flinders Public School,Flinders,NSW,2529,Primary,Gov,Open,Major Cities,42882,57055,-34.5822,150.85,4463
42041,Floraville Public School,Belmont,NSW,2280,Primary,Gov,Open,Major Cities,42041,48742,-33.0142,151.664,4379
43104,Forbes High School,Forbes,NSW,2871,Secondary,Gov,Open,Outer Regional,43104,51100,-33.3646,148.011,8194
43073,Forbes North Public School,Forbes,NSW,2871,Primary,Gov,Open,Outer Regional,43073,51101,-33.3699,148.001,4100
42981,Forbes Public School,Forbes,NSW,2871,Primary,Gov,Open,Outer Regional,42981,51102,-33.3879,148.006,1926
42568,Forest Hill Public School,Forest Hill,NSW,2651,Primary,Gov,Open,Inner Regional,42568,50480,-35.1479,147.467,1930
41018,Forest Lodge Public School,Forest Lodge,NSW,2037,Primary,Gov,Open,Major Cities,41018,46141,-33.8822,151.182,1932
43869,Forestville Montessori School,Forestville,NSW,2087,Primary,Non-Gov,Open,Major Cities,43869,42376,-33.7583,151.219,77056_00
41272,Forestville Public School,Forestville,NSW,2087,Primary,Gov,Open,Major Cities,41272,47684,-33.7616,151.213,4019
42215,Forster Public School,Forster,NSW,2428,Primary,Gov,Open,Inner Regional,42215,49537,-32.1825,152.524,1936
41177,Fort Street High School,Petersham,NSW,2049,Secondary,Gov,Open,Major Cities,41177,47605,-33.8902,151.153,8504
41019,Fort Street Public School,Sydney,NSW,2000,Primary,Gov,Open,Major Cities,41019,57425,-33.8604,151.205,1937
40512,Fowler Road School,Merrylands,NSW,2160,Special,Gov,Open,Major Cities,40512,48142,-33.8415,150.976,5562
43366,Fr John Therry Catholic Primary School Balmain-Rozelle,Balmain,NSW,2041,Primary,Non-Gov,Open,Major Cities,43366,54805,-33.8589,151.184,77058_00
42114,Francis Greenway High School,Beresfield,NSW,2322,Secondary,Gov,Open,Major Cities,42114,46421,-32.797,151.661,8439
42355,Frank Partridge VC Public School,Nambucca Heads,NSW,2448,Primary,Gov,Open,Inner Regional,42355,55119,-30.6418,152.986,4581
42677,Franklin Public School,Tumut,NSW,2720,Primary,Gov,Open,Inner Regional,42677,50645,-35.3151,148.231,4456
42216,Frederickton Public School,Frederickton,NSW,2440,Primary,Gov,Open,Inner Regional,42216,49616,-31.0345,152.879,1943
43484,Freeman Catholic College,Bonnyrigg Heights,NSW,2177,Secondary,Non-Gov,Open,Major Cities,43484,45351,-33.8868,150.863,11785_00
41629,Freemans Reach Public School,Freemans Reach,NSW,2756,Primary,Gov,Open,Major Cities,41629,50742,-33.5587,150.799,1944
41211,Frenchs Forest Public School,Frenchs Forest,NSW,2086,Primary,Gov,Open,Major Cities,41211,47682,-33.7515,151.225,1946
43915,Frensham School,Mittagong,NSW,2575,Secondary,Non-Gov,Open,Inner Regional,43915,41381,-34.4545,150.452,11026_00
42510,G S Kidd Memorial School,Gunnedah,NSW,2380,Special,Gov,Open,Outer Regional,42510,56186,-30.99633166,150.2387911,5685
43374,Galilee Catholic Primary School,Bondi Beach,NSW,2026,Primary,Non-Gov,Open,Major Cities,43374,41571,-33.8852,151.27522,77231_00
43973,Galstaun College,Ingleside,NSW,2101,Combined,Non-Gov,Open,Major Cities,43973,45611,-33.6787,151.265,05611_00
41345,Galston High School,Galston,NSW,2159,Secondary,Gov,Open,Major Cities,41345,48138,-33.6609,151.042,8481
41212,Galston Public School,Galston,NSW,2159,Primary,Gov,Open,Major Cities,41212,48139,-33.648,151.045,1952
52927,Galungara Public School,Schofields,NSW,2762,Primary,Gov,Open,Major Cities,52927,87046,-33.70073,150.880859,4670
42569,Ganmain Public School,Ganmain,NSW,2702,Primary,Gov,Open,Outer Regional,42569,50553,-34.7969,147.04,1954
42441,Garah Public School,Garah,NSW,2405,Primary,Gov,Open,Remote,42441,49509,-29.0772,149.635,1956
42020,Garden Suburb Public School,Garden Suburb,NSW,2289,Primary,Gov,Open,Major Cities,42020,49035,-32.9479,151.682,4136
41138,Gardeners Road Public School,Rosebery,NSW,2018,Primary,Gov,Open,Major Cities,41138,46132,-33.9206,151.198,7418
52943,Gateway Community High,Carlingford,NSW,2118,Special,Non-Gov,Open,Major Cities,52943,87256,-33.781206,151.0552474,78225_00
50704,George Bass School,Bass Hill,NSW,2197,Special,Gov,Open,Major Cities,50704,70138,-33.8988,150.995,5767
41429,Georges Hall Public School,Georges Hall,NSW,2198,Primary,Gov,Open,Major Cities,41429,48572,-33.9124,150.992,3702
41188,Georges River College Hurstville Boys Campus,Hurstville,NSW,2220,Secondary,Gov,Open,Major Cities,41188,8631,-33.9628,151.11,8813
40681,Georges River College Oatley Senior Campus,Oatley,NSW,2223,Secondary,Gov,Open,Major Cities,40681,57056,-33.977,151.081,8284
41171,Georges River College Peakhurst Campus,Peakhurst,NSW,2210,Secondary,Gov,Open,Major Cities,41171,8606,-33.9671,151.056,8408
41192,Georges River College Penshurst Girls Campus,Penshurst,NSW,2222,Secondary,Gov,Open,Major Cities,41192,8634,-33.9641,151.086,8857
40750,Georges River Environmental Education Centre,Chipping Norton,NSW,2170,Combined,Gov,Open,Major Cities,40750,64082,-33.9085,150.961,5430
43874,Georges River Grammar,Georges Hall,NSW,2198,Combined,Non-Gov,Open,Major Cities,43874,48776,-33.9134,150.983,10965_00
43703,German International School Sydney,Terrey Hills,NSW,2084,Combined,Non-Gov,Open,Major Cities,43703,53342,-33.6922,151.221,77096_00
42570,Gerogery Public School,Gerogery,NSW,2642,Primary,Gov,Open,Inner Regional,42570,50453,-35.83213,146.998,1969
42765,Gerringong Public School,Gerringong,NSW,2534,Primary,Gov,Open,Inner Regional,42765,50050,-34.7494,150.821,1971
42982,Geurie Public School,Geurie,NSW,2818,Primary,Gov,Open,Outer Regional,42982,51049,-32.3961,148.829,1972
43740,Giant Steps Sydney,Gladesville,NSW,2111,Special,Non-Gov,Open,Major Cities,43740,55625,-33.838,151.128,11837_00
43871,Gib Gate School,Mittagong,NSW,2575,Primary,Non-Gov,Open,Inner Regional,43871,41382,-34.4542,150.428,77059_00
40751,Gibberagong Environmental Education Centre,North Turramurra,NSW,2074,Combined,Gov,Open,Major Cities,40751,64083,-33.6605,151.159,5714
42442,Gilgai Public School,Gilgai,NSW,2360,Primary,Gov,Open,Outer Regional,42442,49399,-29.8527,151.116,1978
43110,Gilgandra High School,Gilgandra,NSW,2827,Secondary,Gov,Open,Outer Regional,43110,46453,-31.7051,148.666,8349
42983,Gilgandra Public School,Gilgandra,NSW,2827,Primary,Gov,Open,Outer Regional,42983,51037,-31.708,148.665,1979
41897,Gillieston Public School,Gillieston Heights,NSW,2321,Primary,Gov,Open,Major Cities,41897,49170,-32.7523,151.531,1982
42344,Gillwinga Public School,South Grafton,NSW,2460,Primary,Gov,Open,Inner Regional,42344,49718,-29.7244,152.934,4421
43217,Gilroy Catholic College,Castle Hill,NSW,2154,Secondary,Non-Gov,Open,Major Cities,43217,42365,-33.7402,150.997,11647_00
42984,Girilambone Public School,Girilambone,NSW,2831,Primary,Gov,Open,Remote,42984,51050,-31.2497,146.909,1986
40649,Girrakool School,Kariong,NSW,2250,Special,Gov,Open,Major Cities,40649,56188,-33.4237,151.296,5456
41833,Girraween High School,Girraween,NSW,2145,Secondary,Gov,Open,Major Cities,41833,47804,-33.7989,150.944,8500
41630,Girraween Public School,Girraween,NSW,2145,Primary,Gov,Open,Major Cities,41630,47805,-33.7998,150.95,1988
41213,Gladesville Public School,Gladesville,NSW,2111,Primary,Gov,Open,Major Cities,41213,44419,-33.833,151.126,1990
42217,Gladstone Public School,Gladstone,NSW,2440,Primary,Gov,Open,Inner Regional,42217,49618,-31.0265,152.947,1991
41139,Glebe Public School,Glebe,NSW,2037,Primary,Gov,Open,Major Cities,41139,47583,-33.8837,151.191,7419
52829,Gledswood Hills Public School,Gledswood Hills,NSW,2557,Primary,Gov,Open,Major Cities,52829,86423,-34.01141534,150.77673,4667
43068,Glen Alice Public School,Glen Alice,NSW,2849,Primary,Gov,Open,Outer Regional,43068,51072,-33.0406,150.215,3903
42516,Glen Innes High School,Glen Innes,NSW,2370,Secondary,Gov,Open,Inner Regional,42516,49419,-29.7443,151.742,8114
42443,Glen Innes Public School,Glen Innes,NSW,2370,Primary,Gov,Open,Inner Regional,42443,49420,-29.7352,151.739,2005
40545,Glen Innes West Infants School,Glen Innes,NSW,2370,Primary,Gov,Open,Inner Regional,40545,49421,-29.7387,151.724,5116
41898,Glen William Public School,Clarence Town,NSW,2321,Primary,Gov,Open,Inner Regional,41898,49172,-32.5258,151.798,2020
43812,Glenaeon Rudolf Steiner School,Middle Cove,NSW,2068,Combined,Non-Gov,Open,Major Cities,43812,41383,-33.7915,151.209,11028_00
40885,"Glenaeon Rudolf Steiner School, Castlecrag",Castlecrag,NSW,2068,Primary,Non-Gov,Open,Major Cities,43812,77234,-33.802,151.215,11028_01
41631,Glenbrook Public School,Glenbrook,NSW,2773,Primary,Gov,Open,Major Cities,41631,50832,-33.766,150.621,1994
42029,Glendale East Public School,Glendale,NSW,2285,Primary,Gov,Open,Major Cities,42029,46128,-32.9276,151.654,4207
42117,Glendale Technology High School,Glendale,NSW,2285,Secondary,Gov,Open,Major Cities,42117,46344,-32.9259,151.643,8466
41778,Glendenning Public School,Glendenning,NSW,2761,Primary,Gov,Open,Major Cities,41778,54689,-33.7422,150.853,4608
42069,Glendore Public School,Maryland,NSW,2287,Primary,Gov,Open,Major Cities,42069,55818,-32.8739,151.651,4620
41533,Glenfield Park School,Glenfield,NSW,2167,Special,Gov,Open,Major Cities,41533,56229,-33.9679,150.879,5401
41386,Glenfield Public School,Glenfield,NSW,2167,Primary,Gov,Open,Major Cities,41386,48521,-33.971,150.897,2001
41214,Glenhaven Public School,Glenhaven,NSW,2156,Primary,Gov,Open,Major Cities,41214,47867,-33.7008,151.003,2003
41814,Glenmore Park High School,Glenmore Park,NSW,2745,Secondary,Gov,Open,Major Cities,41814,55821,-33.791,150.673,8276
41775,Glenmore Park Public School,Glenmore Park,NSW,2745,Primary,Gov,Open,Major Cities,41775,55389,-33.7834,150.681,4591
41020,Glenmore Road Public School,Paddington,NSW,2021,Primary,Gov,Open,Major Cities,41020,45334,-33.8814,151.23,2009
41215,Glenorie Public School,Glenorie,NSW,2157,Primary,Gov,Open,Inner Regional,41215,56231,-33.5994,151.008,2012
42767,Glenquarry Public School,Glenquarry,NSW,2576,Primary,Gov,Open,Inner Regional,42767,50241,-34.5223,150.484,2015
42218,Glenreagh Public School,Glenreagh,NSW,2450,Primary,Gov,Open,Inner Regional,42218,49657,-30.0536,152.976,2016
43071,Glenroi Heights Public School,Orange,NSW,2800,Primary,Gov,Open,Inner Regional,43071,51007,-33.2972,149.112,4020
42679,Glenroy Public School,North Albury,NSW,2640,Primary,Gov,Open,Inner Regional,42679,50443,-36.0546,146.917,4468
42075,Glenvale School,Narara,NSW,2250,Special,Gov,Open,Major Cities,42075,56230,-33.4066,151.336,5627
41813,Glenwood High School,Glenwood,NSW,2768,Secondary,Gov,Open,Major Cities,41813,63673,-33.733,150.937,8268
41502,Glenwood Public School,Glenfield,NSW,2167,Primary,Gov,Open,Major Cities,41502,48522,-33.9745,150.903,4529
41632,Glossodia Public School,Glossodia,NSW,2756,Primary,Gov,Open,Inner Regional,41632,50744,-33.5305,150.765,2021
42392,Gloucester High School,Gloucester,NSW,2422,Secondary,Gov,Open,Inner Regional,42392,49524,-32.0167,151.96,8371
42369,Gloucester Public School,Gloucester,NSW,2422,Primary,Gov,Open,Inner Regional,42369,49525,-32.0102,151.961,7303
52369,GOAL College,Forest Lodge,NSW,2037,Secondary,Non-Gov,Open,Major Cities,52369,86565,-33.885238,151.183053,78111_00
53042,"GOAL College, ACPE",Sydney Olympic Park,NSW,2127,Secondary,Non-Gov,Open,Major Cities,52369,88537,-33.84513016,151.074874,78111_06
52511,"GOAL College, Olympic Park",Sydney Olympic Park,NSW,2127,Secondary,Non-Gov,Open,Major Cities,52369,86566,-33.8534,151.069,78111_04
42985,Gol Gol Public School,Gol Gol,NSW,2738,Primary,Gov,Open,Outer Regional,42985,50680,-34.1796,142.223,2027
43489,Good Samaritan Catholic College,Hinchinbrook,NSW,2168,Secondary,Non-Gov,Open,Major Cities,43489,55429,-33.9261,150.86,77700_00
50436,Good Samaritan Catholic Primary School,Fairy Meadow,NSW,2519,Primary,Non-Gov,Open,Major Cities,50436,69804,-34.3978,150.89,77322_00
43412,Good Shepherd Catholic Primary School,Hoxton Park,NSW,2171,Primary,Non-Gov,Open,Major Cities,43412,55431,-33.9302,150.862,77633_00
43190,Good Shepherd Primary School,Plumpton,NSW,2761,Primary,Non-Gov,Open,Major Cities,43190,42344,-33.7487,150.834,77565_00
42986,Goodooga Central School,Goodooga,NSW,2838,Combined,Gov,Open,Very Remote,42986,46406,-29.1159,147.456,2033
53157,Googong Public School,Googong,NSW,2620,Primary,Gov,Open,Major Cities,53157,88421,-35.42208931,149.238877,4680
42571,Goolgowi Public School,Goolgowi,NSW,2652,Primary,Gov,Open,Outer Regional,42571,50496,-33.9757,145.709,2035
40573,Goolma Public School,Goolma,NSW,2852,Primary,Gov,Open,Outer Regional,40573,51084,-32.3688,149.269,2036
42219,Goolmangar Public School,Goolmangar,NSW,2480,Primary,Gov,Open,Inner Regional,42219,49800,-28.7097,153.232,2037
42987,Gooloogong Public School,Gooloogong,NSW,2805,Primary,Gov,Open,Outer Regional,42987,56308,-33.6171,148.436,2038
42220,Goonellabah Public School,Goonellabah,NSW,2480,Primary,Gov,Open,Inner Regional,42220,49803,-28.8183,153.322,2041
42221,Goonengerry Public School,Goonengerry,NSW,2482,Primary,Gov,Open,Inner Regional,42221,49805,-28.6095,153.44,2042
41270,Gordon East Public School,Gordon,NSW,2072,Primary,Gov,Open,Major Cities,41270,47631,-33.7459,151.157,3985
41264,Gordon West Public School,Pymble,NSW,2073,Primary,Gov,Open,Major Cities,41264,47632,-33.7603,151.139,3943
42125,Gorokan High School,Lake Haven,NSW,2263,Secondary,Gov,Open,Major Cities,42125,46371,-33.2422,151.508,8515
42053,Gorokan Public School,Gorokan,NSW,2263,Primary,Gov,Open,Major Cities,42053,48731,-33.2525,151.51,4517
42031,Gosford East Public School,East Gosford,NSW,2250,Primary,Gov,Open,Major Cities,42031,48677,-33.4376,151.349,4218
42090,Gosford High School,Gosford,NSW,2250,Secondary,Gov,Open,Major Cities,42090,48678,-33.4172,151.341,8115
41899,Gosford Public School,West Gosford,NSW,2250,Primary,Gov,Open,Major Cities,41899,48679,-33.4208,151.334,2049
42769,Goulburn East Public School,Goulburn,NSW,2580,Primary,Gov,Open,Inner Regional,42769,50254,-34.7626,149.73,2054
42905,Goulburn High School,Goulburn,NSW,2580,Secondary,Gov,Open,Inner Regional,42905,50255,-34.7472,149.711,8116
42770,Goulburn North Public School,Goulburn North,NSW,2580,Primary,Gov,Open,Inner Regional,42770,50256,-34.7446,149.735,2055
42768,Goulburn Public School,Goulburn,NSW,2580,Primary,Gov,Open,Inner Regional,42768,50257,-34.7506,149.718,2053
42771,Goulburn South Public School,Goulburn,NSW,2580,Primary,Gov,Open,Inner Regional,42771,50258,-34.76,149.712,2056
42838,Goulburn West Public School,Goulburn,NSW,2580,Primary,Gov,Open,Inner Regional,42838,50259,-34.7593,149.702,3741
41511,Governor Philip King Public School,Edensor Park,NSW,2176,Primary,Gov,Open,Major Cities,41511,56232,-33.873,150.879,4567
42373,Grafton High School,Grafton,NSW,2460,Secondary,Gov,Open,Inner Regional,42373,49711,-29.6821,152.933,8117
42222,Grafton Public School,Grafton,NSW,2460,Primary,Gov,Open,Inner Regional,42222,49712,-29.685,152.933,2060
42068,Grahamstown Public School,Raymond Terrace,NSW,2324,Primary,Gov,Open,Major Cities,42068,54675,-32.7587,151.775,4609
42686,Gralee School,Leeton,NSW,2705,Special,Gov,Open,Outer Regional,42686,50616,-34.5635,146.412,5730
41613,Granville Boys High School,Granville,NSW,2142,Secondary,Gov,Open,Major Cities,41613,46472,-33.8346,151.009,8811
41531,Granville East Public School,Granville,NSW,2142,Primary,Gov,Open,Major Cities,41531,47792,-33.8483,151.01,5236
41387,Granville Public School,Granville,NSW,2142,Primary,Gov,Open,Major Cities,41387,47793,-33.8343,151.005,2064
41589,Granville South Creative and Performing Arts High School,Guildford,NSW,2161,Secondary,Gov,Open,Major Cities,41589,48144,-33.8606,150.998,8436
41388,Granville South Public School,Guildford,NSW,2161,Primary,Gov,Open,Major Cities,41388,46473,-33.8488,150.997,2066
42444,Gravesend Public School,Gravesend,NSW,2401,Primary,Gov,Open,Outer Regional,42444,49503,-29.5854,150.332,2068
41075,Grays Point Public School,Grays Point,NSW,2232,Primary,Gov,Open,Major Cities,41075,45325,-34.0587,151.072,3914
42400,Great Lakes College Forster Campus,Forster,NSW,2428,Secondary,Gov,Open,Inner Regional,42400,6432,-32.2157,152.528,8534
40676,Great Lakes College Senior Campus,Tuncurry,NSW,2428,Secondary,Gov,Open,Inner Regional,40676,56647,-32.1705,152.501,8281
42388,Great Lakes College Tuncurry Campus,Tuncurry,NSW,2428,Secondary,Gov,Open,Inner Regional,42388,18072,-32.1706,152.501,8289
42224,Green Hill Public School,West Kempsey,NSW,2440,Primary,Gov,Open,Inner Regional,42224,49620,-31.0596,152.803,2071
43972,Green Point Christian College,Green Point,NSW,2251,Combined,Non-Gov,Open,Major Cities,43972,43315,-33.462174,151.364023,03315_00
41389,Green Valley Public School,Green Valley,NSW,2168,Primary,Gov,Open,Major Cities,41389,48528,-33.9015,150.869,2075
43713,Greenacre Christian College,Greenacre,NSW,2190,Combined,Non-Gov,Open,Major Cities,43713,45296,-33.8946,151.056,77061_00
41359,Greenacre Public School,Greenacre,NSW,2190,Primary,Gov,Open,Major Cities,41359,48557,-33.9112,151.058,1123
42572,Greenethorpe Public School,Greenethorpe,NSW,2809,Primary,Gov,Open,Outer Regional,42572,51024,-33.9977,148.4,2070
41520,Greenway Park Public School,Carnes Hill,NSW,2171,Primary,Gov,Open,Major Cities,41520,56111,-33.938,150.838,4624
42844,Greenwell Point Public School,Greenwell Point,NSW,2540,Primary,Gov,Open,Inner Regional,42844,50073,-34.9074,150.73,3872
41216,Greenwich Public School,Greenwich,NSW,2065,Primary,Gov,Open,Major Cities,41216,44418,-33.8259,151.183,2076
53171,Gregory Hills Public School,Gregory Hills,NSW,2557,Primary,Gov,Open,Major Cities,53171,88423,-34.0255077,150.7756538,4682
42988,Grenfell Public School,Grenfell,NSW,2810,Primary,Gov,Open,Outer Regional,42988,51026,-33.8923,148.168,2082
41900,Gresford Public School,Gresford,NSW,2311,Primary,Gov,Open,Inner Regional,41900,49931,-32.4276,151.538,2083
41901,Greta Public School,Greta,NSW,2334,Primary,Gov,Open,Inner Regional,41901,49330,-32.68,151.388,2084
41817,Greystanes High School,Greystanes,NSW,2145,Secondary,Gov,Open,Major Cities,41817,47806,-33.8125,150.94,8385
41633,Greystanes Public School,Greystanes,NSW,2145,Primary,Gov,Open,Major Cities,41633,47807,-33.828,150.941,2086
42666,Griffith East Public School,Griffith,NSW,2680,Primary,Gov,Open,Outer Regional,42666,50541,-34.2861,146.062,4268
42657,Griffith North Public School,Griffith,NSW,2680,Primary,Gov,Open,Outer Regional,42657,50542,-34.2799,146.048,4027
42573,Griffith Public School,Griffith,NSW,2680,Primary,Gov,Open,Outer Regional,42573,50543,-34.2914,146.036,2087
41754,Grose View Public School,Grose Vale,NSW,2753,Primary,Gov,Open,Inner Regional,41754,50724,-33.5945,150.665,4483
41390,Guildford Public School,Guildford,NSW,2161,Primary,Gov,Open,Major Cities,41390,54952,-33.8558,150.982,2093
41445,Guildford West Public School,Guildford West,NSW,2161,Primary,Gov,Open,Major Cities,41445,48146,-33.8477,150.966,4000
41486,Guise Public School,Macquarie Fields,NSW,2564,Primary,Gov,Open,Major Cities,41486,50212,-33.9874,150.896,4461
42989,Gulargambone Central School,Gulargambone,NSW,2828,Combined,Gov,Open,Outer Regional,42989,46459,-31.33304,148.47486,2094
43125,Gulgong High School,Gulgong,NSW,2852,Secondary,Gov,Open,Outer Regional,43125,51086,-32.3602,149.54,8546
42990,Gulgong Public School,Gulgong,NSW,2852,Primary,Gov,Open,Outer Regional,42990,51085,-32.3597,149.538,2097
42225,Gulmarrad Public School,Gulmarrad,NSW,2463,Primary,Gov,Open,Inner Regional,42225,49725,-29.4892,153.234,2099
53223,Gulyangarri Public School,Liverpool,NSW,2170,Primary,Gov,Open,Major Cities,53223,,-33.91776428,150.9322343,4687
42445,Gum Flat Public School,Gum Flat,NSW,2360,Primary,Gov,Open,Outer Regional,42445,49403,-29.7796,150.979,2100
53085,Gumbaynggirr Giingana Freedom School,Coffs Harbour,NSW,2450,Primary,Non-Gov,Open,Inner Regional,53085,87978,-30.30089576,153.123665,78267_00
42708,Gundagai High School,Gundagai,NSW,2722,Secondary,Gov,Open,Inner Regional,42708,50655,-35.0571,148.099,8442
42575,Gundagai Public School,Gundagai,NSW,2722,Primary,Gov,Open,Inner Regional,42575,50657,-35.0521,148.109,2102
42576,Gundagai South Public School,South Gundagai,NSW,2722,Primary,Gov,Open,Inner Regional,42576,50660,-35.0808,148.103,2103
42772,Gundaroo Public School,Gundaroo,NSW,2620,Primary,Gov,Open,Inner Regional,42772,50405,-35.0299,149.267,2104
42521,Gunnedah High School,Gunnedah,NSW,2380,Secondary,Gov,Open,Outer Regional,42521,49480,-30.9826,150.249,8188
42446,Gunnedah Public School,Gunnedah,NSW,2380,Primary,Gov,Open,Outer Regional,42446,49481,-30.9775,150.256,2109
42499,Gunnedah South Public School,Gunnedah,NSW,2380,Primary,Gov,Open,Outer Regional,42499,49482,-30.992,150.25,4018
42773,Gunning Public School,Gunning,NSW,2581,Primary,Gov,Open,Inner Regional,42773,50275,-34.7835,149.266,2111
42447,Guyra Central School,Guyra,NSW,2365,Combined,Gov,Open,Inner Regional,42447,49416,-30.2226,151.677,2114
42991,Gwabegar Public School,Gwabegar,NSW,2356,Primary,Gov,Open,Remote,42991,49391,-30.6115,148.975,2115
42035,Gwandalan Public School,Gwandalan,NSW,2259,Primary,Gov,Open,Major Cities,42035,48708,-33.1355,151.582,4320
42840,Gwynneville Public School,Gwynneville,NSW,2500,Primary,Gov,Open,Major Cities,42840,49938,-34.4172,150.879,3826
41021,Gymea Bay Public School,Gymea Bay,NSW,2227,Primary,Gov,Open,Major Cities,41021,48645,-34.0469,151.083,2116
41103,Gymea North Public School,Gymea,NSW,2227,Primary,Gov,Open,Major Cities,41103,56310,-34.0265,151.088,4389
41169,Gymea Technology High School,Gymea,NSW,2227,Secondary,Gov,Open,Major Cities,41169,46414,-34.03,151.083,8386
41022,Haberfield Public School,Haberfield,NSW,2045,Primary,Gov,Open,Major Cities,41022,45499,-33.8795,151.134,2117
41797,Halinda School,Whalan,NSW,2770,Special,Gov,Open,Major Cities,41797,46413,-33.759,150.807,5642
42360,Hallidays Point Public School,Diamond Beach,NSW,2430,Primary,Gov,Open,Inner Regional,42360,55385,-32.0414,152.538,4611
41774,Hambledon Public School,Quakers Hill,NSW,2763,Primary,Gov,Open,Major Cities,41774,54664,-33.7165,150.887,4590
41999,Hamilton North Public School,Broadmeadow,NSW,2292,Primary,Gov,Open,Major Cities,41999,49103,-32.9174,151.734,3897
42086,Hamilton Public School,Hamilton,NSW,2303,Primary,Gov,Open,Major Cities,42086,45311,-32.9241,151.743,7420
41992,Hamilton South Public School,Merewether,NSW,2291,Primary,Gov,Open,Major Cities,41992,49094,-32.9334,151.753,3795
41391,Hammondville Public School,Hammondville,NSW,2170,Primary,Gov,Open,Major Cities,41391,56193,-33.9473,150.955,2128
41496,Hampden Park Public School,Lakemba,NSW,2195,Primary,Gov,Open,Major Cities,41496,48566,-33.915,151.074,4494
42992,Hampton Public School,Hampton,NSW,2790,Primary,Gov,Open,Inner Regional,42992,56233,-33.6485,150.049,2129
42226,Hannam Vale Public School,Hannam Vale,NSW,2443,Primary,Gov,Open,Inner Regional,42226,49934,-31.7129,152.594,2131
41455,Hannans Road Public School,Riverwood,NSW,2210,Primary,Gov,Open,Major Cities,41455,48604,-33.9453,151.058,4092
42577,Hanwood Public School,Hanwood,NSW,2680,Primary,Gov,Open,Outer Regional,42577,50544,-34.3299,146.042,2132
41217,Harbord Public School,Freshwater,NSW,2096,Primary,Gov,Open,Major Cities,41217,47698,-33.7727,151.286,2133
41528,Harcourt Public School,Campsie,NSW,2194,Primary,Gov,Open,Major Cities,41528,48565,-33.909,151.096,5118
42993,Hargraves Public School,Hargraves,NSW,2850,Primary,Gov,Open,Outer Regional,42993,51074,-32.7833,149.462,2136
41523,Harrington Park Public School,Harrington Park,NSW,2567,Primary,Gov,Open,Major Cities,41523,56641,-34.0271,150.739,4628
42227,Harrington Public School,Harrington,NSW,2427,Primary,Gov,Open,Inner Regional,42227,49536,-31.8702,152.689,2139
41470,Harrington Street Public School,Cabramatta,NSW,2166,Primary,Gov,Open,Major Cities,41470,48518,-33.8882,150.909,4314
53083,Hartford College,Daceyville,NSW,2032,Combined,Non-Gov,Open,Major Cities,53083,88287,-33.93051408,151.225716,78251_00
42228,Harwood Island Public School,Harwood,NSW,2465,Primary,Gov,Open,Inner Regional,42228,49730,-29.4256,153.24,2142
41776,Hassall Grove Public School,Hassall Grove,NSW,2761,Primary,Gov,Open,Major Cities,41776,54688,-33.7355,150.839,4598
42348,Hastings Public School,Port Macquarie,NSW,2444,Primary,Gov,Open,Inner Regional,42348,56234,-31.4531,152.918,4524
42390,"Hastings Secondary College, Port Macquarie Campus",Port Macquarie,NSW,2444,Secondary,Gov,Open,Inner Regional,42390,49640,-31.4348,152.92,8364
42402,"Hastings Secondary College, Westport Campus",Port Macquarie,NSW,2444,Secondary,Gov,Open,Inner Regional,42402,15117,-31.4353,152.895,8554
42902,Havenlee School,North Nowra,NSW,2541,Special,Gov,Open,Inner Regional,42902,56169,-34.8552,150.576,5698
41841,Hawkesbury High School,Freemans Reach,NSW,2756,Secondary,Gov,Open,Major Cities,41841,54984,-33.5595,150.798,8565
43974,Hawkesbury Independent School,Kurrajong,NSW,2758,Primary,Non-Gov,Open,Inner Regional,43974,54289,-33.5267,150.692,77064_00
42578,Hay Public School,Hay,NSW,2711,Primary,Gov,Open,Outer Regional,42578,50633,-34.5061,144.844,2145
42691,Hay War Memorial High School,Hay,NSW,2711,Secondary,Gov,Open,Outer Regional,42691,50634,-34.5052,144.841,8119
42875,Hayes Park Public School,Kanahooka,NSW,2530,Primary,Gov,Open,Major Cities,42875,44928,-34.4916,150.816,4399
41683,Hazelbrook Public School,Hazelbrook,NSW,2779,Primary,Gov,Open,Major Cities,41683,50859,-33.7266,150.459,3854
52432,Headland Montessori ELC,Manly,NSW,2095,Primary,Non-Gov,Open,Major Cities,52432, ,-33.8097,151.298,78076_00
41118,Heathcote East Public School,Heathcote,NSW,2233,Primary,Gov,Open,Major Cities,41118,44417,-34.0821,151.02,5272
41161,Heathcote High School,Heathcote,NSW,2233,Secondary,Gov,Open,Major Cities,41161,48667,-34.0823,151.014,8246
41023,Heathcote Public School,Heathcote,NSW,2233,Primary,Gov,Open,Major Cities,41023,44404,-34.0867,151.007,2149
42018,Heaton Public School,Jesmond,NSW,2299,Primary,Gov,Open,Major Cities,42018,46440,-32.8998,151.695,4129
41743,Hebersham Public School,Hebersham,NSW,2770,Primary,Gov,Open,Major Cities,41743,50802,-33.7481,150.826,4447
41473,Heckenberg Public School,Heckenberg,NSW,2168,Primary,Gov,Open,Major Cities,41473,48529,-33.9088,150.891,4336
42774,Helensburgh Public School,Helensburgh,NSW,2508,Primary,Gov,Open,Major Cities,42774,49977,-34.1842,150.988,2153
43154,Hennessy Catholic College,Young,NSW,2594,Secondary,Non-Gov,Open,Inner Regional,43154,42318,-34.3149,148.291,11608_00
41781,Henry Fulton Public School,Cranebrook,NSW,2749,Primary,Gov,Open,Major Cities,41781,55391,-33.7047,150.71,4619
42118,Henry Kendall High School,Gosford,NSW,2250,Secondary,Gov,Open,Major Cities,42118,48680,-33.4217,151.335,8467
43623,Henschke Primary School,Wagga Wagga,NSW,2650,Primary,Non-Gov,Open,Inner Regional,43623,41320,-35.1318,147.351,77066_00
42579,Henty Public School,Henty,NSW,2658,Primary,Gov,Open,Inner Regional,42579,56236,-35.5175,147.031,2154
40409,Heritage Christian School,Port Macquarie,NSW,2444,Combined,Non-Gov,Open,Inner Regional,40409,44067,-31.4303,152.880468,04067_00
43951,Heritage College Lake Macquarie,Morisset,NSW,2264,Combined,Non-Gov,Open,Major Cities,43951,55976,-33.09854,151.50746,77618_00
42994,Hermidale Public School,Hermidale,NSW,2831,Primary,Gov,Open,Remote,42994,51051,-31.5512,146.723,2155
42229,Hernani Public School,Dorrigo,NSW,2453,Primary,Gov,Open,Outer Regional,42229,49675,-30.2945,152.423,2156
42230,Herons Creek Public School,Herons Creek,NSW,2443,Primary,Gov,Open,Inner Regional,42230,49932,-31.5804,152.73,2157
40381,Highfields Preparatory and Kindergarten School,Lindfield,NSW,2070,Primary,Non-Gov,Open,Major Cities,40381,42363,-33.775,151.164,77067_00
42897,Highlands School,Mittagong,NSW,2575,Special,Gov,Open,Inner Regional,42897,57882,-34.455,150.477,5576
42995,Hill End Public School,Hill End,NSW,2850,Primary,Gov,Open,Outer Regional,42995,51075,-33.0346,149.416,2161
42775,Hill Top Public School,Hill Top,NSW,2575,Primary,Gov,Open,Inner Regional,42775,50237,-34.3548,150.491,2166
50416,Hills Adventist College,North Kellyville,NSW,2155,Combined,Non-Gov,Open,Major Cities,50416,77622,-33.6971,150.956,77033_00
44018,"Hills Adventist College, Castle Hill Campus",Castle Hill,NSW,2154,Primary,Non-Gov,Open,Major Cities,50416,42003,-33.736,151.006,77033_01
52367,Hills Montessori School,West Pennant Hills,NSW,2125,Primary,Non-Gov,Open,Major Cities,52367,85000,-33.7521,151.025,77708_00
42034,Hillsborough Public School,Charlestown,NSW,2290,Primary,Gov,Open,Major Cities,42034,49059,-32.96,151.68,4318
41218,Hillside Public School,Glenorie,NSW,2157,Primary,Gov,Open,Inner Regional,41218,48134,-33.6018,150.976,2164
42580,Hillston Central School,Hillston,NSW,2675,Combined,Gov,Open,Remote,42580,46478,-33.4799,145.54,2165
41688,Hilltop Road Public School,Merrylands,NSW,2160,Primary,Gov,Open,Major Cities,41688,56237,-33.8263,150.973,3997
42505,Hillvue Public School,Tamworth,NSW,2340,Primary,Gov,Open,Inner Regional,42505,49347,-31.1144,150.901,4437
41518,Hinchinbrook Public School,Hinchinbrook,NSW,2168,Primary,Gov,Open,Major Cities,41518,54744,-33.913,150.859,4613
43767,Hinterland Christian College,Mullumbimby,NSW,2482,Combined,Non-Gov,Open,Inner Regional,43767,45454,-28.5424,153.485,77139_00
41902,Hinton Public School,Hinton,NSW,2321,Primary,Gov,Open,Major Cities,41902,49174,-32.7167,151.651,2167
41745,Hobartville Public School,Hobartville,NSW,2753,Primary,Gov,Open,Major Cities,41745,50726,-33.6036,150.742,4452
42581,Holbrook Public School,Holbrook,NSW,2644,Primary,Gov,Open,Inner Regional,42581,56191,-35.7179,147.319,2170
41903,Holgate Public School,Holgate,NSW,2250,Primary,Gov,Open,Major Cities,41903,44416,-33.4051,151.408,2171
43094,Holman Place School,Cowra,NSW,2794,Special,Gov,Open,Inner Regional,43094,56190,-33.8243,148.694,5736
42996,Holmwood Public School,Cowra,NSW,2794,Primary,Gov,Open,Inner Regional,42996,50972,-33.810597,148.756777,2172
41588,Holroyd High School,Greystanes,NSW,2145,Secondary,Gov,Open,Major Cities,41588,47808,-33.8331,150.951,8424
41541,Holroyd School,Merrylands,NSW,2160,Special,Gov,Open,Major Cities,41541,56189,-33.8289,150.982,5633
41605,Holsworthy High School,Holsworthy,NSW,2173,Secondary,Gov,Open,Major Cities,41605,56185,-33.9555,150.952,8564
41466,Holsworthy Public School,Holsworthy,NSW,2173,Primary,Gov,Open,Major Cities,41466,48549,-33.9571,150.954,4288
43243,Holy Cross Catholic Primary School,Kincumber,NSW,2251,Primary,Non-Gov,Open,Major Cities,43243,53415,-33.4651,151.38,77071_00
43341,Holy Cross Catholic Primary School,Helensburgh,NSW,2508,Primary,Non-Gov,Open,Major Cities,43341,41391,-34.1865,150.987,77070_00
43375,Holy Cross Catholic Primary School,Woollahra,NSW,2022,Primary,Non-Gov,Open,Major Cities,43375,41388,-33.8899,151.252,77068_00
43500,Holy Cross College,Ryde,NSW,2112,Secondary,Non-Gov,Open,Major Cities,43500,41387,-33.8194,151.119,11031_00
43293,Holy Cross Primary School,Glendale,NSW,2285,Primary,Non-Gov,Open,Major Cities,43293,41390,-32.9271,151.644,77069_00
43157,Holy Cross Primary School,Glenwood,NSW,2768,Primary,Non-Gov,Open,Major Cities,43157,56049,-33.7349,150.925,77694_00
43342,Holy Family Catholic Primary School,Ingleburn,NSW,2565,Primary,Non-Gov,Open,Major Cities,43342,42388,-34.0033,150.873,77074_00
43245,Holy Family Catholic Primary School,Lindfield,NSW,2070,Primary,Non-Gov,Open,Major Cities,43245,41396,-33.7735,151.166,77076_00
43433,Holy Family Catholic Primary School,Menai,NSW,2234,Primary,Non-Gov,Open,Major Cities,43433,45904,-34.0182,151.021,77080_00
43531,Holy Family Catholic Primary School,Skennars Head,NSW,2478,Primary,Non-Gov,Open,Inner Regional,43531,54602,-28.8278,153.6,77615_00
43557,Holy Family Catholic Primary School,Kelso,NSW,2795,Primary,Non-Gov,Open,Inner Regional,43557,42341,-33.4011,149.606,77075_00
43593,Holy Family Parish School,Parkes,NSW,2870,Primary,Non-Gov,Open,Outer Regional,43593,48884,-33.1327,148.176,77079_00
43312,Holy Family Primary School,Merewether Beach,NSW,2291,Primary,Non-Gov,Open,Major Cities,43312,41397,-32.9489,151.753,77078_00
43171,Holy Family Primary School,Granville East,NSW,2142,Primary,Non-Gov,Open,Major Cities,43171,41394,-33.8484,151.01161,77073_00
43181,Holy Family Primary School,Luddenham,NSW,2745,Primary,Non-Gov,Open,Inner Regional,43181,53420,-33.8816,150.686,77077_00
43209,Holy Family Primary School,Emerton,NSW,2770,Primary,Non-Gov,Open,Major Cities,43209,57385,-33.7482,150.802,77840_00
43391,Holy Innocents' Catholic Primary School,Croydon,NSW,2132,Primary,Non-Gov,Open,Major Cities,43391,41398,-33.8762,151.114,77081_00
43291,Holy Name Primary School,Forster,NSW,2428,Primary,Non-Gov,Open,Inner Regional,43291,41399,-32.1828,152.518,77082_00
43679,Holy Saviour School,Greenacre,NSW,2190,Primary,Non-Gov,Open,Major Cities,43679,56701,-33.9114,151.056,77732_00
43499,Holy Spirit Catholic College,Lakemba,NSW,2195,Secondary,Non-Gov,Open,Major Cities,43499,56321,-33.9217,151.077,77699_00
43502,Holy Spirit Catholic Primary School,Carnes Hill,NSW,2171,Primary,Non-Gov,Open,Major Cities,43502,57386,-33.9394,150.844,77772_00
43439,Holy Spirit Catholic Primary School,North Ryde,NSW,2113,Primary,Non-Gov,Open,Major Cities,43439,42010,-33.7946,151.123,77087_00
43325,Holy Spirit College,Bellambi,NSW,2518,Secondary,Non-Gov,Open,Major Cities,43325,44026,-34.365,150.9147132,11729_00
40374,Holy Spirit Infants School,Abermain,NSW,2326,Primary,Non-Gov,Open,Major Cities,40374,41717,-32.8109,151.443,77083_00
43278,Holy Spirit Primary School,Kurri Kurri,NSW,2327,Primary,Non-Gov,Open,Major Cities,43278,41770,-32.8186,151.485,77084_00
43196,Holy Spirit Primary School,St Clair,NSW,2759,Primary,Non-Gov,Open,Major Cities,43196,45355,-33.7936,150.782,77086_00
43600,Holy Spirit Primary School,Lavington,NSW,2641,Primary,Non-Gov,Open,Inner Regional,43600,41402,-36.03689,146.93713,77085_00
43170,Holy Trinity Primary School,Granville,NSW,2142,Primary,Non-Gov,Open,Major Cities,43170,41405,-33.835,151.002,77089_00
43649,Holy Trinity School,Inverell,NSW,2360,Combined,Non-Gov,Open,Outer Regional,43649,41403,-29.7792,151.131,11046_00
43620,Holy Trinity West Wagga,Ashmont,NSW,2650,Primary,Non-Gov,Open,Inner Regional,43620,41404,-35.1251,147.334,77088_00
41555,Homebush Boys High School,Homebush,NSW,2140,Secondary,Gov,Open,Major Cities,41555,46427,-33.8657,151.078,8151
41392,Homebush Public School,Homebush,NSW,2140,Primary,Gov,Open,Major Cities,41392,47788,-33.8673,151.085,2173
41532,Homebush West Public School,Homebush West,NSW,2140,Primary,Gov,Open,Major Cities,41532,47789,-33.8665,151.067,5251
44017,HopePoint Christian School,Georges Hall,NSW,2198,Primary,Non-Gov,Open,Major Cities,44017,42373,-33.9117,150.977,77031_00
42082,HopeTown School,Wyong,NSW,2259,Special,Gov,Open,Major Cities,42082,62788,-33.281,151.449,5755
41319,Hornsby Girls High School,Hornsby,NSW,2077,Secondary,Gov,Open,Major Cities,41319,47669,-33.7066,151.101,8120
41285,Hornsby Heights Public School,Hornsby,NSW,2077,Primary,Gov,Open,Major Cities,41285,46133,-33.6698,151.097,4274
41293,Hornsby North Public School,Hornsby,NSW,2077,Primary,Gov,Open,Major Cities,41293,47670,-33.6826,151.099,4365
41306,Hornsby South Public School,Hornsby,NSW,2077,Primary,Gov,Open,Major Cities,41306,44917,-33.7135,151.095,5191
41393,Horsley Park Public School,Horsley Park,NSW,2175,Primary,Gov,Open,Major Cities,41393,48153,-33.8404,150.853,2182
42582,Howlong Public School,Howlong,NSW,2643,Primary,Gov,Open,Inner Regional,42582,50459,-35.9799,146.637,2186
41593,Hoxton Park High School,Hinchinbrook,NSW,2168,Secondary,Gov,Open,Major Cities,41593,46384,-33.92,150.862,8485
41394,Hoxton Park Public School,Hoxton Park,NSW,2171,Primary,Gov,Open,Major Cities,41394,48546,-33.9319,150.85,2187
42673,Hume Public School,Lavington,NSW,2641,Primary,Gov,Open,Inner Regional,42673,50446,-36.0504,146.947,4407
42583,Humula Public School,Humula,NSW,2652,Primary,Gov,Open,Outer Regional,42583,50498,-35.4833,147.761,2188
44020,Hunter Christian School,Mayfield,NSW,2304,Combined,Non-Gov,Open,Major Cities,44020,56454,-32.8906,151.738,02384_00
42078,Hunter River Community School,Metford,NSW,2323,Special,Gov,Open,Major Cities,42078,56280,-32.765,151.613,5687
42099,Hunter River High School,Heatherbrae,NSW,2324,Secondary,Gov,Open,Major Cities,42099,46433,-32.7823,151.733,8219
42135,Hunter School of Performing Arts,Broadmeadow,NSW,2292,Combined,Gov,Open,Major Cities,42135,57545,-32.9248,151.728,8819
42100,Hunter Sports High School,Gateshead,NSW,2290,Secondary,Gov,Open,Major Cities,42100,49056,-32.9864,151.69,8233
40790,Hunter Trade College,Telarah,NSW,2320,Secondary,Non-Gov,Open,Major Cities,40790,66775,-32.7393,151.538,77918_00
43977,Hunter Valley Grammar School,Ashtonfield,NSW,2323,Combined,Non-Gov,Open,Major Cities,43977,53412,-32.7683,151.597,13412_00
52818,Hunter Valley Grammar School - Farm,Maitland,NSW,2320,Secondary,Non-Gov,Open,Major Cities,43977,,-32.74534,151.56751,13412_01
41323,Hunters Hill High School,Hunters Hill,NSW,2110,Secondary,Gov,Open,Major Cities,41323,47727,-33.8327,151.149,8207
41219,Hunters Hill Public School,Hunters Hill,NSW,2110,Primary,Gov,Open,Major Cities,41219,47728,-33.8351,151.151,2189
42231,Huntingdon Public School,Wauchope,NSW,2446,Primary,Gov,Open,Inner Regional,42231,49645,-31.4782,152.661,2190
41554,Hurlstone Agricultural High School,Glenfield,NSW,2167,Secondary,Gov,Open,Major Cities,41554,48523,-33.9704,150.894,8121
43804,Hurstville Adventist School,Hurstville,NSW,2220,Primary,Non-Gov,Open,Major Cities,43804,42005,-33.9649,151.109,77090_00
40526,Hurstville Grove Infants School,Penshurst,NSW,2222,Primary,Gov,Open,Major Cities,40526,48633,-33.9731,151.091,5195
41024,Hurstville Public School,Hurstville,NSW,2220,Primary,Gov,Open,Major Cities,41024,44405,-33.9647,151.111,2197
41025,Hurstville South Public School,Hurstville,NSW,2220,Primary,Gov,Open,Major Cities,41025,44406,-33.9725,151.099,2198
42776,Huskisson Public School,Huskisson,NSW,2540,Primary,Gov,Open,Inner Regional,42776,50075,-35.0368,150.668,2199
42997,Ilford Public School,Ilford,NSW,2850,Primary,Gov,Open,Outer Regional,42997,51076,-32.9667,149.855,2201
42584,Illabo Public School,Illabo,NSW,2590,Primary,Gov,Open,Outer Regional,42584,50293,-34.814,147.741,2203
42865,Illaroo Road Public School,North Nowra,NSW,2541,Primary,Gov,Open,Inner Regional,42865,50169,-34.8591,150.59,4246
43788,Illawarra Christian School,Cordeaux Heights,NSW,2526,Combined,Non-Gov,Open,Major Cities,43788,54564,-34.4434,150.83,03312_00
40752,Illawarra Environmental Education Centre,Dunmore,NSW,2529,Combined,Gov,Open,Major Cities,40752,64084,-34.6023,150.86083,5743
40807,Illawarra Hospital School,Wollongong,NSW,2500,Special,Gov,Open,Major Cities,40807,67663,-34.4248,150.884,5551
42913,Illawarra Sports High School,Berkeley,NSW,2506,Secondary,Gov,Open,Major Cities,42913,58289,-34.4808,150.853,8205
41089,Illawong Public School,Illawong,NSW,2234,Primary,Gov,Open,Major Cities,41089,45501,-33.9991,151.043,4077
42232,Iluka Public School,Iluka,NSW,2466,Primary,Gov,Open,Inner Regional,42232,49713,-29.4047,153.349,2204
43456,Immaculate Heart of Mary Catholic Primary School,Sefton,NSW,2162,Primary,Non-Gov,Open,Major Cities,43456,41407,-33.8869,151.009,77093_00
43978,Inaburra School,Bangor,NSW,2234,Combined,Non-Gov,Open,Major Cities,43978,42395,-34.0146,151.026,11674_00
40847,Indie School Albury,Albury,NSW,2640,Special,Non-Gov,Open,Inner Regional,40847,68887,-36.0897,146.913,77954_00
53198,Indie School Fairfield,Fairfield,NSW,2165,Special,Non-Gov,Open,Major Cities,40847,88538,-33.87109754,150.955724,77954_03
53324,Indie School Liverpool,Liverpool,NSW,2170,Special,Non-Gov,Proposed,Major Cities,40847,,-33.92499905,150.9218539,77954_04
52719,Indie School Wagga,Wagga Wagga,NSW,2650,Special,Non-Gov,Open,Inner Regional,40847,86016,-35.10457,147.36719,77954_01
53002,Indie School Wagga - Senior Campus,Wagga Wagga,NSW,2650,Special,Non-Gov,Open,Inner Regional,40847,,-35.10472233,147.3687156,77954_02
40691,Induna School,South Grafton,NSW,2460,Special,Gov,Open,Inner Regional,40691,57434,-29.7224,152.946,5756
41575,Ingleburn High School,Ingleburn,NSW,2565,Secondary,Gov,Open,Major Cities,41575,50214,-34.0051,150.872,8262
41395,Ingleburn Public School,Ingleburn,NSW,2565,Primary,Gov,Open,Major Cities,41395,44415,-34.0003,150.867,2206
52827,Inner Sydney High School,Surry Hills,NSW,2010,Secondary,Gov,Open,Major Cities,52827,86429,-33.88928,151.20587,8913
43982,Inner Sydney Montessori School,Balmain,NSW,2041,Primary,Non-Gov,Open,Major Cities,43982,53347,-33.8591,151.185,77095_00
50425,"Inner Sydney Montessori School, Lilyfield",Lilyfield,NSW,2040,Primary,Non-Gov,Open,Major Cities,43982,77594,-33.8727,151.163,77095_01
53005,International Chinese School,St Leonards,NSW,2065,Primary,Non-Gov,Open,Major Cities,53005,87677,-33.82450798,151.189691,78095_00
43934,International Grammar School,Ultimo,NSW,2007,Combined,Non-Gov,Open,Major Cities,43934,44256,-33.8817,151.195,11759_00
52730,International Maarif Schools of Australia - Gallipoli Campus,Auburn,NSW,2144,Combined,Non-Gov,Open,Major Cities,52730,86889,-33.85425,151.03724,78196_00
42517,Inverell High School,Inverell,NSW,2360,Secondary,Gov,Open,Outer Regional,42517,56224,-29.7657,151.111,8122
42448,Inverell Public School,Inverell,NSW,2360,Primary,Gov,Open,Outer Regional,42448,49407,-29.7731,151.123,2209
41906,Iona Public School,Woodville,NSW,2321,Primary,Gov,Open,Inner Regional,41906,49177,-32.6651,151.604,2211
50571,Irfan College,Cecil Park,NSW,2178,Combined,Non-Gov,Open,Major Cities,50571,69982,-33.877,150.826,78023_00
41785,Ironbark Ridge Public School,Rouse Hill,NSW,2155,Primary,Gov,Open,Major Cities,41785,62886,-33.6874,150.933,4638
42129,Irrawang High School,Raymond Terrace,NSW,2324,Secondary,Gov,Open,Major Cities,42129,54964,-32.7615,151.767,8562
42040,Irrawang Public School,Raymond Terrace,NSW,2324,Primary,Gov,Open,Major Cities,42040,49196,-32.7586,151.757,4372
41907,Islington Public School,Islington,NSW,2296,Primary,Gov,Open,Major Cities,41907,49112,-32.9114,151.744,2212
43899,Italian Bilingual School,Meadowbank,NSW,2114,Primary,Non-Gov,Open,Major Cities,43899,57661,-33.8864,151.158,77768_00
42998,Ivanhoe Central School,Ivanhoe,NSW,2878,Combined,Gov,Open,Very Remote,42998,46476,-32.8985,144.301,2213
41165,J J Cahill Memorial High School,Mascot,NSW,2020,Secondary,Gov,Open,Major Cities,41165,46422,-33.9278,151.201,8263
42777,Jamberoo Public School,Jamberoo,NSW,2533,Primary,Gov,Open,Inner Regional,42777,50045,-34.6446,150.773,2218
41591,James Busby High School,Green Valley,NSW,2168,Secondary,Gov,Open,Major Cities,41591,46382,-33.9101,150.873,8460
41193,James Cook Boys High School,Kogarah,NSW,2217,Secondary,Gov,Open,Major Cities,41193,48626,-33.9665,151.137,8882
41772,James Erskine Public School,Erskine Park,NSW,2759,Primary,Gov,Open,Major Cities,41772,54948,-33.8052,150.804,4579
42701,James Fallon High School,North Albury,NSW,2640,Secondary,Gov,Open,Inner Regional,42701,50439,-36.0602,146.929,8266
41595,James Meehan High School,Macquarie Fields,NSW,2564,Secondary,Gov,Open,Major Cities,41595,46507,-33.9884,150.892,8497
41811,James Ruse Agricultural High School,Carlingford,NSW,2118,Secondary,Gov,Open,Major Cities,41811,47755,-33.7806,151.043,8235
43580,James Sheahan Catholic High School,Orange,NSW,2800,Secondary,Non-Gov,Open,Inner Regional,43580,42322,-33.3013,149.094,11612_00
41840,Jamison High School,South Penrith,NSW,2750,Secondary,Gov,Open,Major Cities,41840,56211,-33.7753,150.698,8559
41764,Jamisontown Public School,South Penrith,NSW,2750,Primary,Gov,Open,Major Cities,41764,50696,-33.7731,150.683,4544
41083,Jannali East Public School,Jannali,NSW,2226,Primary,Gov,Open,Major Cities,41083,48642,-34.0192,151.072,4004
41069,Jannali Public School,Jannali,NSW,2226,Primary,Gov,Open,Major Cities,41069,48644,-34.0179,151.061,3829
41729,Jasper Road Public School,Baulkham Hills,NSW,2153,Primary,Gov,Open,Major Cities,41729,47857,-33.7613,150.982,4382
42449,Jennings Public School,Jennings,NSW,4383,Primary,Gov,Open,Outer Regional,42449,57437,-28.9275,151.934,2223
42585,Jerilderie Public School,Jerilderie,NSW,2716,Primary,Gov,Open,Outer Regional,42585,50641,-35.3546,145.729,2226
53159,Jerrabomberra High School,Jerrabomberra,NSW,2619,Secondary,Gov,Open,Major Cities,53159,88435,-35.38243149,149.1888532,8922
42894,Jerrabomberra Public School,Jerrabomberra,NSW,2619,Primary,Gov,Open,Major Cities,42894,57211,-35.3865,149.199,4633
41908,Jerrys Plains Public School,Jerrys Plains,NSW,2330,Primary,Gov,Open,Outer Regional,41908,49315,-32.49569,150.90768,2231
41909,Jesmond Public School,Jesmond,NSW,2299,Primary,Gov,Open,Major Cities,41909,49117,-32.9038,151.695,2234
42049,Jewells Primary School,Jewells,NSW,2280,Primary,Gov,Open,Major Cities,42049,48743,-33.0152,151.687,4469
42234,Jiggi Public School,Jiggi,NSW,2480,Primary,Gov,Open,Inner Regional,42234,49807,-28.678,153.181,2235
41910,Jilliby Public School,Wyong,NSW,2259,Primary,Gov,Open,Inner Regional,41910,48709,-33.2399,151.38,2236
42779,Jindabyne Central School,Jindabyne,NSW,2627,Combined,Gov,Closed,Outer Regional,42779,,-36.4167,148.619,2237
53268,Jindabyne High School,Jindabyne,NSW,2627,Secondary,Gov,Open,Outer Regional,53268,88561,-36.416703,148.618901,8924
53267,Jindabyne Public School,Jindabyne,NSW,2627,Primary,Gov,Open,Outer Regional,53267,88559,-36.416703,148.618901,4690
42586,Jindera Public School,Jindera,NSW,2642,Primary,Gov,Open,Inner Regional,42586,50454,-35.959,146.887,2239
43979,John Colet School,Belrose,NSW,2085,Primary,Non-Gov,Open,Major Cities,43979,53302,-33.7229,151.214,77567_00
41580,John Edmondson High School,Horningsea Park,NSW,2171,Secondary,Gov,Open,Major Cities,41580,63659,-33.9459,150.843,8290
40808,John Hunter Hospital School,New Lambton Heights,NSW,2305,Special,Gov,Open,Major Cities,40808,67664,-32.9214,151.697,5558
41789,John Palmer Public School,The Ponds,NSW,2769,Primary,Gov,Open,Major Cities,41789,67584,-33.7089,150.91,4648
41303,John Purchase Public School,Cherrybrook,NSW,2126,Primary,Gov,Open,Major Cities,41303,56220,-33.7142,151.045,4572
43376,John the Baptist Catholic Primary School,Bonnyrigg Heights,NSW,2177,Primary,Non-Gov,Open,Major Cities,43376,53344,-33.8873,150.864,77097_00
43326,John Therry Catholic College,Rosemeadow,NSW,2560,Secondary,Non-Gov,Open,Major Cities,43326,42360,-34.10177,150.78783,11642_00
41490,John Warby Public School,Airds,NSW,2560,Primary,Gov,Open,Major Cities,41490,50206,-34.0822,150.834,4479
52831,Jordan Springs Public School,Jordan Springs,NSW,2747,Primary,Gov,Open,Major Cities,52831,86805,-33.72524,150.728693,4669
40560,Jugiong Public School,Jugiong,NSW,2726,Primary,Gov,Open,Outer Regional,40560,50663,-34.820203,148.335447,2245
42698,Junee High School,Junee,NSW,2663,Secondary,Gov,Open,Inner Regional,42698,46448,-34.8692,147.591,8179
42588,Junee North Public School,Junee,NSW,2663,Primary,Gov,Open,Inner Regional,42588,50517,-34.855,147.585,2248
42587,Junee Public School,Junee,NSW,2663,Primary,Gov,Open,Inner Regional,42587,50518,-34.8735,147.585,2247
41995,Kahibah Public School,Kahibah,NSW,2290,Primary,Gov,Open,Major Cities,41995,49091,-32.9649,151.714,3874
42685,Kalinda School,Griffith,NSW,2680,Special,Gov,Open,Outer Regional,42685,46488,-34.293,146.035,5699
43815,Kamaroi Rudolf Steiner School,Belrose,NSW,2085,Primary,Non-Gov,Open,Major Cities,43815,42253,-33.7114,151.216,77099_00
40744,Kamay Botany Bay Environmental Education Centre,Kurnell,NSW,2231,Combined,Gov,Open,Major Cities,40744,64076,-34.0037,151.221,5741
43920,Kambala,Rose Bay,NSW,2029,Combined,Non-Gov,Open,Major Cities,43920,41408,-33.8656,151.272,11051_00
52048,"Kambala, Fernbank Campus",Rose Bay,NSW,2029,Secondary,Non-Gov,Open,Major Cities,43920,,-33.8639,151.271,11051_01
41302,Kambora Public School,Davidson,NSW,2085,Primary,Gov,Open,Major Cities,41302,46129,-33.7401,151.195,4515
42928,Kanahooka High School,Kanahooka,NSW,2530,Secondary,Gov,Open,Major Cities,42928,46367,-34.4947,150.805,8489
42687,Kandeer School,North Albury,NSW,2640,Special,Gov,Open,Inner Regional,42687,56221,-36.0623,146.928,5744
43107,Kandos High School,Kandos,NSW,2848,Secondary,Gov,Open,Inner Regional,43107,46342,-32.8557,149.975,8318
42999,Kandos Public School,Kandos,NSW,2848,Primary,Gov,Open,Inner Regional,42999,51070,-32.8562,149.975,2254
42780,Kangaloon Public School,Kangaloon,NSW,2576,Primary,Gov,Open,Inner Regional,42780,50242,-34.5526,150.53,2255
42781,Kangaroo Valley Public School,Kangaroo Valley,NSW,2577,Primary,Gov,Open,Inner Regional,42781,50246,-34.7365,150.532,2256
41912,Kanwal Public School,Kanwal,NSW,2259,Primary,Gov,Open,Major Cities,41912,48710,-33.2625,151.485,2259
42655,Kapooka Public School,Kapooka,NSW,2661,Primary,Gov,Open,Inner Regional,42655,50515,-35.1515,147.297,3923
42930,Karabar High School,Queanbeyan,NSW,2620,Secondary,Gov,Open,Major Cities,42930,46375,-35.3653,149.225,8524
42236,Karangi Public School,Karangi,NSW,2450,Primary,Gov,Open,Inner Regional,42236,49658,-30.2531,153.047,2260
41105,Kareela Public School,Kareela,NSW,2232,Primary,Gov,Open,Major Cities,41105,46130,-34.0129,151.082,4488
42105,Kariong Mountains High School,Kariong,NSW,2250,Secondary,Gov,Open,Major Cities,42105,68626,-33.4304,151.296,8292
42064,Kariong Public School,Kariong,NSW,2250,Primary,Gov,Open,Major Cities,42064,54680,-33.441,151.29,4580
41538,Karningul School,Regents Park,NSW,2143,Special,Gov,Open,Major Cities,41538,57886,-33.885,151.024,5581
41314,Karonga School,Epping,NSW,2121,Special,Gov,Open,Major Cities,41314,56222,-33.7708,151.061,5670
41913,Karuah Public School,Karuah,NSW,2324,Primary,Gov,Open,Inner Regional,41913,49197,-32.6543,151.967,2263
40845,Karuna Montessori School,Narraweena,NSW,2099,Primary,Non-Gov,Open,Major Cities,40845,68880,-33.7478,151.276,77982_00
41805,Katoomba High School,Katoomba,NSW,2780,Secondary,Gov,Open,Major Cities,41805,50862,-33.7274,150.314,8150
41686,Katoomba North Public School,Katoomba,NSW,2780,Primary,Gov,Open,Major Cities,41686,45313,-33.6991,150.315,3987
41765,Katoomba Public School,Katoomba,NSW,2780,Primary,Gov,Open,Major Cities,41765,50866,-33.7186,150.314,4546
41514,Kearns Public School,Kearns,NSW,2558,Primary,Gov,Open,Major Cities,41514,55087,-34.0215,150.804,4593
41914,Kearsley Public School,Kearsley,NSW,2325,Primary,Gov,Open,Major Cities,41914,49287,-32.8572,151.396,2267
41026,Kegworth Public School,Leichhardt,NSW,2040,Primary,Gov,Open,Major Cities,41026,47585,-33.8865,151.147,2270
42932,Keira High School,Fairy Meadow,NSW,2519,Secondary,Gov,Open,Major Cities,42932,50008,-34.4067,150.889,8541
42782,Keiraville Public School,Keiraville,NSW,2500,Primary,Gov,Open,Major Cities,42782,49940,-34.4141,150.873,2271
42450,Kellys Plains Public School,Armidale,NSW,2350,Primary,Gov,Open,Inner Regional,42450,49377,-30.5719,151.637,2273
41829,Kellyville High School,Kellyville,NSW,2155,Secondary,Gov,Open,Major Cities,41829,57208,-33.7078,150.97,8477
41634,Kellyville Public School,Kellyville,NSW,2155,Primary,Gov,Open,Major Cities,41634,47858,-33.7111,150.958,2274
41786,Kellyville Ridge Public School,Kellyville Ridge,NSW,2155,Primary,Gov,Open,Major Cities,41786,58174,-33.7046,150.924,4639
43000,Kelso Public School,Kelso,NSW,2795,Primary,Gov,Open,Inner Regional,43000,50980,-33.417,149.605,2275
42858,Kemblawarra Public School,Port Kembla,NSW,2505,Primary,Gov,Open,Major Cities,42858,49960,-34.4893,150.893,4083
41425,Kemps Creek Public School,Kemps Creek,NSW,2178,Primary,Gov,Open,Major Cities,41425,56238,-33.8828,150.79,3615
43805,Kempsey Adventist School,Kempsey,NSW,2440,Combined,Non-Gov,Open,Inner Regional,43805,42326,-31.1036,152.842,77687_00
42237,Kempsey East Public School,Kempsey,NSW,2440,Primary,Gov,Open,Inner Regional,42237,49621,-31.0837,152.847,2278
42374,Kempsey High School,Kempsey,NSW,2440,Secondary,Gov,Open,Inner Regional,42374,46364,-31.0694,152.826,8123
42341,Kempsey South Public School,Kempsey,NSW,2440,Primary,Gov,Open,Inner Regional,42341,49622,-31.095,152.83,4196
42238,Kempsey West Public School,West Kempsey,NSW,2440,Primary,Gov,Open,Inner Regional,42238,49623,-31.0783,152.828,2279
42239,Kendall Public School,Kendall,NSW,2439,Primary,Gov,Open,Inner Regional,42239,57869,-31.6274,152.703,2280
41027,Kensington Public School,Kensington,NSW,2033,Primary,Gov,Open,Major Cities,41027,45335,-33.9099,151.225,2283
41277,Kent Road Public School,Eastwood,NSW,2122,Primary,Gov,Open,Major Cities,41277,47771,-33.7874,151.109,4160
41220,Kenthurst Public School,Kenthurst,NSW,2156,Primary,Gov,Open,Major Cities,41220,47868,-33.6656,151.005,2284
41396,Kentlyn Public School,Campbelltown,NSW,2560,Primary,Gov,Open,Major Cities,41396,50207,-34.0731,150.859,2285
42451,Kentucky Public School,Kentucky,NSW,2354,Primary,Gov,Open,Outer Regional,42451,49386,-30.7596,151.449,2286
43839,Kesser Torah College,Dover Heights,NSW,2030,Combined,Non-Gov,Open,Major Cities,43839,56047,-33.8723,151.283,77652_00
43784,Key College,Redfern,NSW,2016,Special,Non-Gov,Open,Major Cities,43784,56513,-33.8918,151.198,13500_00
40923,"Key College, Chapel School campus",Merrylands,NSW,2160,Special,Non-Gov,Open,Major Cities,43784,77451,-33.8374,150.97,13500_01
42667,Khancoban Public School,Khancoban,NSW,2642,Primary,Gov,Open,Outer Regional,42667,50455,-36.2141,148.131,4270
42908,Kiama High School,Kiama,NSW,2533,Secondary,Gov,Open,Major Cities,42908,50047,-34.6807,150.847,8171
42783,Kiama Public School,Kiama,NSW,2533,Primary,Gov,Open,Major Cities,42783,50048,-34.6697,150.851,2293
43625,Kildare Catholic College,Wagga Wagga,NSW,2650,Secondary,Non-Gov,Open,Inner Regional,43625,56717,-35.1226,147.364,77827_00
41343,Killara High School,Killara,NSW,2071,Secondary,Gov,Open,Major Cities,41343,47629,-33.7566,151.174,8457
41261,Killara Public School,Killara,NSW,2071,Primary,Gov,Open,Major Cities,41261,47630,-33.7659,151.148,3918
41338,Killarney Heights High School,Killarney Heights,NSW,2087,Secondary,Gov,Open,Major Cities,41338,47686,-33.7719,151.215,8422
41296,Killarney Heights Public School,Killarney Heights,NSW,2087,Primary,Gov,Open,Major Cities,41296,47685,-33.7749,151.216,4386
42046,Killarney Vale Public School,Killarney Vale,NSW,2261,Primary,Gov,Open,Major Cities,42046,48726,-33.3652,151.456,4426
42240,Kinchela Public School,Kinchela,NSW,2440,Primary,Gov,Open,Inner Regional,42240,49624,-30.9911,152.995,2303
43686,Kincoppal - Rose Bay School of the Sacred Heart,Rose Bay,NSW,2029,Combined,Non-Gov,Open,Major Cities,43686,41357,-33.8634,151.272,11009_00
42133,Kincumber High School,Kincumber,NSW,2251,Secondary,Gov,Open,Major Cities,42133,54954,-33.4649,151.383,8585
41915,Kincumber Public School,Kincumber,NSW,2251,Primary,Gov,Open,Major Cities,41915,48681,-33.4692,151.392,2304
43753,Kindlehill School,Wentworth Falls,NSW,2782,Combined,Non-Gov,Open,Major Cities,43753,57156,-33.7042,150.375,77744_00
41488,King Park Public School,St Johns Park,NSW,2176,Primary,Gov,Open,Major Cities,41488,56241,-33.8791,150.911,4467
42052,King Street Public School,Singleton,NSW,2330,Primary,Gov,Open,Inner Regional,42052,49316,-32.5695,151.175,4514
51461,Kingdom Culture Christian School,Arncliffe,NSW,2205,Combined,Non-Gov,Open,Major Cities,51461,70219,-33.9361,151.139,78091_00
41761,Kings Langley Public School,Kings Langley,NSW,2147,Primary,Gov,Open,Major Cities,41761,47819,-33.7451,150.924,4528
42406,Kingscliff High School,Kingscliff,NSW,2487,Secondary,Gov,Open,Major Cities,42406,55392,-28.2666,153.57,8579
42334,Kingscliff Public School,Kingscliff,NSW,2487,Primary,Gov,Open,Major Cities,42334,49928,-28.2594,153.579,4054
41162,Kingsgrove High School,Kingsgrove,NSW,2208,Secondary,Gov,Open,Major Cities,41162,48596,-33.9485,151.102,8247
41156,Kingsgrove North High School,Kingsgrove,NSW,2208,Secondary,Gov,Open,Major Cities,41156,48597,-33.934,151.098,8221
41028,Kingsgrove Public School,Kingsgrove,NSW,2208,Primary,Gov,Open,Major Cities,41028,48598,-33.9478,151.102,2307
42452,Kingstown Public School,Kingstown,NSW,2358,Primary,Gov,Open,Outer Regional,42452,49393,-30.5067,151.116,2310
41826,Kingswood High School,Kingswood,NSW,2747,Secondary,Gov,Open,Major Cities,41826,50698,-33.7714,150.716,8458
41723,Kingswood Park Public School,Penrith,NSW,2750,Primary,Gov,Open,Major Cities,41723,50700,-33.7412,150.711,4346
41635,Kingswood Public School,Kingswood,NSW,2747,Primary,Gov,Open,Major Cities,41635,45849,-33.7659,150.727,2312
41722,Kingswood South Public School,Kingswood,NSW,2747,Primary,Gov,Open,Major Cities,41722,50702,-33.7693,150.712,4339
40366,Kinma School,Terrey Hills,NSW,2084,Primary,Non-Gov,Open,Major Cities,40366,41409,-33.6866,151.217,77105_00
43844,Kinross Wolaroi School,Orange,NSW,2800,Combined,Non-Gov,Open,Inner Regional,43844,41410,-33.291,149.113,11053_00
52090,"Kinross Wolaroi School, PLC Site",Orange,NSW,2800,Secondary,Non-Gov,Open,Inner Regional,43844,,-33.2859,149.078,11053_01
41916,Kirkton Public School,Lower Belford,NSW,2335,Primary,Gov,Open,Inner Regional,41916,49332,-32.6098,151.29,2314
41174,Kirrawee High School,Kirrawee,NSW,2232,Secondary,Gov,Open,Major Cities,41174,48663,-34.0435,151.073,8437
41088,Kirrawee Public School,Kirrawee,NSW,2232,Primary,Gov,Open,Major Cities,41088,44918,-34.0335,151.077,4075
41917,Kitchener Public School,Kitchener,NSW,2325,Primary,Gov,Open,Inner Regional,41917,49288,-32.8778,151.37,2315
40367,Knox Grammar School,Wahroonga,NSW,2076,Combined,Non-Gov,Open,Major Cities,40367,41411,-33.7231,151.119,11054_00
43884,Knox Grammar Preparatory School,Wahroonga,NSW,2076,Primary,Non-Gov,Open,Major Cities,40367,77007,-33.7185,151.121,11054_01
52388,Knox Grammar School - Wahroonga Preparatory Campus,Wahroonga,NSW,2076,Primary,Non-Gov,Open,Major Cities,40367,77714,-33.7152,151.115,11054_02
41168,Kogarah High School,Kogarah,NSW,2217,Secondary,Gov,Open,Major Cities,41168,46337,-33.9612,151.134,8320
41030,Kogarah Public School,Kogarah,NSW,2217,Primary,Gov,Open,Major Cities,41030,48625,-33.962,151.137,2319
43714,Koinonia Christian Academy,Bourke,NSW,2840,Combined,Non-Gov,Open,Very Remote,43714,42389,-29.9701,145.995,11668_00
42877,Koonawarra Public School,Dapto,NSW,2530,Primary,Gov,Open,Major Cities,42877,50038,-34.5012,150.808,4409
43001,Koorawatha Public School,Koorawatha,NSW,2807,Primary,Gov,Open,Outer Regional,43001,51022,-34.0349,148.56,2326
42712,Kooringal High School,Kooringal,NSW,2650,Secondary,Gov,Open,Inner Regional,42712,50482,-35.1429,147.382,8483
42663,Kooringal Public School,Wagga Wagga,NSW,2650,Primary,Gov,Open,Inner Regional,42663,50483,-35.1488,147.373,4173
42453,Kootingal Public School,Kootingal,NSW,2352,Primary,Gov,Open,Inner Regional,42453,49381,-31.0535,151.054,2327
42241,Kororo Public School,Korora,NSW,2450,Primary,Gov,Open,Inner Regional,42241,49659,-30.2546,153.132,2330
43900,Korowal School,Hazelbrook,NSW,2779,Combined,Non-Gov,Open,Major Cities,43900,42333,-33.71135,150.448,11619_00
42113,Kotara High School,Adamstown,NSW,2289,Secondary,Gov,Open,Major Cities,42113,49046,-32.9471,151.707,8423
40528,Kotara School,Kotara,NSW,2289,Special,Gov,Open,Major Cities,40528,49036,-32.9428,151.7,5738
42027,Kotara South Public School,Kotara,NSW,2289,Primary,Gov,Open,Major Cities,42027,49038,-32.9465,151.695,4203
42242,Krambach Public School,Krambach,NSW,2429,Primary,Gov,Open,Inner Regional,42242,49542,-32.0461,152.272,2333
41918,Kulnura Public School,Kulnura,NSW,2250,Primary,Gov,Open,Inner Regional,41918,48692,-33.2326,151.216,2334
41337,Ku-ring-gai High School,North Turramurra,NSW,2074,Secondary,Gov,Open,Major Cities,41337,47633,-33.691,151.154,8416
41636,Kurmond Public School,Kurmond,NSW,2757,Primary,Gov,Open,Inner Regional,41636,50759,-33.5497,150.692,2340
41031,Kurnell Public School,Kurnell,NSW,2231,Primary,Gov,Open,Major Cities,41031,48662,-34.0102,151.204,2341
41638,Kurrajong East Public School,East Kurrajong,NSW,2758,Primary,Gov,Open,Inner Regional,41638,50764,-33.5113,150.778,2343
41639,Kurrajong North Public School,Kurrajong Hills,NSW,2758,Primary,Gov,Open,Inner Regional,41639,50766,-33.542,150.639,2344
41637,Kurrajong Public School,Kurrajong,NSW,2758,Primary,Gov,Open,Inner Regional,41637,50768,-33.5552,150.663,2342
41795,Kurrambee School,Werrington,NSW,2747,Special,Gov,Open,Major Cities,41795,55390,-33.7664,150.759,5621
42095,Kurri Kurri High School,Kurri Kurri,NSW,2327,Secondary,Gov,Open,Major Cities,42095,46345,-32.8101,151.486,8177
42087,Kurri Kurri Public School,Kurri Kurri,NSW,2327,Primary,Gov,Open,Major Cities,42087,49304,-32.8211,151.478,7422
43758,Kuyper Christian School,Kurrajong,NSW,2758,Combined,Non-Gov,Open,Inner Regional,43758,44071,-33.565039,150.678149,77107_00
40651,Kyeemagh Public School,Rockdale,NSW,2216,Primary,Gov,Open,Major Cities,40651,56242,-33.9491,151.162,5141
42381,Kyogle High School,Kyogle,NSW,2474,Secondary,Gov,Open,Inner Regional,42381,49754,-28.6258,153.002,8189
42244,Kyogle Public School,Kyogle,NSW,2474,Primary,Gov,Open,Inner Regional,42244,49755,-28.6252,153.004,2349
41032,La Perouse Public School,La Perouse,NSW,2036,Primary,Gov,Open,Major Cities,41032,47567,-33.9795,151.235,2373
43577,La Salle Academy,Lithgow,NSW,2790,Secondary,Non-Gov,Open,Inner Regional,43577,41412,-33.4955,150.133,11055_00
43483,La Salle Catholic College,Bankstown,NSW,2200,Secondary,Non-Gov,Open,Major Cities,43483,41366,-33.9081,151.035,77695_00
42589,Ladysmith Public School,Ladysmith,NSW,2652,Primary,Gov,Open,Inner Regional,42589,50499,-35.2085,147.511,2353
42784,Laggan Public School,Laggan,NSW,2583,Primary,Gov,Open,Inner Regional,42784,50420,-34.4062,149.528,2354
41919,Laguna Public School,Laguna,NSW,2325,Primary,Gov,Open,Inner Regional,41919,49290,-32.9921,151.131,2356
41095,Laguna Street Public School,Caringbah,NSW,2229,Primary,Gov,Open,Major Cities,41095,48653,-34.0465,151.113,4230
42590,Lake Albert Public School,Lake Albert,NSW,2650,Primary,Gov,Open,Inner Regional,42590,50484,-35.1736,147.379,2357
42591,Lake Cargelligo Central School,Lake Cargelligo,NSW,2672,Combined,Gov,Open,Remote,42591,46483,-33.2948,146.374,2359
51462,Lake Cathie Public School,Lake Cathie,NSW,2445,Primary,Gov,Open,Inner Regional,51462,70231,-31.5689,152.82752,4654
42855,Lake Heights Public School,Lake Heights,NSW,2502,Primary,Gov,Open,Major Cities,42855,49952,-34.4897,150.868,4011
42924,Lake Illawarra High School,Lake Illawarra,NSW,2528,Secondary,Gov,Open,Major Cities,42924,46501,-34.5418,150.85,8474
42843,Lake Illawarra South Public School,Lake Illawarra,NSW,2528,Primary,Gov,Open,Major Cities,42843,50026,-34.5395,150.859,3867
42098,Lake Macquarie High School,Booragul,NSW,2284,Secondary,Gov,Open,Major Cities,42098,48991,-32.9756,151.614,8210
42104,Lake Munmorah High School,Lake Munmorah,NSW,2259,Secondary,Gov,Open,Major Cities,42104,56629,-33.1883,151.57489,8279
41920,Lake Munmorah Public School,Lake Munmorah,NSW,2259,Primary,Gov,Open,Major Cities,41920,48711,-33.18871,151.576,2362
42592,Lake Wyangan Public School,Lake Wyangan,NSW,2680,Primary,Gov,Open,Outer Regional,42592,50545,-34.2482,146.034,2363
42867,Lakelands Public School,Dapto,NSW,2530,Primary,Gov,Open,Major Cities,42867,50039,-34.505,150.796,4266
41397,Lakemba Public School,Lakemba,NSW,2195,Primary,Gov,Open,Major Cities,41397,48567,-33.9236,151.07,2360
40721,Lakes Grammar - An Anglican School,Warnervale,NSW,2259,Combined,Non-Gov,Open,Major Cities,40721,58102,-33.2424,151.444,77803_00
42077,Lakeside School,Gateshead,NSW,2290,Special,Gov,Open,Major Cities,42077,48741,-32.9837,151.692,5686
41706,Lalor Park Public School,Lalor Park,NSW,2147,Primary,Gov,Open,Major Cities,41706,47820,-33.7605,150.931,4191
42120,Lambton High School,Lambton,NSW,2299,Secondary,Gov,Open,Major Cities,42120,49118,-32.9179,151.722,8482
41921,Lambton Public School,Lambton,NSW,2299,Primary,Gov,Open,Major Cities,41921,49121,-32.9117,151.704,2366
41221,Lane Cove Public School,Lane Cove,NSW,2066,Primary,Gov,Open,Major Cities,41221,47616,-33.8165,151.169,2368
41260,Lane Cove West Public School,Lane Cove,NSW,2066,Primary,Gov,Open,Major Cities,41260,47617,-33.8099,151.152,3908
42245,Lansdowne Public School,Lansdowne,NSW,2430,Primary,Gov,Open,Inner Regional,42245,49549,-31.7839,152.532,2370
41480,Lansvale East Public School,Cabramatta,NSW,2166,Primary,Gov,Open,Major Cities,41480,48519,-33.898,150.964,4391
41530,Lansvale Public School,Canley Vale,NSW,2166,Primary,Gov,Open,Major Cities,41530,48520,-33.891,150.954,5220
41736,Lapstone Public School,Glenbrook,NSW,2773,Primary,Gov,Open,Major Cities,41736,50834,-33.7721,150.631,4424
41922,Largs Public School,Largs,NSW,2320,Primary,Gov,Open,Major Cities,41922,49179,-32.7003,151.606,2374
42247,Larnook Public School,Larnook,NSW,2480,Primary,Gov,Open,Inner Regional,42247,49810,-28.6486,153.115,2375
42248,Laurieton Public School,Laurieton,NSW,2443,Primary,Gov,Open,Inner Regional,42248,49637,-31.6518,152.797,2377
42662,Lavington East Public School,Lavington,NSW,2641,Primary,Gov,Open,Inner Regional,42662,50447,-36.0393,146.949,4168
42593,Lavington Public School,Lavington,NSW,2641,Primary,Gov,Open,Inner Regional,42593,50448,-36.0374,146.928,2378
41540,Lawrence Hargrave School,Warwick Farm,NSW,2170,Special,Gov,Open,Major Cities,41540,56246,-33.9082,150.935,5632
42249,Lawrence Public School,Lawrence,NSW,2460,Primary,Gov,Open,Inner Regional,42249,49714,-29.4916,153.1,2379
41640,Lawson Public School,Lawson,NSW,2783,Primary,Gov,Open,Major Cities,41640,50871,-33.7212,150.428,2381
42695,Leeton High School,Leeton,NSW,2705,Secondary,Gov,Open,Outer Regional,42695,50557,-34.5468,146.406,8156
42594,Leeton Public School,Leeton,NSW,2705,Primary,Gov,Open,Outer Regional,42594,50558,-34.5461,146.407,2386
42197,Leeville Public School,Leeville,NSW,2470,Primary,Gov,Open,Inner Regional,42197,49738,-28.9308,153.004,1740
41140,Leichhardt Public School,Leichhardt,NSW,2040,Primary,Gov,Open,Major Cities,41140,47586,-33.8843,151.158,7423
42340,Lennox Head Public School,Lennox Head,NSW,2478,Primary,Gov,Open,Inner Regional,42340,49767,-28.7944,153.591,4184
41750,Leonay Public School,Emu Plains,NSW,2750,Primary,Gov,Open,Major Cities,41750,50704,-33.7643,150.65,4475
41413,Leppington Public School,Leppington,NSW,2179,Primary,Gov,Open,Major Cities,41413,48548,-33.9593,150.81,2926
41544,Les Powell School,Mount Pritchard,NSW,2170,Special,Gov,Open,Major Cities,41544,48541,-33.9043,150.912,5712
41733,Lethbridge Park Public School,Lethbridge Park,NSW,2770,Primary,Gov,Open,Major Cities,41733,50805,-33.738,150.8,4408
41599,Leumeah High School,Leumeah,NSW,2560,Secondary,Gov,Open,Major Cities,41599,46508,-34.0543,150.847,8532
41450,Leumeah Public School,Leumeah,NSW,2560,Primary,Gov,Open,Major Cities,41450,50208,-34.0494,150.84,4058
41641,Leura Public School,Leura,NSW,2780,Primary,Gov,Open,Major Cities,41641,50868,-33.7112,150.337,2391
41102,Lewisham Public School,Lewisham,NSW,2049,Primary,Gov,Open,Major Cities,41102,47606,-33.8977,151.146,4369
43751,Liberty College,Tamworth,NSW,2340,Primary,Non-Gov,Open,Inner Regional,43751,56361,-31.14059202,150.9235014,77697_00
41398,Lidcombe Public School,Lidcombe,NSW,2141,Primary,Gov,Open,Major Cities,41398,47790,-33.861,151.047,2394
43002,Lightning Ridge Central School,Lightning Ridge,NSW,2834,Combined,Gov,Open,Remote,43002,56309,-29.4252,147.979,2395
41090,Lilli Pilli Public School,Lilli Pilli,NSW,2229,Primary,Gov,Open,Major Cities,41090,48654,-34.0666,151.118,4084
40725,Lincoln School,Dubbo,NSW,2830,Special,Gov,Open,Inner Regional,40725,58125,-32.2313,148.578,5757
41223,Lindfield East Public School,East Lindfield,NSW,2070,Primary,Gov,Open,Major Cities,41223,47627,-33.7675,151.184,2404
52704,Lindfield Learning Village,Lindfield,NSW,2070,Combined,Gov,Open,Major Cities,52704,85782,-33.78950025,151.16112,4658
40832,Lindfield Montessori Preschool,West Lindfield,NSW,2070,Primary,Non-Gov,Open,Major Cities,40832,68555,-33.7778,151.148,77925_00
41222,Lindfield Public School,Lindfield,NSW,2070,Primary,Gov,Open,Major Cities,41222,47626,-33.7808,151.169,2403
43999,Lindisfarne Anglican Grammar School,Terranora,NSW,2486,Combined,Non-Gov,Open,Major Cities,43999,42382,-28.2338,153.506,77110_00
40895,"Lindisfarne Anglican Grammar School, Junior School",Tweed Heads South,NSW,2486,Primary,Non-Gov,Open,Major Cities,43999,77283,-28.196,153.534,77110_01
42857,Lindsay Park Public School,Wollongong,NSW,2500,Primary,Gov,Open,Major Cities,42857,49941,-34.43,150.861,4042
43781,Linuwel School Ltd,East Maitland,NSW,2323,Combined,Non-Gov,Open,Major Cities,43781,42339,-32.7367,151.601,77111_00
42127,Lisarow High School,Lisarow,NSW,2250,Secondary,Gov,Open,Major Cities,42127,54977,-33.3853,151.37,8544
41923,Lisarow Public School,Lisarow,NSW,2250,Primary,Gov,Open,Major Cities,41923,48682,-33.3813,151.376,2407
42335,Lismore Heights Public School,Lismore Heights,NSW,2480,Primary,Gov,Open,Inner Regional,42335,44407,-28.807,153.301,4085
42200,Lismore Public School,Lismore,NSW,2480,Primary,Gov,Open,Inner Regional,42200,49816,-28.8143,153.291,1780
42250,Lismore South Public School,South Lismore,NSW,2480,Primary,Gov,Open,Inner Regional,42250,49819,-28.8095,153.262,2409
43099,Lithgow High School,Lithgow,NSW,2790,Secondary,Gov,Open,Inner Regional,43099,50962,-33.4857,150.166,8125
43003,Lithgow Public School,Lithgow,NSW,2790,Primary,Gov,Open,Inner Regional,43003,50963,-33.4821,150.16,2410
41560,Liverpool Boys High School,Liverpool,NSW,2170,Secondary,Gov,Open,Major Cities,41560,48535,-33.9172,150.932,8186
41557,Liverpool Girls High School,Liverpool,NSW,2170,Secondary,Gov,Open,Major Cities,41557,48536,-33.918,150.931,8176
40810,Liverpool Hospital School,Liverpool,NSW,2170,Special,Gov,Open,Major Cities,40810,67669,-33.9199,150.93,5556
41553,Liverpool Public School,Liverpool,NSW,2170,Primary,Gov,Open,Major Cities,41553,48537,-33.9236,150.926,7424
41459,Liverpool West Public School,Liverpool,NSW,2170,Primary,Gov,Open,Major Cities,41459,48538,-33.9271,150.908,4161
52825,Living School,Lismore,NSW,2480,Combined,Non-Gov,Open,Inner Regional,52825,86543,-28.81261,153.27794,78180_00
53294,Living School - Southern Cross University Campus,East Lismore,NSW,2480,Combined,Non-Gov,Open,Inner Regional,52825,,-28.81652357,153.300678,78180_01
41642,Llandilo Public School,Llandilo,NSW,2747,Primary,Gov,Open,Major Cities,41642,50771,-33.7072,150.752,2413
41924,Lochinvar Public School,Lochinvar,NSW,2321,Primary,Gov,Open,Inner Regional,41924,49180,-32.7003,151.452,2417
42595,Lockhart Central School,Lockhart,NSW,2656,Combined,Gov,Open,Outer Regional,42595,50509,-35.2228,146.715,2418
41094,Loftus Public School,Loftus,NSW,2232,Primary,Gov,Open,Major Cities,41094,48661,-34.047,151.049,4221
41549,Lomandra School,Campbelltown,NSW,2560,Special,Gov,Open,Major Cities,41549,56642,-34.0617,150.824,5753
41643,Londonderry Public School,Londonderry,NSW,2753,Primary,Gov,Open,Major Cities,41643,50728,-33.6475,150.737,2421
42251,Long Flat Public School,Long Flat,NSW,2446,Primary,Gov,Open,Inner Regional,42251,49646,-31.4378,152.486,2423
40753,Longneck Lagoon Environmental Education Centre,Maraylya,NSW,2765,Combined,Gov,Open,Inner Regional,40753,64085,-33.5788,150.894,5690
42214,Lord Howe Island Central School,Lord Howe Island,NSW,2898,Combined,Gov,Open,Very Remote,42214,51116,-31.5304,159.069,1921
43657,Loreto Kirribilli,Kirribilli,NSW,2061,Combined,Non-Gov,Open,Major Cities,43657,41414,-33.8471,151.216,11057_00
43690,Loreto Normanhurst,Normanhurst,NSW,2076,Combined,Non-Gov,Open,Major Cities,43690,41415,-33.721,151.101,11058_00
43763,Lorien Novalis School for Rudolf Steiner Education,Dural,NSW,2158,Combined,Non-Gov,Open,Major Cities,43763,41416,-33.7026,151.015,01416_00
43064,Louth Public School,Louth,NSW,2840,Primary,Gov,Open,Very Remote,43064,56219,-30.5355,145.117,3594
42252,Lowanna Public School,Lowanna,NSW,2450,Primary,Gov,Open,Inner Regional,42252,49661,-30.2072,152.9,2428
42596,Lowesdale Public School,Lowesdale,NSW,2646,Primary,Gov,Open,Inner Regional,42596,50468,-35.8562,146.369,2429
41545,Lucas Gardens School,Canada Bay,NSW,2046,Special,Gov,Open,Major Cities,41545,56218,-33.8687,151.114,5713
41166,Lucas Heights Community School,Barden Ridge,NSW,2234,Combined,Gov,Open,Major Cities,41166,54684,-34.0358,151.005,8271
41644,Luddenham Public School,Luddenham,NSW,2745,Primary,Gov,Open,Inner Regional,41644,45331,-33.8813,150.692,2431
43004,Lue Public School,Lue,NSW,2850,Primary,Gov,Open,Outer Regional,43004,51077,-32.6563,149.845,2432
41066,Lugarno Public School,Lugarno,NSW,2210,Primary,Gov,Open,Major Cities,41066,48605,-33.985,151.045,3796
43153,Lumen Christi Catholic College,Pambula Beach,NSW,2549,Combined,Non-Gov,Open,Outer Regional,43153,57280,-36.9385,149.899,77765_00
41587,Lurnea High School,Lurnea,NSW,2170,Secondary,Gov,Open,Major Cities,41587,46509,-33.9417,150.896,8401
41467,Lurnea Public School,Lurnea,NSW,2170,Primary,Gov,Open,Major Cities,41467,48539,-33.9321,150.892,4289
43948,Lutheran School Wagga Wagga,Wagga Wagga,NSW,2650,Primary,Non-Gov,Open,Inner Regional,43948,43308,-35.1539,147.3621,77580_00
43794,Lycee Condorcet The International French School Of Sydney,Maroubra Junction,NSW,2035,Combined,Non-Gov,Open,Major Cities,43794,53318,-33.9342,151.238,77563_00
43005,Lyndhurst Public School,Lyndhurst,NSW,2797,Primary,Gov,Open,Outer Regional,43005,50993,-33.6733,149.045,2436
41714,Lynwood Park Public School,Blacktown,NSW,2148,Primary,Gov,Open,Major Cities,41714,47833,-33.7544,150.926,4258
43936,Macarthur Adventist College,Macquarie Fields,NSW,2564,Combined,Non-Gov,Open,Major Cities,43936,41421,-33.9835,150.885,77114_00
43949,Macarthur Anglican School,Cobbitty,NSW,2570,Combined,Non-Gov,Open,Major Cities,43949,44272,-34.0138,150.719,11767_00
41847,Macarthur Girls High School,Parramatta,NSW,2150,Secondary,Gov,Open,Major Cities,41847,47842,-33.8131,151.012,8822
41645,Macdonald Valley Public School,Central Macdonald,NSW,2775,Primary,Gov,Open,Inner Regional,41645,48696,-33.3213,150.972,2439
42526,Macintyre High School,Inverell,NSW,2360,Secondary,Gov,Open,Outer Regional,42526,46437,-29.7691,151.13,8490
43266,MacKillop Catholic College,Warnervale,NSW,2259,Combined,Non-Gov,Open,Major Cities,43266,57384,-33.2417,151.468,77816_00
43578,MacKillop College,Bathurst,NSW,2795,Secondary,Non-Gov,Open,Inner Regional,43578,41375,-33.4325,149.588,11022_00
43538,MacKillop College Port Macquarie,Port Macquarie,NSW,2444,Secondary,Non-Gov,Open,Inner Regional,43538,54493,-31.4546,152.898,13415_00
42379,Macksville High School,Macksville,NSW,2447,Secondary,Gov,Open,Inner Regional,42379,49649,-30.7149,152.917,8162
42253,Macksville Public School,Macksville,NSW,2447,Primary,Gov,Open,Inner Regional,42253,49650,-30.7078,152.917,2444
42389,Maclean High School,Maclean,NSW,2463,Secondary,Gov,Open,Inner Regional,42389,49726,-29.4664,153.201,8362
42332,Maclean Public School,Maclean,NSW,2463,Primary,Gov,Open,Inner Regional,42332,49727,-29.4572,153.201,3946
43715,Macleay Vocational College,South Kempsey,NSW,2440,Special,Non-Gov,Open,Inner Regional,43715,57633,-31.0985,152.823,77775_00
43820,Macquarie Anglican Grammar School,Dubbo,NSW,2830,Combined,Non-Gov,Open,Inner Regional,43820,57652,-32.2499,148.576,77769_00
52713,Vista Lodge,Dubbo,NSW,2830,Combined,Non-Gov,Open,Inner Regional,43820,,-32.2715,148.562,77769_01
43847,Macquarie College,Wallsend,NSW,2287,Combined,Non-Gov,Open,Major Cities,43847,41470,-32.92235,151.652,11102_00
41603,Macquarie Fields High School,Macquarie Fields,NSW,2564,Secondary,Gov,Open,Major Cities,41603,46510,-33.9968,150.885,8553
41452,Macquarie Fields Public School,Macquarie Fields,NSW,2564,Primary,Gov,Open,Major Cities,41452,50213,-33.9953,150.882,4064
50227,Macquarie Grammar School,Sydney,NSW,2000,Secondary,Non-Gov,Open,Major Cities,50227,69018,-33.8705,151.205,77931_00
43997,Macquarie University Special Education Centre,Macquarie University,NSW,2109,Special,Non-Gov,Open,Major Cities,43997,45274,-33.7701,151.113,77115_00
41744,Madang Avenue Public School,Whalan,NSW,2770,Primary,Gov,Open,Major Cities,41744,50812,-33.76,150.805,4449
43330,Magdalene Catholic College,Smeaton Grange,NSW,2567,Secondary,Non-Gov,Open,Major Cities,43330,55795,-34.0427,150.757,77703_00
42597,Maimuru Public School,Maimuru,NSW,2594,Primary,Gov,Open,Outer Regional,42597,50296,-34.2431,148.214,2448
42301,Main Arm Upper Public School,Upper Main Arm,NSW,2482,Primary,Gov,Open,Inner Regional,42301,56217,-28.4985,153.412,3236
41539,Mainsbridge School,Liverpool,NSW,2170,Special,Gov,Open,Major Cities,41539,56216,-33.9258,150.908,5630
44013,Maitland Christian School,Metford,NSW,2323,Combined,Non-Gov,Open,Major Cities,44013,44091,-32.7666,151.608,77130_00
41925,Maitland East Public School,East Maitland,NSW,2323,Primary,Gov,Open,Major Cities,41925,49192,-32.749,151.585,2451
42092,Maitland Grossmann High School,East Maitland,NSW,2323,Secondary,Gov,Open,Major Cities,42092,55124,-32.7435,151.592,8127
42091,Maitland High School,East Maitland,NSW,2323,Secondary,Gov,Open,Major Cities,42091,49191,-32.7474,151.597,8126
42005,Maitland Public School,Maitland,NSW,2320,Primary,Gov,Open,Major Cities,42005,49157,-32.7355,151.553,3949
41033,Malabar Public School,Malabar,NSW,2036,Primary,Gov,Open,Major Cities,41033,47568,-33.9622,151.249,2454
43980,Malek Fahd Islamic School,Greenacre,NSW,2190,Combined,Non-Gov,Open,Major Cities,43980,46748,-33.8912,151.06,06748_00
50423,Malek Fahd Islamic School Beaumont Hills,Beaumont Hills,NSW,2155,Combined,Non-Gov,Open,Major Cities,43980,77616,-33.6916,150.939,06748_01
50424,Malek Fahd Islamic School Hoxton Park,Hoxton Park,NSW,2171,Combined,Non-Gov,Open,Major Cities,43980,77617,-33.9271,150.851,06748_02
42504,Mallawa Public School,Moree,NSW,2400,Primary,Gov,Open,Remote,42504,49499,-29.6455,149.439,4262
44019,Mamre Anglican School,Kemps Creek,NSW,2178,Combined,Non-Gov,Open,Major Cities,44019,42334,-33.8314,150.786,02334_00
42254,Manifold Public School,Bentley,NSW,2480,Primary,Gov,Open,Inner Regional,42254,49822,-28.7491,153.077,2464
43007,Manildra Public School,Manildra,NSW,2865,Primary,Gov,Open,Outer Regional,43007,51088,-33.1842,148.7,2465
42513,Manilla Central School,Manilla,NSW,2346,Combined,Gov,Open,Outer Regional,42513,49370,-30.7509,150.728,7305
41273,Manly Vale Public School,Manly Vale,NSW,2093,Primary,Gov,Open,Major Cities,41273,47696,-33.7835,151.26,4021
41265,Manly Village Public School,Manly,NSW,2095,Primary,Gov,Open,Major Cities,41265,44413,-33.7994,151.287,3950
41224,Manly West Public School,Balgowlah,NSW,2093,Primary,Gov,Open,Major Cities,41224,47697,-33.7919,151.269,2469
42033,Mannering Park Public School,Mannering Park,NSW,2259,Primary,Gov,Open,Major Cities,42033,48712,-33.1549,151.536,4316
43775,Manning Adventist School,Tinonee,NSW,2430,Primary,Non-Gov,Open,Inner Regional,43775,42331,-31.943,152.44,77117_00
42351,Manning Gardens Public School,Taree,NSW,2430,Primary,Gov,Open,Inner Regional,42351,56214,-31.8923,152.46,4552
43830,Manning Valley Anglican College,Cundletown,NSW,2430,Combined,Non-Gov,Open,Inner Regional,43830,57937,-31.9039,152.523,77817_00
41646,Maraylya Public School,Maraylya,NSW,2765,Primary,Gov,Open,Inner Regional,41646,50783,-33.5927,150.916,2472
41716,Marayong Heights Public School,Marayong,NSW,2148,Primary,Gov,Open,Major Cities,41716,47834,-33.7427,150.896,4282
41705,Marayong Public School,Blacktown,NSW,2148,Primary,Gov,Open,Major Cities,41705,47835,-33.7566,150.895,4166
41721,Marayong South Public School,Blacktown,NSW,2148,Primary,Gov,Open,Major Cities,41721,47836,-33.7601,150.885,4327
43482,Marcellin College,Randwick,NSW,2031,Secondary,Non-Gov,Open,Major Cities,43482,41422,-33.9136,151.241,11065_00
43747,Margaret Jurd College,Shortland,NSW,2307,Special,Non-Gov,Open,Major Cities,43747,55906,-32.8879,151.695,11836_00
53322,Margaret Jurd College Tuncurry Campus,Tuncurry,NSW,2428,Special,Non-Gov,Proposed,Inner Regional,43747,,-32.17530187,152.4972299,11836_02
43231,Maria Regina Catholic Primary School,Avalon Beach,NSW,2107,Primary,Non-Gov,Open,Major Cities,43231,41424,-33.6335,151.331,77119_00
43224,Marian Catholic College,Kenthurst,NSW,2156,Secondary,Non-Gov,Open,Major Cities,43224,46776,-33.6813,151.001,11310_00
43629,Marian Catholic College,Griffith,NSW,2680,Secondary,Non-Gov,Open,Outer Regional,43629,41334,-34.2868,146.058,10992_00
50705,Marie Bashir Public School,Strathfield,NSW,2135,Primary,Gov,Open,Major Cities,50705,70139,-33.8752,151.079,4652
43411,Marion Catholic Primary School,Horsley Park,NSW,2164,Primary,Non-Gov,Open,Major Cities,43411,43311,-33.8412,150.851,77120_00
43478,Marist Catholic College North Shore,North Sydney,NSW,2060,Combined,Non-Gov,Open,Major Cities,43478,41437,-33.8315,151.207,11077_00
43480,Marist Catholic College Penshurst,Mortdale,NSW,2223,Secondary,Non-Gov,Open,Major Cities,43480,41433,-33.9677,151.083,11074_00
52619,Marist Catholic College Penshurst - South Hurstville Campus,South Hurstville,NSW,2221,Secondary,Non-Gov,Open,Major Cities,43480,85085,-33.9784,151.101,11074_01
43497,Marist College Eastwood,Eastwood,NSW,2122,Secondary,Non-Gov,Open,Major Cities,43497,41431,-33.7891,151.077,11072_00
43477,Marist College Kogarah,Bexley,NSW,2207,Secondary,Non-Gov,Open,Major Cities,43477,41429,-33.959,151.13,11071_00
43501,Marist Sisters' College Woolwich,Woolwich,NSW,2110,Secondary,Non-Gov,Open,Major Cities,43501,41444,-33.8397,151.167,11082_00
42000,Marks Point Public School,Marks Point,NSW,2280,Primary,Gov,Open,Major Cities,42000,48744,-33.0576,151.65,3898
43693,Maronite College of the Holy Family - Parramatta,Harris Park,NSW,2150,Combined,Non-Gov,Open,Major Cities,43693,41485,-33.8216,151.015,01485_00
41647,Maroota Public School,Maroota,NSW,2756,Primary,Gov,Open,Inner Regional,41647,50747,-33.4553,150.994,2480
41034,Maroubra Bay Public School,Maroubra,NSW,2035,Primary,Gov,Open,Major Cities,41034,47561,-33.9442,151.253,2482
41141,Maroubra Junction Public School,Maroubra,NSW,2035,Primary,Gov,Open,Major Cities,41141,47564,-33.9361,151.237,7427
43081,Marra Creek Public School,Nyngan,NSW,2825,Primary,Gov,Open,Remote,43081,51034,-30.8789,147.375,4454
42599,Marrar Public School,Marrar,NSW,2652,Primary,Gov,Open,Inner Regional,42599,50501,-34.8283,147.355,2485
41181,Marrickville High School,Marrickville,NSW,2204,Secondary,Gov,Open,Major Cities,41181,46394,-33.9058,151.156,8540
41079,Marrickville Public School,Marrickville,NSW,2204,Primary,Gov,Open,Major Cities,41079,48583,-33.9059,151.162,3952
41078,Marrickville West Public School,Marrickville,NSW,2204,Primary,Gov,Open,Major Cities,41078,48584,-33.9145,151.145,3951
41327,Marsden High School,Meadowbank,NSW,2114,Secondary,Gov,Open,Major Cities,41327,88103,-33.812981,151.092237,8225
41648,Marsden Park Public School,Marsden Park,NSW,2765,Primary,Gov,Open,Major Cities,41648,50784,-33.6964,150.834,2489
41464,Marsden Road Public School,Liverpool,NSW,2170,Primary,Gov,Open,Major Cities,41464,48540,-33.9165,150.913,4278
41927,Martindale Public School,Martindale,NSW,2328,Primary,Gov,Open,Outer Regional,41927,49311,-32.4588,150.666,2492
41928,Martins Creek Public School,Martins Creek,NSW,2420,Primary,Gov,Open,Inner Regional,41928,49520,-32.566,151.623,2493
42454,Martins Gully Public School,Armidale,NSW,2350,Primary,Gov,Open,Inner Regional,42454,49378,-30.5239,151.637,2494
41104,Marton Public School,Engadine,NSW,2233,Primary,Gov,Open,Major Cities,41104,46140,-34.0465,151.024,4431
42785,Marulan Public School,Marulan,NSW,2579,Primary,Gov,Open,Inner Regional,42785,50260,-34.7134,150.007,2496
41546,Mary Brooksbank School,Rosemeadow,NSW,2560,Special,Gov,Open,Major Cities,41546,56213,-34.0978,150.793,5721
43507,Mary Help of Christians Primary School Sawtell,Toormina,NSW,2452,Primary,Non-Gov,Open,Inner Regional,43507,42367,-30.3582,153.084,77123_00
43378,Mary Immaculate Catholic Primary School,Bossley Park,NSW,2176,Primary,Non-Gov,Open,Major Cities,43378,45352,-33.8608,150.891,77124_00
43338,Mary Immaculate Catholic Primary School,Eagle Vale,NSW,2558,Primary,Non-Gov,Open,Major Cities,43338,45539,-34.0394,150.814,77425_00
43191,Mary Immaculate Primary School,Quakers Hill,NSW,2763,Primary,Non-Gov,Open,Major Cities,43191,46734,-33.7211,150.903,77193_00
43494,Mary MacKillop Catholic College,Wakeley,NSW,2176,Secondary,Non-Gov,Open,Major Cities,43494,41505,-33.866,150.911,11128_00
42067,Maryland Public School,Maryland,NSW,2287,Primary,Gov,Open,Major Cities,42067,54690,-32.8818,151.658,4600
43859,Masada College,St Ives,NSW,2075,Combined,Non-Gov,Open,Major Cities,43859,42393,-33.7298,151.167,11672_00
41035,Mascot Public School,Mascot,NSW,2020,Primary,Gov,Open,Major Cities,41035,44920,-33.9286,151.192,2499
43626,Mater Dei Catholic College,Lake Albert,NSW,2650,Secondary,Non-Gov,Open,Inner Regional,43626,57177,-35.1759,147.363,77828_00
43373,Mater Dei Catholic Primary School,Blakehurst,NSW,2221,Primary,Non-Gov,Open,Major Cities,43373,41449,-33.986,151.112,77128_00
43621,Mater Dei Primary School,Lake Albert,NSW,2650,Primary,Non-Gov,Open,Inner Regional,43621,53179,-35.1778,147.364,77127_00
43696,Mater Dei School,Camden,NSW,2570,Special,Non-Gov,Open,Major Cities,43696,43024,-34.0241,150.697,03024_00
43268,Mater Maria Catholic College,Warriewood,NSW,2102,Secondary,Non-Gov,Open,Major Cities,43268,41450,-33.6835,151.287,11086_00
42600,Mathoura Public School,Mathoura,NSW,2710,Primary,Gov,Open,Outer Regional,42600,50628,-35.8161,144.902,2500
42601,Matong Public School,Matong,NSW,2652,Primary,Gov,Open,Outer Regional,42601,50502,-34.7701,146.927,2501
41036,Matraville Public School,Matraville,NSW,2036,Primary,Gov,Open,Major Cities,41036,47569,-33.9551,151.229,2502
41087,Matraville Soldiers Settlement Public School,Matraville,NSW,2036,Primary,Gov,Open,Major Cities,41087,47570,-33.958,151.24,4067
41163,Matraville Sports High School,Chifley,NSW,2036,Secondary,Gov,Open,Major Cities,41163,46423,-33.9647,151.245,8249
41759,Matthew Pearce Public School,Baulkham Hills,NSW,2153,Primary,Gov,Open,Major Cities,41759,45505,-33.7582,150.964,4526
41487,Mawarra Public School,Camden,NSW,2570,Primary,Gov,Open,Major Cities,41487,50225,-34.0612,150.712,4466
41929,Mayfield East Public School,Mayfield East,NSW,2304,Primary,Gov,Open,Major Cities,41929,49144,-32.8954,151.749,2506
41930,Mayfield West Public School,Mayfield,NSW,2304,Primary,Gov,Open,Major Cities,41930,49145,-32.8887,151.73,2507
42602,Mayrung Public School,Deniliquin,NSW,2710,Primary,Gov,Open,Outer Regional,42602,50629,-35.4643,145.309,2508
43147,McAuley Catholic Central School,Tumut,NSW,2720,Combined,Non-Gov,Open,Inner Regional,43147,53839,-35.3034,148.222,11163_00
43544,McAuley Catholic College,Clarenza,NSW,2460,Secondary,Non-Gov,Open,Inner Regional,43544,53653,-29.705,152.956,11044_00
43453,McAuley Catholic Primary School,Rose Bay,NSW,2029,Primary,Non-Gov,Open,Major Cities,43453,41417,-33.8706,151.272,77129_00
41072,McCallums Hill Public School,Roselands,NSW,2196,Primary,Gov,Open,Major Cities,41072,48568,-33.9347,151.085,3886
43652,McCarthy Catholic College,West Tamworth,NSW,2340,Secondary,Non-Gov,Open,Inner Regional,43652,57022,-31.0728,150.919,77736_00
43008,Meadow Flat Public School,Meadow Flat,NSW,2795,Primary,Gov,Open,Inner Regional,43008,50982,-33.4338,149.92,2509
41257,Meadowbank Public School,Meadowbank,NSW,2114,Primary,Gov,Open,Major Cities,41257,88102,-33.812791,151.091977,3863
42255,Medlow Public School,Medlow,NSW,2447,Primary,Gov,Open,Outer Regional,42255,49651,-30.7791,152.69,2511
53234,Medowie Catholic Primary School,Medowie,NSW,2318,Primary,Non-Gov,Proposed,Inner Regional,53234,,-32.76317728,151.8643494,78291_00
43898,Medowie Christian School,Medowie,NSW,2318,Combined,Non-Gov,Open,Inner Regional,43898,56455,-32.7376,151.85,77190_00
41931,Medowie Public School,Medowie,NSW,2318,Primary,Gov,Open,Inner Regional,41931,45543,-32.738245,151.85406,2512
41650,Megalong Public School,Megalong Valley,NSW,2785,Primary,Gov,Open,Inner Regional,41650,50875,-33.7153,150.233,2515
53327,Melonba High School,Melonba,NSW,2765,Secondary,Gov,Open,Major Cities,53327,,-33.69971733,150.8019513,8921
41254,Melrose Park Public School,West Ryde,NSW,2114,Primary,Gov,Open,Major Cities,41254,46136,-33.8148,151.072,3846
42403,Melville High School,Kempsey,NSW,2440,Secondary,Gov,Open,Inner Regional,42403,49625,-31.0905,152.824,8566
41185,Menai High School,Menai,NSW,2234,Secondary,Gov,Open,Major Cities,41185,46137,-34.0029,151.024,8583
41037,Menai Public School,Menai,NSW,2234,Primary,Gov,Open,Major Cities,41037,48670,-34.0121,151.007,2520
43009,Mendooran Central School,Mendooran,NSW,2842,Combined,Gov,Open,Outer Regional,43009,51065,-31.8187,149.122,2522
43010,Menindee Central School,Menindee,NSW,2879,Combined,Gov,Open,Very Remote,43010,46484,-32.3934,142.413,2523
43269,Mercy Catholic College,Chatswood,NSW,2067,Secondary,Non-Gov,Open,Major Cities,43269,41332,-33.7935,151.185,10990_00
42045,Merewether Heights Public School,Merewether Heights,NSW,2291,Primary,Gov,Open,Major Cities,42045,49097,-32.9467,151.737,4416
42124,Merewether High School,Broadmeadow,NSW,2292,Secondary,Gov,Open,Major Cities,42124,49105,-32.9297,151.735,8510
41932,Merewether Public School,Merewether,NSW,2291,Primary,Gov,Open,Major Cities,41932,49099,-32.9375,151.742,2525
43913,Meriden School,Strathfield,NSW,2135,Combined,Non-Gov,Open,Major Cities,43913,41451,-33.8743,151.09,11087_00
42786,Merimbula Public School,Merimbula,NSW,2548,Primary,Gov,Open,Outer Regional,42786,50180,-36.8865,149.917,2526
41933,Merriwa Central School,Merriwa,NSW,2329,Combined,Gov,Open,Outer Regional,41933,49313,-32.1451,150.353,2528
41529,Merrylands East Public School,Merrylands,NSW,2160,Primary,Gov,Open,Major Cities,41529,48140,-33.8423,150.988,5126
41568,Merrylands High School,Merrylands,NSW,2160,Secondary,Gov,Open,Major Cities,41568,48141,-33.8408,150.97,8227
41399,Merrylands Public School,Merrylands,NSW,2160,Primary,Gov,Open,Major Cities,41399,57451,-33.8405,150.976,2531
41741,Metella Road Public School,Toongabbie,NSW,2146,Primary,Gov,Open,Major Cities,41741,47817,-33.794,150.935,4444
42055,Metford Public School,Metford,NSW,2323,Primary,Gov,Open,Major Cities,42055,56212,-32.7651,151.613,4521
43091,Mian School,Dubbo,NSW,2830,Special,Gov,Open,Inner Regional,43091,57883,-32.2516,148.607,5577
42787,Michelago Public School,Michelago,NSW,2620,Primary,Gov,Open,Inner Regional,42787,50262,-35.706,149.162,2540
43759,MidCoast Christian College,Taree,NSW,2430,Combined,Non-Gov,Open,Inner Regional,43759,45293,-31.888,152.423,05293_00
41225,Middle Dural Public School,Middle Dural,NSW,2158,Primary,Gov,Open,Major Cities,41225,48136,-33.645,151.023,2542
41226,Middle Harbour Public School,Mosman,NSW,2088,Primary,Gov,Open,Major Cities,41226,47688,-33.8228,151.233,2543
41527,Middleton Grange Public School,Middleton Grange,NSW,2171,Primary,Gov,Open,Major Cities,41527,68166,-33.9173,150.848,4647
43072,Middleton Public School,Parkes,NSW,2870,Primary,Gov,Open,Outer Regional,43072,51094,-33.1478,148.173,4089
41935,Milbrodale Public School,Milbrodale,NSW,2330,Primary,Gov,Open,Outer Regional,41935,49317,-32.6968,151.006,2550
41584,Miller High School,Miller,NSW,2168,Secondary,Gov,Open,Major Cities,41584,46385,-33.9236,150.881,8394
41475,Miller Public School,Miller,NSW,2168,Primary,Gov,Open,Major Cities,41475,48530,-33.9215,150.877,4338
41936,Millers Forest Public School,Millers Forest,NSW,2324,Primary,Gov,Open,Major Cities,41936,49198,-32.7521,151.704,2554
41937,Millfield Public School,Millfield,NSW,2325,Primary,Gov,Open,Inner Regional,41937,49292,-32.8892,151.251,2555
43011,Millthorpe Public School,Millthorpe,NSW,2798,Primary,Gov,Open,Inner Regional,43011,50995,-33.4453,149.186,2558
41400,Milperra Public School,Milperra,NSW,2214,Primary,Gov,Open,Major Cities,41400,48622,-33.9413,150.979,2560
42788,Milton Public School,Milton,NSW,2538,Primary,Gov,Open,Inner Regional,42788,50062,-35.3141,150.436,2565
41299,Mimosa Public School,Frenchs Forest,NSW,2086,Primary,Gov,Open,Major Cities,41299,45796,-33.7433,151.206,4432
43827,Minarah College,Green Valley,NSW,2168,Combined,Non-Gov,Open,Major Cities,43827,57658,-33.8982,150.867,77782_00
41771,Minchinbury Public School,Minchinbury,NSW,2770,Primary,Gov,Open,Major Cities,41771,54955,-33.7886,150.832,4577
41124,Minerva School,Sutherland,NSW,2232,Special,Gov,Open,Major Cities,41124,56247,-34.035,151.059,5616
43732,Minimbah Primary School,Armidale,NSW,2350,Primary,Non-Gov,Open,Inner Regional,43732,55383,-30.530328,151.678986,11835_00
41938,Minmi Public School,Minmi,NSW,2287,Primary,Gov,Open,Major Cities,41938,49022,-32.8761,151.617,2571
42885,Minnamurra Public School,Minnamurra,NSW,2533,Primary,Gov,Open,Major Cities,42885,50043,-34.6249,150.853,4498
41401,Minto Public School,Minto,NSW,2566,Primary,Gov,Open,Major Cities,41401,50215,-34.03,150.847,2572
41091,Miranda North Public School,Miranda,NSW,2228,Primary,Gov,Open,Major Cities,41091,48646,-34.032,151.113,4122
41038,Miranda Public School,Miranda,NSW,2228,Primary,Gov,Open,Major Cities,41038,48647,-34.0346,151.097,2574
41821,Mitchell High School,Blacktown,NSW,2148,Secondary,Gov,Open,Major Cities,41821,47837,-33.7848,150.916,8403
42257,Mitchells Island Public School,Mitchells Island,NSW,2430,Primary,Gov,Open,Inner Regional,42257,49551,-31.8968,152.614,2580
42789,Mittagong Public School,Mittagong,NSW,2575,Primary,Gov,Open,Inner Regional,42789,50238,-34.448,150.444,2581
44010,MLC School,Burwood,NSW,2134,Combined,Non-Gov,Open,Major Cities,44010,41452,-33.8716,151.101,11088_00
52066,"MLC School, Art and Design Centre",Burwood,NSW,2134,Combined,Non-Gov,Open,Major Cities,44010,,-33.8717,151.099,11088_01
52363,"MLC School, Music Centre",Burwood,NSW,2134,Combined,Non-Gov,Open,Major Cities,44010,,-33.8713,151.1,11088_02
43777,Moama Anglican Grammar School,Moama,NSW,2731,Combined,Non-Gov,Open,Inner Regional,43777,62779,-36.1012,144.749,77878_00
42604,Moama Public School,Moama,NSW,2731,Primary,Gov,Open,Inner Regional,42604,50681,-36.1153,144.763,2584
42258,Modanville Public School,Lismore,NSW,2480,Primary,Gov,Open,Inner Regional,42258,49824,-28.7302,153.297,2585
41832,Model Farms High School,Baulkham Hills,NSW,2153,Secondary,Gov,Open,Major Cities,41832,47859,-33.7694,150.971,8499
42790,Mogo Public School,Mogo,NSW,2536,Primary,Gov,Open,Inner Regional,42790,50058,-35.7861,150.141,2586
43012,Molong Central School,Molong,NSW,2866,Combined,Gov,Open,Inner Regional,43012,51090,-33.098,148.864,2590
41227,Mona Vale Public School,Mona Vale,NSW,2103,Primary,Gov,Open,Major Cities,41227,47715,-33.677,151.3,2593
42910,Monaro High School,Cooma North,NSW,2630,Secondary,Gov,Open,Inner Regional,42910,50431,-36.2167,149.134,8196
43675,Monte Sant' Angelo Mercy College,North Sydney,NSW,2060,Secondary,Non-Gov,Open,Major Cities,43675,41453,-33.8359,151.207,11089_00
42605,Monteagle Public School,Monteagle,NSW,2594,Primary,Gov,Open,Outer Regional,42605,50297,-34.193,148.347,2599
43922,Montessori East,Bondi,NSW,2026,Primary,Non-Gov,Open,Major Cities,43922,54838,-33.893,151.264,77784_00
44014,Montgrove College,Orchard Hills,NSW,2748,Combined,Non-Gov,Open,Major Cities,44014,56519,-33.7752,150.71474,77722_00
42455,Moonbi Public School,Moonbi,NSW,2353,Primary,Gov,Open,Outer Regional,42455,49383,-31.0198,151.074,2608
41596,Moorebank High School,Moorebank,NSW,2170,Secondary,Gov,Open,Major Cities,41596,46386,-33.9258,150.959,8501
41160,Moorefield Girls High School,Kogarah,NSW,2217,Secondary,Gov,Open,Major Cities,41160,48624,-33.9683,151.138,8241
42259,Moorland Public School,Moorland,NSW,2443,Primary,Gov,Open,Inner Regional,42259,49638,-31.7696,152.651,2616
43790,Moree Christian School,Moree,NSW,2400,Combined,Non-Gov,Open,Outer Regional,43790,44262,-29.4827,149.837,77133_00
42501,Moree East Public School,Moree,NSW,2400,Primary,Gov,Open,Outer Regional,42501,49500,-29.477,149.84,4118
42456,Moree Public School,Moree,NSW,2400,Primary,Gov,Open,Outer Regional,42456,49501,-29.4662,149.838,2618
40437,Moree Secondary College,Moree,NSW,2400,Secondary,Gov,Open,Outer Regional,40437,46407,-29.482,149.84,8325
42525,Moree Secondary College Carol Ave Campus,Moree East,NSW,2400,Secondary,Gov,Open,Outer Regional,42525,6405,-29.482,149.84,8471
43076,Morgan Street Public School,Broken Hill,NSW,2880,Primary,Gov,Open,Outer Regional,43076,51113,-31.9415,141.461,4232
40369,Moriah College,Bondi Junction,NSW,2022,Combined,Non-Gov,Open,Major Cities,40369,41454,-33.8994,151.245,11090_00
42112,Morisset High School,Morisset,NSW,2264,Secondary,Gov,Open,Major Cities,42112,46346,-33.1047,151.487,8413
41939,Morisset Public School,Morisset,NSW,2264,Primary,Gov,Open,Major Cities,41939,48736,-33.1032,151.489,2621
41940,Morpeth Public School,Morpeth,NSW,2321,Primary,Gov,Open,Major Cities,41940,49182,-32.7257,151.632,2623
41039,Mortdale Public School,Mortdale,NSW,2223,Primary,Gov,Open,Major Cities,41039,48636,-33.9729,151.081,2624
41402,Mortlake Public School,Concord,NSW,2137,Primary,Gov,Open,Major Cities,41402,47784,-33.8498,151.104,2625
42916,Moruya High School,Moruya,NSW,2537,Secondary,Gov,Open,Inner Regional,42916,50060,-35.9202,150.08,8368
42791,Moruya Public School,Moruya,NSW,2537,Primary,Gov,Open,Inner Regional,42791,50061,-35.9126,150.076,2628
44022,Mosman Church of England Preparatory School,Mosman,NSW,2088,Primary,Non-Gov,Open,Major Cities,44022,42324,-33.8329,151.24,77134_00
52058,Mosman Preparatory School Outdoor Education Centre,Terrey Hills,NSW,2084,Primary,Non-Gov,Open,Major Cities,44022,,-33.6814,151.216,77134_01
41331,Mosman High School,Mosman,NSW,2088,Secondary,Gov,Open,Major Cities,41331,47689,-33.8297,151.243,8326
41318,Mosman Public School,Mosman,NSW,2088,Primary,Gov,Open,Major Cities,41318,46126,-33.8281,151.241,7430
42917,Moss Vale High School,Moss Vale,NSW,2577,Secondary,Gov,Open,Inner Regional,42917,50247,-34.5515,150.385,8388
42792,Moss Vale Public School,Moss Vale,NSW,2577,Primary,Gov,Open,Inner Regional,42792,50248,-34.5506,150.366,2631
50385,Mother Teresa Primary School,Westmead,NSW,2145,Primary,Non-Gov,Open,Major Cities,50385,67795,-33.8036,150.983,78012_00
42606,Moulamein Public School,Moulamein,NSW,2733,Primary,Gov,Open,Outer Regional,42606,56249,-35.0893,144.033,2632
43864,Mount Annan Christian College,Mount Annan,NSW,2567,Combined,Non-Gov,Open,Major Cities,43864,55811,-34.048,150.777,77696_00
41579,Mount Annan High School,Mount Annan,NSW,2567,Secondary,Gov,Open,Major Cities,41579,57057,-34.0574,150.761,8286
41516,Mount Annan Public School,Mount Annan,NSW,2567,Primary,Gov,Open,Major Cities,41516,55113,-34.0611,150.761,4597
42707,Mount Austin High School,Wagga Wagga,NSW,2650,Secondary,Gov,Open,Inner Regional,42707,46417,-35.1416,147.354,8407
42665,Mount Austin Public School,Mount Austin,NSW,2650,Primary,Gov,Open,Inner Regional,42665,50485,-35.1356,147.352,4215
42878,Mount Brown Public School,Dapto,NSW,2530,Primary,Gov,Open,Major Cities,42878,50041,-34.5159,150.785,4423
43327,Mount Carmel Catholic College,Varroville,NSW,2566,Secondary,Non-Gov,Open,Major Cities,43327,45527,-34.0092,150.823,05527_00
41258,Mount Colah Public School,Mount Colah,NSW,2079,Primary,Gov,Open,Major Cities,41258,47674,-33.6729,151.116,3885
41718,Mount Druitt Public School,Mount Druitt,NSW,2770,Primary,Gov,Open,Major Cities,41718,50815,-33.764,150.813,4290
42260,Mount George Public School,Mount George,NSW,2424,Primary,Gov,Open,Inner Regional,42260,49531,-31.881,152.18,2637
41403,Mount Hunter Public School,Camden,NSW,2570,Primary,Gov,Open,Inner Regional,41403,50226,-34.0713,150.637,2640
42004,Mount Hutton Public School,Mount Hutton,NSW,2290,Primary,Gov,Open,Major Cities,42004,49092,-32.977,151.669,3939
41941,Mount Kanwary Public School,Osterley,NSW,2324,Primary,Gov,Open,Inner Regional,41941,49200,-32.7242,151.699,2641
42793,Mount Keira Public School,Mount Keira,NSW,2500,Primary,Gov,Open,Major Cities,42793,46142,-34.4114,150.856,2642
42794,Mount Kembla Public School,Mount Kembla,NSW,2526,Primary,Gov,Open,Major Cities,42794,50017,-34.4324,150.817,2643
41276,Mount Kuring-gai Public School,Mount Kuring-Gai,NSW,2080,Primary,Gov,Open,Major Cities,41276,47675,-33.6575,151.136,4049
40522,Mount Lewis Infants School,Greenacre,NSW,2190,Primary,Gov,Open,Major Cities,40522,48558,-33.9161,151.05,5241
42859,Mount Ousley Public School,Fairy Meadow,NSW,2519,Primary,Gov,Open,Major Cities,42859,46143,-34.3989,150.888,4095
41942,Mount Pleasant Public School,Singleton,NSW,2330,Primary,Gov,Open,Inner Regional,41942,49318,-32.4085,151.189,2647
41461,Mount Pritchard East Public School,Mount Pritchard,NSW,2170,Primary,Gov,Open,Major Cities,41461,48542,-33.9051,150.912,4210
41404,Mount Pritchard Public School,Mount Pritchard,NSW,2170,Primary,Gov,Open,Major Cities,41404,57697,-33.8998,150.9,2648
41737,Mount Riverview Public School,Mount Riverview,NSW,2774,Primary,Gov,Open,Major Cities,41737,50839,-33.7295,150.633,4435
43705,Mount Sinai College,Maroubra,NSW,2035,Primary,Non-Gov,Open,Major Cities,43705,42399,-33.9352,151.237,77135_00
43660,Mount St Benedict College,Pennant Hills,NSW,2120,Secondary,Non-Gov,Open,Major Cities,43660,41459,-33.7406,151.06,11094_00
43514,Mount St John Primary School,Dorrigo,NSW,2453,Primary,Non-Gov,Open,Inner Regional,43514,41461,-30.3472,152.715,77137_00
43661,Mount St Joseph Milperra,Milperra,NSW,2214,Secondary,Non-Gov,Open,Major Cities,43661,41462,-33.9419,150.994,11097_00
43541,Mount St Patrick College,Murwillumbah,NSW,2484,Secondary,Non-Gov,Open,Inner Regional,43541,41466,-28.3255,153.394,11099_00
43526,Mount St Patrick Primary School,Murwillumbah,NSW,2484,Primary,Non-Gov,Open,Inner Regional,43526,41465,-28.3261,153.395,77138_00
42846,Mount St Thomas Public School,Wollongong,NSW,2500,Primary,Gov,Open,Major Cities,42846,56250,-34.4369,150.87,3881
42890,Mount Terry Public School,Albion Park,NSW,2527,Primary,Gov,Open,Major Cities,42890,54670,-34.5916,150.78,4610
41651,Mount Victoria Public School,Mount Victoria,NSW,2786,Primary,Gov,Open,Inner Regional,41651,50881,-33.5913,150.254,2652
42132,Mount View High School,Cessnock West,NSW,2325,Secondary,Gov,Open,Major Cities,42132,54958,-32.828,151.333,8574
42874,Mount Warrigal Public School,Warilla,NSW,2528,Primary,Gov,Open,Major Cities,42874,50028,-34.5538,150.845,4395
43897,Mountain View Adventist College,Doonside,NSW,2767,Combined,Non-Gov,Open,Major Cities,43897,42004,-33.7685,150.872,11538_00
43970,Mountains Christian College,Blackheath,NSW,2785,Combined,Non-Gov,Open,Inner Regional,43970,43313,-33.630364,150.277652,03313_00
41271,Mowbray Public School,Lane Cove,NSW,2066,Primary,Gov,Open,Major Cities,41271,47618,-33.8039,151.156,4015
43149,Mt Carmel School,Yass,NSW,2582,Primary,Non-Gov,Open,Inner Regional,43149,54565,-34.8419,148.909,11091_00
43100,Mudgee High School,Mudgee,NSW,2850,Secondary,Gov,Open,Inner Regional,43100,51078,-32.5978,149.584,8128
43013,Mudgee Public School,Mudgee,NSW,2850,Primary,Gov,Open,Inner Regional,43013,51079,-32.5959,149.584,2656
41346,Muirfield High School,North Rocks,NSW,2151,Secondary,Gov,Open,Major Cities,41346,47847,-33.7647,151.022,8498
41943,Mulbring Public School,Mulbring,NSW,2323,Primary,Gov,Open,Inner Regional,41943,49194,-32.9013,151.479,2658
41652,Mulgoa Public School,Mulgoa,NSW,2745,Primary,Gov,Open,Inner Regional,41652,50705,-33.8363,150.651,2659
42457,Mullaley Public School,Mullaley,NSW,2379,Primary,Gov,Open,Outer Regional,42457,49479,-31.0987,149.907,2660
42358,Mullaway Public School,Mullaway,NSW,2456,Primary,Gov,Open,Inner Regional,42358,54691,-30.078,153.19,4606
43014,Mullion Creek Public School,Mullion Creek,NSW,2800,Primary,Gov,Open,Inner Regional,43014,51008,-33.139,149.121,2664
42382,Mullumbimby High School,Mullumbimby,NSW,2482,Secondary,Gov,Open,Inner Regional,42382,49905,-28.5586,153.495,8193
42261,Mullumbimby Public School,Mullumbimby,NSW,2482,Primary,Gov,Open,Inner Regional,42261,49906,-28.552,153.506,2665
42608,Mulwala Public School,Mulwala,NSW,2647,Primary,Gov,Open,Inner Regional,42608,50470,-35.9871,146.007,2667
42923,Mulwaree High School,Goulburn,NSW,2580,Secondary,Gov,Open,Inner Regional,42923,50263,-34.7282,149.73,8468
43088,Mulyan Public School,Cowra,NSW,2794,Primary,Gov,Open,Inner Regional,43088,50973,-33.8225,148.688,5242
43016,Mumbil Public School,Mumbil,NSW,2820,Primary,Gov,Open,Outer Regional,43016,51028,-32.7224,149.053,2669
43817,Mumbulla School for Rudolf Steiner Education,Bega,NSW,2550,Primary,Non-Gov,Open,Outer Regional,43817,48773,-36.6725,149.847,77141_00
42262,Mummulgum Public School,Mummulgum,NSW,2469,Primary,Gov,Open,Inner Regional,42262,49740,-28.848,152.802,2671
42458,Mungindi Central School,Mungindi,NSW,2406,Combined,Gov,Open,Remote,42458,46408,-28.9802,148.991,2675
41298,Murray Farm Public School,Carlingford,NSW,2118,Primary,Gov,Open,Major Cities,41298,47756,-33.7661,151.04,4401
42714,Murray High School,Lavington,NSW,2641,Secondary,Gov,Open,Inner Regional,42714,50449,-36.0352,146.946,8505
42610,Murringo Public School,Murringo,NSW,2586,Primary,Gov,Open,Outer Regional,42610,50289,-34.2973,148.515,2681
53172,Murrumbateman Public School,Murrumbateman,NSW,2582,Primary,Gov,Open,Inner Regional,53172,88425,-34.9664454,149.0302879,4683
52724,Murrumbidgee Regional High School,Griffith,NSW,2680,Secondary,Gov,Open,Outer Regional,52724,50547,-34.2821,146.071,8917
42703,Murrumburrah High School,Harden,NSW,2587,Secondary,Gov,Open,Inner Regional,42703,46418,-34.5592,148.37,8328
42611,Murrumburrah Public School,Murrumburrah,NSW,2587,Primary,Gov,Open,Inner Regional,42611,50286,-34.5508,148.36,2685
41944,Murrurundi Public School,Murrurundi,NSW,2338,Primary,Gov,Open,Outer Regional,41944,49341,-31.7628,150.832,2686
42336,Murwillumbah East Public School,Murwillumbah,NSW,2484,Primary,Gov,Open,Inner Regional,42336,49915,-28.3209,153.405,4101
42376,Murwillumbah High School,Murwillumbah,NSW,2484,Secondary,Gov,Open,Inner Regional,42376,49916,-28.336032,153.391648,8129
42263,Murwillumbah Public School,Murwillumbah,NSW,2484,Primary,Gov,Open,Inner Regional,42263,49917,-28.3299,153.391,2687
52944,Muslim Girls Grammar School,Granville,NSW,2142,Secondary,Non-Gov,Open,Major Cities,52944,87177,-33.834848,151.0101571,78244_00
42093,Muswellbrook High School,Muswellbrook,NSW,2333,Secondary,Gov,Open,Inner Regional,42093,46400,-32.2687,150.898,8164
41945,Muswellbrook Public School,Muswellbrook,NSW,2333,Primary,Gov,Open,Inner Regional,41945,49325,-32.2584,150.896,2688
41996,Muswellbrook South Public School,Muswellbrook,NSW,2333,Primary,Gov,Open,Inner Regional,41996,49327,-32.2728,150.891,3876
53162,My Dream Australian Academy,Auburn,NSW,2144,Secondary,Non-Gov,Open,Major Cities,53162,88849,-33.85450296,151.0340006,78254_00
42264,Nabiac Public School,Nabiac,NSW,2312,Primary,Gov,Open,Inner Regional,42264,49606,-32.0975,152.382,2695
43225,Nagle College,Blacktown,NSW,2148,Secondary,Non-Gov,Open,Major Cities,43225,41467,-33.7901,150.902,11100_00
42407,Nambucca Heads High School,Nambucca Heads,NSW,2448,Secondary,Gov,Open,Inner Regional,42407,54693,-30.6408,152.985,8595
42265,Nambucca Heads Public School,Nambucca Heads,NSW,2448,Primary,Gov,Open,Inner Regional,42265,49653,-30.6417,153.006,2696
43744,Nambucca Valley Christian Community School,Nambucca Heads,NSW,2448,Combined,Non-Gov,Open,Inner Regional,43744,55640,-30.6396,152.984,77045_00
43799,Namoi Valley Christian School,Wee Waa,NSW,2388,Combined,Non-Gov,Open,Outer Regional,43799,44266,-30.2261,149.441,77143_00
53278,Namoi Valley Christian School Secondary Campus,Wee Waa,NSW,2388,Secondary,Non-Gov,Open,Outer Regional,43799,,-30.22503142,149.4415428,77143_01
42266,Nana Glen Public School,Nana Glen,NSW,2450,Primary,Gov,Open,Inner Regional,42266,49660,-30.1356,153.006,2698
53155,Nangamay Public School,Glenmore Park,NSW,2745,Primary,Gov,Open,Major Cities,53155,88415,-33.80298118,150.6816297,4677
42612,Nangus Public School,Nangus,NSW,2722,Primary,Gov,Open,Outer Regional,42612,50659,-35.0539,147.909,2699
42613,Naradhan Public School,Naradhan,NSW,2669,Primary,Gov,Open,Remote,42613,50530,-33.6156,146.327,2701
41946,Narara Public School,Lisarow,NSW,2250,Primary,Gov,Open,Major Cities,41946,48684,-33.3879,151.363,2703
42134,Narara Valley High School,Narara,NSW,2250,Secondary,Gov,Open,Major Cities,42134,54694,-33.3984,151.334,8591
42886,Nareena Hills Public School,Figtree,NSW,2525,Primary,Gov,Open,Major Cities,42886,46144,-34.4258,150.848,4500
41405,Narellan Public School,Narellan,NSW,2567,Primary,Gov,Open,Major Cities,41405,50217,-34.0428,150.734,2704
41519,Narellan Vale Public School,Narellan Vale,NSW,2567,Primary,Gov,Open,Major Cities,41519,55820,-34.0561,150.745,4621
41310,Naremburn School,Naremburn,NSW,2065,Special,Gov,Open,Major Cities,41310,57884,-33.8194,151.2,5578
42931,Narooma High School,Narooma,NSW,2546,Secondary,Gov,Open,Outer Regional,42931,46376,-36.2355,150.129,8536
42796,Narooma Public School,Narooma,NSW,2546,Primary,Gov,Open,Outer Regional,42796,50177,-36.2186,150.137,2758
41228,Narrabeen Lakes Public School,Narrabeen,NSW,2101,Primary,Gov,Open,Major Cities,41228,47714,-33.7203,151.297,2706
41259,Narrabeen North Public School,North Narrabeen,NSW,2101,Primary,Gov,Open,Major Cities,41259,47713,-33.6999,151.298,3906
41348,Narrabeen Sports High School,North Narrabeen,NSW,2101,Secondary,Gov,Open,Major Cities,41348,47712,-33.7009,151.298,8512
42519,Narrabri High School,Narrabri,NSW,2390,Secondary,Gov,Open,Outer Regional,42519,46409,-30.3355,149.783,8170
42459,Narrabri Public School,Narrabri,NSW,2390,Primary,Gov,Open,Outer Regional,42459,49494,-30.3249,149.785,2708
42460,Narrabri West Public School,Narrabri,NSW,2390,Primary,Gov,Open,Outer Regional,42460,49495,-30.3448,149.764,2709
40559,Narrandera East Infants School,Narrandera,NSW,2700,Primary,Gov,Open,Outer Regional,40559,50550,-34.7502,146.565,4214
42696,Narrandera High School,Narrandera,NSW,2700,Secondary,Gov,Open,Outer Regional,42696,46479,-34.7442,146.567,8157
42614,Narrandera Public School,Narrandera,NSW,2700,Primary,Gov,Open,Outer Regional,42614,50551,-34.7445,146.548,2710
42342,Narranga Public School,Coffs Harbour,NSW,2450,Primary,Gov,Open,Inner Regional,42342,49664,-30.2922,153.104,4404
41252,Narraweena Public School,Narraweena,NSW,2099,Primary,Gov,Open,Major Cities,41252,47705,-33.7494,151.274,3827
43748,Narromine Christian School,Narromine,NSW,2821,Primary,Non-Gov,Open,Outer Regional,43748,42310,-32.238,148.246,77144_00
43118,Narromine High School,Narromine,NSW,2821,Secondary,Gov,Open,Outer Regional,43118,51032,-32.2297,148.243,8462
43017,Narromine Public School,Narromine,NSW,2821,Primary,Gov,Open,Outer Regional,43017,51033,-32.2299,148.244,2713
41436,Narwee Public School,Narwee,NSW,2209,Primary,Gov,Open,Major Cities,41436,48603,-33.9481,151.069,3875
43018,Nashdale Public School,Nashdale,NSW,2800,Primary,Gov,Open,Inner Regional,43018,51009,-33.2938,149.013,2714
52436,Nautilus Senior College,Port Macquarie,NSW,2444,Special,Non-Gov,Open,Inner Regional,52436,80021,-31.4306,152.889,78115_00
53108,Yulinbal,Taree,NSW,2430,Special,Non-Gov,Open,Inner Regional,52436,88547,-31.87492,152.4168825,78115_02
43359,Nazareth Catholic Primary School,Shellharbour City,NSW,2529,Primary,Non-Gov,Open,Major Cities,43359,54661,-34.5687,150.836,77723_00
42461,Nemingha Public School,Nemingha,NSW,2340,Primary,Gov,Open,Inner Regional,42461,49348,-31.1265,151.004,2725
43894,Nepean Christian School,Mulgoa,NSW,2745,Combined,Non-Gov,Open,Major Cities,43894,44224,-33.8296,150.655,77145_00
41816,Nepean Creative and Performing Arts High School,Emu Plains,NSW,2750,Secondary,Gov,Open,Major Cities,41816,50709,-33.7477,150.669,8383
41229,Neutral Bay Public School,Neutral Bay,NSW,2089,Primary,Gov,Open,Major Cities,41229,45502,-33.8326,151.22,2730
43019,Neville Public School,Neville,NSW,2799,Primary,Gov,Open,Outer Regional,43019,51000,-33.7087,149.217,2732
43880,New England Girls' School,Armidale,NSW,2350,Combined,Non-Gov,Open,Inner Regional,43880,41471,-30.5193,151.64,11103_00
51459,New Hope Christian School,Dural,NSW,2158,Special,Non-Gov,Open,Major Cities,51459,70211,-33.6958,151.039,78105_00
40532,New Lambton Heights Infants School,New Lambton Heights,NSW,2305,Primary,Gov,Open,Major Cities,40532,49146,-32.9349,151.688,5247
41949,New Lambton Public School,New Lambton,NSW,2305,Primary,Gov,Open,Major Cities,41949,49148,-32.9239,151.713,2738
41993,New Lambton South Public School,New Lambton,NSW,2305,Primary,Gov,Open,Major Cities,41993,49149,-32.9315,151.718,3798
52512,New Madinah College,Young,NSW,2594,Combined,Non-Gov,Open,Inner Regional,52512,80032,-34.318,148.302,78131_00
41497,Newbridge Heights Public School,Moorebank,NSW,2170,Primary,Gov,Open,Major Cities,41497,56251,-33.9261,150.952,4499
41948,Newcastle East Public School,Newcastle,NSW,2300,Primary,Gov,Open,Major Cities,41948,49123,-32.9304,151.777,2736
43855,Newcastle Grammar School,The Hill,NSW,2300,Combined,Non-Gov,Open,Major Cities,43855,41355,-32.9299,151.78,11007_00
53040,Newcastle Grammar Bolton Street Campus,Newcastle,NSW,2300,Secondary,Non-Gov,Open,Major Cities,43855,,-32.92949127,151.7821654,11007_02
40907,Newcastle Grammar Park School Campus,Cooks Hill,NSW,2300,Primary,Non-Gov,Open,Major Cities,43855,77347,-32.9351,151.762,11007_01
42123,Newcastle High School,Hamilton,NSW,2303,Secondary,Gov,Open,Major Cities,42123,49142,-32.9317,151.758,8509
42080,Newcastle Junior School,Hillsborough,NSW,2290,Special,Gov,Open,Major Cities,42080,56192,-32.9585,151.681,5704
42079,Newcastle Middle School,Waratah,NSW,2298,Special,Gov,Open,Major Cities,42079,56194,-32.9102,151.721,5701
42074,Newcastle Senior School,Waratah,NSW,2298,Special,Gov,Open,Major Cities,42074,56288,-32.9091,151.723,5511
43716,Newcastle Waldorf School,Glendale,NSW,2285,Combined,Non-Gov,Open,Major Cities,43716,42374,-32.9244,151.656,02374_00
43877,Newington College,Stanmore,NSW,2048,Secondary,Non-Gov,Open,Major Cities,43877,41472,-33.8977,151.163,11104_00
43850,Newington College - Lindfield Preparatory School,Lindfield,NSW,2070,Primary,Non-Gov,Open,Major Cities,43877,77012,-33.7694,151.173,11104_01
43984,Newington College - Wyvern House Preparatory School,Stanmore,NSW,2048,Primary,Non-Gov,Open,Major Cities,43877,77338,-33.8952,151.167,11104_02
41522,Newington Public School,Newington,NSW,2127,Primary,Gov,Open,Major Cities,41522,56628,-33.8411,151.055,4627
42506,Newling Public School,Armidale,NSW,2350,Primary,Gov,Open,Inner Regional,42506,48750,-30.5229,151.677,4478
40792,Newman Senior Technical College,Port Macquarie,NSW,2444,Secondary,Non-Gov,Open,Inner Regional,40792,66779,-31.4281,152.873,10946_00
41230,Newport Public School,Newport,NSW,2106,Primary,Gov,Open,Major Cities,41230,47717,-33.6606,151.312,2740
42267,Newrybar Public School,Newrybar,NSW,2479,Primary,Gov,Open,Inner Regional,42267,49774,-28.7171,153.533,2741
41180,Newtown High School of Performing Arts,Newtown,NSW,2042,Secondary,Gov,Open,Major Cities,41180,46498,-33.8995,151.178,8530
41040,Newtown North Public School,Newtown,NSW,2042,Primary,Gov,Open,Major Cities,41040,47592,-33.8918,151.185,2744
41142,Newtown Public School,Newtown,NSW,2042,Primary,Gov,Open,Major Cities,41142,47593,-33.9,151.179,7431
43776,Nextsense School,Macquarie Park,NSW,2113,Special,Non-Gov,Open,Major Cities,43776,43040,-33.7676,151.029,03040_00
44004,NextSense School - Sign Bilingual Program,North Rocks,NSW,2151,Special,Non-Gov,Open,Major Cities,44004,55957,-33.7677,151.029,77564_00
43955,NextSense School - Spoken Language Program,North Rocks,NSW,2151,Special,Non-Gov,Open,Major Cities,43955,53283,-33.76878,151.031,13283_00
53170,Ngarala Public School,Epping,NSW,2121,Primary,Gov,Open,Major Cities,53170,88417,-33.78107456,151.069198,4678
53197,Ngarra Christian College,Riverstone,NSW,2765,Special,Non-Gov,Open,Major Cities,53197,88546,-33.6783284,150.8732963,78271_00
50710,Ngaruki Gulgul,Kariong,NSW,2250,Special,Non-Gov,Open,Major Cities,50710,70150,-33.4247,151.292,78059_00
42047,Niagara Park Public School,Niagara Park,NSW,2250,Primary,Gov,Open,Major Cities,42047,48685,-33.3841,151.351,4427
42462,Niangala Public School,Niangala,NSW,2354,Primary,Gov,Open,Outer Regional,42462,49387,-31.298,151.409,2748
41041,Nicholson Street Public School,Balmain East,NSW,2041,Primary,Gov,Open,Major Cities,41041,47589,-33.8561,151.193,2749
41798,Niland School,Blackett,NSW,2770,Special,Gov,Open,Major Cities,41798,46348,-33.7368,150.813,5643
40533,Nillo Infants School,Lorn,NSW,2320,Primary,Gov,Open,Major Cities,40533,49159,-32.7275,151.56,5128
42268,Nimbin Central School,Nimbin,NSW,2480,Combined,Gov,Open,Inner Regional,42268,54978,-28.5959,153.221,2751
42795,Nimmitabel Public School,Nimmitabel,NSW,2631,Primary,Gov,Open,Outer Regional,42795,50434,-36.5109,149.29,2752
53326,Nirimba Fields Public School,Nirimba Fields,NSW,2763,Primary,Gov,Open,Major Cities,53326,,-33.71454652,150.8728201,4691
41950,Nords Wharf Public School,Nords Wharf,NSW,2281,Primary,Gov,Open,Inner Regional,41950,49134,-33.1358,151.605,2759
41325,Normanhurst Boys High School,Normanhurst,NSW,2076,Secondary,Gov,Open,Major Cities,41325,47666,-33.7215,151.101,8211
41231,Normanhurst Public School,Normanhurst,NSW,2076,Primary,Gov,Open,Major Cities,41231,47667,-33.7226,151.097,2760
41286,Normanhurst West Public School,Thornleigh,NSW,2120,Primary,Gov,Open,Major Cities,41286,47761,-33.7189,151.087,4275
53160,North Academy,West Wallsend,NSW,2286,Special,Non-Gov,Open,Major Cities,53160,88223,-32.90242732,151.5819904,78039_00
42363,North East Public School of Distance Education,Port Macquarie,NSW,2444,Primary,Gov,Open,Inner Regional,42363,64012,-31.4299,152.914,4643
42083,North Gosford Learning Centre,North Gosford,NSW,2250,Special,Gov,Open,Major Cities,42083,63769,-33.4169,151.35,5760
42338,North Haven Public School,North Haven,NSW,2443,Primary,Gov,Open,Inner Regional,42338,55985,-31.6338,152.82,4149
52720,North Kellyville Public School,North Kellyville,NSW,2155,Primary,Gov,Open,Major Cities,52720,85780,-33.6925,150.956,4664
42892,North Nowra Public School,North Nowra,NSW,2541,Primary,Gov,Open,Inner Regional,42892,55394,-34.8556,150.577,4618
41233,North Rocks Public School,North Rocks,NSW,2151,Primary,Gov,Open,Major Cities,41233,56252,-33.7684,151.025,2764
41240,North Ryde Public School,North Ryde,NSW,2113,Primary,Gov,Open,Major Cities,41240,47738,-33.7948,151.12,3022
42463,North Star Public School,North Star,NSW,2408,Primary,Gov,Open,Outer Regional,42463,49511,-28.9267,150.393,2765
41320,North Sydney Boys High School,Crows Nest,NSW,2065,Secondary,Gov,Open,Major Cities,41320,47614,-33.8296,151.207,8132
41321,North Sydney Girls High School,Crows Nest,NSW,2065,Secondary,Gov,Open,Major Cities,41321,47615,-33.8302,151.203,8133
41234,North Sydney Public School,Waverton,NSW,2060,Primary,Gov,Open,Major Cities,41234,45500,-33.8348,151.204,2766
42636,North Wagga Public School,Wagga Wagga,NSW,2650,Primary,Gov,Open,Inner Regional,42636,50491,-35.0962,147.38,3332
52930,Northbourne Public School,Marsden Park,NSW,2765,Primary,Gov,Open,Major Cities,52930,87050,-33.68907765,150.819172,4673
41232,Northbridge Public School,Northbridge,NSW,2063,Primary,Gov,Open,Major Cities,41232,44410,-33.813,151.219,2761
43896,Northcross Christian School,Ryde,NSW,2112,Primary,Non-Gov,Open,Major Cities,43896,42383,-33.8056,151.111,77200_00
44023,Northern Beaches Christian School,Terrey Hills,NSW,2084,Combined,Non-Gov,Open,Major Cities,44023,42390,-33.674,151.202,11669_00
41352,Northern Beaches Secondary College Balgowlah Boys Campus,Balgowlah,NSW,2093,Secondary,Gov,Open,Major Cities,41352,7692,-33.7964,151.255,8851
41347,Northern Beaches Secondary College Cromer Campus,Cromer,NSW,2099,Secondary,Gov,Open,Major Cities,41347,7701,-33.7378,151.284,8511
40496,Northern Beaches Secondary College Freshwater Senior Campus,Freshwater,NSW,2096,Secondary,Gov,Open,Major Cities,40496,47710,-33.7683,151.28,8568
41351,Northern Beaches Secondary College Mackellar Girls Campus,Manly Vale,NSW,2093,Secondary,Gov,Open,Major Cities,41351,7695,-33.7821,151.272,8831
41349,Northern Beaches Secondary College Manly Campus,North Curl Curl,NSW,2099,Secondary,Gov,Open,Major Cities,41349,7704,-33.7624,151.281,8567
43861,Northholm Grammar School,Arcadia,NSW,2159,Combined,Non-Gov,Open,Inner Regional,43861,44057,-33.6045,151.054,11732_00
42128,Northlakes High School,San Remo,NSW,2262,Secondary,Gov,Open,Major Cities,42128,46372,-33.2168,151.513,8547
42065,Northlakes Public School,San Remo,NSW,2262,Primary,Gov,Open,Major Cities,42065,55120,-33.2145,151.515,4588
41809,Northmead Creative and Performing Arts High School,Northmead,NSW,2152,Secondary,Gov,Open,Major Cities,41809,47850,-33.7881,151,8229
41653,Northmead Public School,Northmead,NSW,2152,Primary,Gov,Open,Major Cities,41653,47851,-33.7865,150.991,2763
43856,Northside Montessori School,Pymble,NSW,2073,Combined,Non-Gov,Open,Major Cities,43856,45357,-33.7349,151.137,77151_00
43824,Norwest Christian College,Riverstone,NSW,2765,Combined,Non-Gov,Open,Major Cities,43824,42369,-33.6777,150.874,02369_00
41756,Noumea Public School,Shalvey,NSW,2770,Primary,Gov,Open,Major Cities,41756,50818,-33.7326,150.81,4493
50379,Novo Education Space,Wollongong,NSW,2500,Special,Non-Gov,Open,Major Cities,50379,69085,-34.4304,150.888,78007_00
52415,Novo Education Space Nowra,Nowra,NSW,2541,Special,Non-Gov,Open,Inner Regional,50379,80026,-34.89713608,150.6120843,78007_03
52676,Novo Education Space Southern Highlands,Bowral,NSW,2560,Secondary,Non-Gov,Closed,Inner Regional,50379,,-34.48684,150.42328,78007_04
52677,Novo Education Space Vincentia,Vincentia,NSW,2540,Special,Non-Gov,Open,Inner Regional,50379,85832,-35.07126,150.67187,78007_05
43835,Nowra Anglican College,Bomaderry,NSW,2541,Combined,Non-Gov,Open,Inner Regional,43835,56955,-34.8573,150.6,77007_00
43981,Nowra Christian School,Nowra,NSW,2541,Combined,Non-Gov,Open,Inner Regional,43981,42372,-34.9045,150.616,11653_00
42866,Nowra East Public School,Nowra East,NSW,2541,Primary,Gov,Open,Inner Regional,42866,50170,-34.8824,150.608,4256
42911,Nowra High School,Nowra,NSW,2541,Secondary,Gov,Open,Inner Regional,42911,54945,-34.87139,150.61025,8201
42860,Nowra Hill Public School,Nowra,NSW,2541,Primary,Gov,Open,Inner Regional,42860,50171,-34.9354,150.566,4106
42797,Nowra Public School,Nowra,NSW,2541,Primary,Gov,Open,Inner Regional,42797,50172,-34.8794,150.601,2769
40795,NSW School of Languages,Petersham,NSW,2049,Secondary,Gov,Open,Major Cities,40795,86657,-33.8948,151.15,8588
41951,Nulkaba Public School,Nulkaba,NSW,2325,Primary,Gov,Open,Major Cities,41951,49294,-32.8107,151.348,2771
42465,Nundle Public School,Nundle,NSW,2340,Primary,Gov,Open,Outer Regional,42465,46438,-31.4597,151.127,2781
41483,Nuwarra Public School,Moorebank,NSW,2170,Primary,Gov,Open,Major Cities,41483,56253,-33.9332,150.951,4420
42269,Nymboida Public School,Nymboida,NSW,2460,Primary,Gov,Open,Outer Regional,42269,49715,-29.9475,152.728,2784
43111,Nyngan High School,Nyngan,NSW,2825,Secondary,Gov,Open,Remote,43111,46454,-31.5614,147.189,8353
43020,Nyngan Public School,Nyngan,NSW,2825,Primary,Gov,Open,Remote,43020,51035,-31.5684,147.195,2785
42939,Oak Flats High School,Oak Flats,NSW,2529,Secondary,Gov,Open,Major Cities,42939,46502,-34.5597,150.834,8906
42841,Oak Flats Public School,Oak Flats,NSW,2529,Primary,Gov,Open,Major Cities,42841,50033,-34.5626,150.818,3860
41406,Oakdale Public School,Oakdale,NSW,2570,Primary,Gov,Open,Inner Regional,41406,50227,-34.0789,150.508,2789
43681,Oakhill College,Castle Hill,NSW,2154,Secondary,Non-Gov,Open,Major Cities,43681,41473,-33.7234,151.02,11105_00
41305,Oakhill Drive Public School,Castle Hill,NSW,2154,Primary,Gov,Open,Major Cities,41305,55115,-33.7216,151.023,4604
42615,Oaklands Central School,Oaklands,NSW,2646,Combined,Gov,Open,Outer Regional,42615,46513,-35.5527,146.172,2791
41654,Oakville Public School,Oakville,NSW,2765,Primary,Gov,Open,Major Cities,41654,50785,-33.6205,150.871,2794
52617,Oasis College Surry Hills,Surry Hills,NSW,2010,Special,Non-Gov,Open,Major Cities,52617,85159,-33.8849,151.214,77985_00
41696,Oatlands Public School,Oatlands,NSW,2117,Primary,Gov,Open,Major Cities,41696,47748,-33.8,151.023,4071
41042,Oatley Public School,Oatley,NSW,2223,Primary,Gov,Open,Major Cities,41042,48637,-33.9837,151.08,2796
41067,Oatley West Public School,Oatley,NSW,2223,Primary,Gov,Open,Major Cities,41067,44409,-33.979,151.065,3797
43126,Oberon High School,Oberon,NSW,2787,Secondary,Gov,Open,Inner Regional,43126,56254,-33.7017,149.861,8598
43021,Oberon Public School,Oberon,NSW,2787,Primary,Gov,Open,Inner Regional,43021,50959,-33.7033,149.865,2797
40754,Observatory Hill Environmental Education Centre,The Rocks,NSW,2000,Combined,Gov,Open,Major Cities,40754,86656,-33.8594,151.207,5745
42151,Ocean Shores Public School,Ocean Shores,NSW,2483,Primary,Gov,Open,Inner Regional,42151,54695,-28.4912,153.54,1227
43022,O'Connell Public School,O'Connell,NSW,2795,Primary,Gov,Open,Inner Regional,43022,50984,-33.5245,149.72,2798
43653,O'Connor Catholic College,Armidale,NSW,2350,Secondary,Non-Gov,Open,Inner Regional,43653,41984,-30.5122,151.68,11526_00
40383,Odyssey College,Eagle Vale,NSW,2558,Special,Non-Gov,Open,Major Cities,40383,42379,-34.0344,150.814,11658_00
52081,"Odyssey College, Ingleburn",Ingleburn,NSW,2565,Special,Non-Gov,Open,Major Cities,40383,,-34.0111,150.846,11658_01
42270,Old Bar Public School,Old Bar,NSW,2430,Primary,Gov,Open,Inner Regional,42270,49552,-31.9723,152.589,2799
42271,Old Bonalbo Public School,Old Bonalbo,NSW,2469,Primary,Gov,Open,Outer Regional,42271,49741,-28.6546,152.597,2800
41408,Old Guildford Public School,Guildford,NSW,2161,Primary,Gov,Open,Major Cities,41408,48145,-33.8675,150.987,2801
43907,OneSchool Global NSW - Albury,Lavington,NSW,2640,Combined,Non-Gov,Open,Inner Regional,43907,77442,-36.0375,146.923,78272_00
43822,OneSchool Global NSW - Armidale,Armidale,NSW,2350,Combined,Non-Gov,Open,Inner Regional,43822,77453,-30.5041,151.656,78273_00
43819,OneSchool Global NSW - Condobolin,Condobolin,NSW,2877,Combined,Non-Gov,Open,Outer Regional,43819,77461,-33.0944,147.139,78274_00
43786,OneSchool Global NSW - Cowra,Cowra,NSW,2794,Primary,Non-Gov,Open,Inner Regional,43786,77533,-33.8388,148.662,78275_00
43902,OneSchool Global NSW - Goulburn,Goulburn,NSW,2580,Combined,Non-Gov,Open,Inner Regional,43902,77452,-34.7235,149.744,78276_00
43911,OneSchool Global NSW - Illawarra,Maddens Plains,NSW,2508,Combined,Non-Gov,Open,Inner Regional,43911,77378,-34.2454,150.943,78277_00
43798,OneSchool Global NSW - Leeton,Leeton,NSW,2705,Combined,Non-Gov,Open,Outer Regional,43798,77499,-34.56402835,146.3913964,78278_00
43704,OneSchool Global NSW - Maitland,East Maitland,NSW,2323,Combined,Non-Gov,Open,Major Cities,43704,77548,-32.7554,151.599,78279_00
43910,OneSchool Global NSW - Mount Victoria,Mount Victoria,NSW,2786,Combined,Non-Gov,Open,Inner Regional,43910,77420,-33.5889,150.253,78280_00
43908,OneSchool Global NSW - Orange,East Orange,NSW,2800,Combined,Non-Gov,Open,Inner Regional,43908,77379,-33.277,149.107,78281_00
43724,OneSchool Global NSW - Sydney,Oatlands,NSW,2117,Combined,Non-Gov,Open,Major Cities,43724,54655,-33.7863,151.033,77598_00
43717,OneSchool Global NSW - Wagga Wagga,Wagga Wagga,NSW,2650,Combined,Non-Gov,Open,Inner Regional,43717,77463,-35.1437,147.344,78282_00
42350,Orama Public School,Thora,NSW,2454,Primary,Gov,Open,Outer Regional,42350,58126,-30.4325,152.692,4534
50494,Oran Park Anglican College,Oran Park,NSW,2570,Combined,Non-Gov,Open,Major Cities,50494,80008,-34.0017,150.743,78166_00
53164,Leppington Anglican College,Leppington,NSW,2179,Combined,Non-Gov,Open,Major Cities,50494,88118,-33.97246549,150.806438,78166_01
52828,Oran Park High School,Oran Park,NSW,2570,Secondary,Gov,Open,Major Cities,52828,86431,-34.00653,150.74404,8916
50703,Oran Park Public School,Oran Park,NSW,2570,Primary,Gov,Open,Major Cities,50703,70137,-33.9973,150.735,4651
43083,Orana Heights Public School,Dubbo,NSW,2830,Primary,Gov,Open,Inner Regional,43083,56256,-32.2525,148.627,4549
43787,Orange Anglican Grammar School,Orange,NSW,2800,Combined,Non-Gov,Open,Inner Regional,43787,67546,-33.2586,149.073,77911_00
44024,Orange Christian School,Orange,NSW,2800,Combined,Non-Gov,Open,Inner Regional,44024,42385,-33.2985,149.088,02385_00
43023,Orange East Public School,Orange,NSW,2800,Primary,Gov,Open,Inner Regional,43023,51010,-33.2821,149.114,2811
41043,Orange Grove Public School,Leichhardt,NSW,2040,Primary,Gov,Open,Major Cities,41043,47587,-33.8724,151.158,2812
43101,Orange High School,Orange,NSW,2800,Secondary,Gov,Open,Inner Regional,43101,51011,-33.2804,149.084,8134
43096,Orange Public School,Orange,NSW,2800,Primary,Gov,Open,Inner Regional,43096,51012,-33.2863,149.097,7307
42397,Orara High School,Coffs Harbour,NSW,2450,Secondary,Gov,Open,Inner Regional,42397,49662,-30.2828,153.113,8469
42272,Orara Upper Public School,Upper Orara,NSW,2450,Primary,Gov,Open,Inner Regional,42272,49663,-30.289,153.013,2814
41655,Orchard Hills Public School,Orchard Hills,NSW,2748,Primary,Gov,Open,Major Cities,41655,50711,-33.783,150.721,2815
42799,Otford Public School,Otford,NSW,2508,Primary,Gov,Open,Inner Regional,42799,49978,-34.2122,151.002,2818
43351,Our Lady Help of Christians Catholic Primary School,Rosemeadow,NSW,2560,Primary,Non-Gov,Open,Major Cities,43351,46844,-34.1005,150.792,77157_00
43239,Our Lady Help of Christians Catholic Primary School,Pennant Hills,NSW,2120,Primary,Non-Gov,Open,Major Cities,43239,87829,-33.73931665,151.0671874,77156_00
43522,Our Lady Help of Christians Primary School,South Lismore,NSW,2480,Primary,Non-Gov,Open,Inner Regional,43522,41479,-28.82052388,153.2902507,77155_00
43235,Our Lady of Dolours Catholic Primary School,Chatswood,NSW,2067,Primary,Non-Gov,Open,Major Cities,43235,41480,-33.7946,151.184,77158_00
43383,Our Lady of Fatima Catholic Primary School,Caringbah,NSW,2229,Primary,Non-Gov,Open,Major Cities,43383,41482,-34.0457,151.122,77159_00
43416,Our Lady of Fatima Catholic Primary School,Kingsgrove,NSW,2208,Primary,Non-Gov,Open,Major Cities,43416,41483,-33.9421,151.104,77160_00
43240,Our Lady of Good Counsel Catholic Primary School,Forestville,NSW,2087,Primary,Non-Gov,Open,Major Cities,43240,41484,-33.7602,151.221,77161_00
43397,Our Lady of Lourdes Catholic Primary School,Earlwood,NSW,2206,Primary,Non-Gov,Open,Major Cities,43397,41487,-33.927,151.127,77166_00
43301,Our Lady of Lourdes Primary School,Tarro,NSW,2322,Primary,Non-Gov,Open,Major Cities,43301,41490,-32.8092,151.662,77164_00
43156,Our Lady of Lourdes Primary School,Baulkham Hills South,NSW,2153,Primary,Non-Gov,Open,Major Cities,43156,41486,-33.7669,150.998,77165_00
43198,Our Lady of Lourdes Primary School,Seven Hills,NSW,2147,Primary,Non-Gov,Open,Major Cities,43198,41489,-33.7787,150.932,77163_00
43485,Our Lady of Mercy Catholic College Burraneer,Cronulla,NSW,2230,Secondary,Non-Gov,Open,Major Cities,43485,41491,-34.0543,151.135,11119_00
43683,Our Lady of Mercy College Parramatta,Parramatta,NSW,2150,Secondary,Non-Gov,Open,Major Cities,43683,41495,-33.8083,151.003,11121_00
43466,Our Lady of Mount Carmel Catholic Primary School,Waterloo,NSW,2017,Primary,Non-Gov,Open,Major Cities,43466,41456,-33.8989,151.204,77169_00
43200,Our Lady of Mount Carmel Primary School,Wentworthville,NSW,2145,Primary,Non-Gov,Open,Major Cities,43200,41500,-33.8122,150.97,77167_00
43377,Our Lady of Mt Carmel Catholic Primary School Mount Pritchard,Bonnyrigg,NSW,2177,Primary,Non-Gov,Open,Major Cities,43377,41498,-33.8936,150.899,77168_00
43261,Our Lady of Perpetual Succour Catholic Primary School,West Pymble,NSW,2073,Primary,Non-Gov,Open,Major Cities,43261,41501,-33.761,151.13,77170_00
40831,Our Lady of the Angels Primary School,Kellyville,NSW,2155,Primary,Non-Gov,Open,Major Cities,40831,68248,-33.684,150.933,77974_00
43425,Our Lady of the Annunciation Catholic Primary School,Pagewood,NSW,2035,Primary,Non-Gov,Closed,Major Cities,43425,,-33.9467,151.23,77171_00
51457,Our Lady of the Assumption Catholic Primary School,North Strathfield,NSW,2137,Primary,Non-Gov,Open,Major Cities,51457,70173,-33.8597,151.088,78103_00
43180,Our Lady of The Nativity Primary School,Lawson,NSW,2783,Primary,Non-Gov,Open,Major Cities,43180,41504,-33.7197,150.44,77172_00
43260,Our Lady of the Rosary Catholic Primary School,Waitara,NSW,2077,Primary,Non-Gov,Open,Major Cities,43260,41510,-33.7137,151.104,77179_00
43256,Our Lady of the Rosary Catholic Primary School,Shelly Beach,NSW,2261,Primary,Non-Gov,Open,Major Cities,43256,41509,-33.3699,151.477,77174_00
43264,Our Lady of the Rosary Catholic Primary School,Wyoming,NSW,2250,Primary,Non-Gov,Open,Major Cities,43264,42348,-33.4127,151.351,77176_00
43415,Our Lady of the Rosary Catholic Primary School,Kensington,NSW,2033,Primary,Non-Gov,Open,Major Cities,43415,41507,-33.9122,151.221,77178_00
43403,Our Lady of the Rosary Catholic Primary School,Fairfield,NSW,2165,Primary,Non-Gov,Open,Major Cities,43403,41506,-33.8728,150.959,77177_00
43176,Our Lady of The Rosary Primary School,Kellyville,NSW,2155,Primary,Non-Gov,Open,Major Cities,43176,42353,-33.7068,150.955,77173_00
43197,Our Lady of The Rosary Primary School,St Marys,NSW,2760,Primary,Non-Gov,Open,Major Cities,43197,41508,-33.7727,150.775,77175_00
43447,Our Lady of the Sacred Heart Catholic Primary School,Randwick,NSW,2031,Primary,Non-Gov,Open,Major Cities,43447,41514,-33.9157,151.242,77180_00
43473,Our Lady of the Sacred Heart College,Kensington,NSW,2033,Secondary,Non-Gov,Open,Major Cities,43473,41512,-33.9127,151.22,11134_00
43165,Our Lady of The Way Primary School,Emu Plains,NSW,2750,Primary,Non-Gov,Open,Major Cities,43165,42342,-33.7555,150.656,77181_00
43298,Our Lady of Victories Primary School,Shortland,NSW,2307,Primary,Non-Gov,Open,Major Cities,43298,41515,-32.8885,151.694,77182_00
43406,Our Lady Queen of Peace Catholic Primary School,Gladesville,NSW,2111,Primary,Non-Gov,Open,Major Cities,43406,42219,-33.8263,151.127,77183_00
43172,Our Lady Queen of Peace Primary School,Greystanes,NSW,2145,Primary,Non-Gov,Open,Major Cities,43172,41962,-33.8198,150.954,77184_00
43255,Our Lady Star of The Sea Catholic Primary School,Terrigal,NSW,2260,Primary,Non-Gov,Open,Major Cities,43255,42346,-33.436,151.413687,77550_00
43435,Our Lady Star of the Sea Catholic Primary School Miranda,Miranda,NSW,2228,Primary,Non-Gov,Open,Major Cities,43435,42011,-34.0329,151.104,77185_00
41952,Ourimbah Public School,Ourimbah,NSW,2258,Primary,Gov,Open,Major Cities,41952,48705,-33.3549,151.368,2820
44028,Oxford Falls Grammar School,Oxford Falls,NSW,2100,Combined,Non-Gov,Open,Major Cities,44028,44254,-33.7382,151.246,77186_00
43890,Oxley College,Burradoo,NSW,2576,Combined,Non-Gov,Open,Inner Regional,43890,43307,-34.4981,150.392,11714_00
42524,Oxley High School,North Tamworth,NSW,2340,Secondary,Gov,Open,Inner Regional,42524,49349,-31.0779,150.939,8455
41691,Oxley Park Public School,St Marys,NSW,2760,Primary,Gov,Open,Major Cities,41691,50772,-33.7715,150.789,4055
42494,Oxley Vale Public School,Tamworth,NSW,2340,Primary,Gov,Open,Inner Regional,42494,49350,-31.0588,150.895,3690
41060,Oyster Bay Public School,Oyster Bay,NSW,2225,Primary,Gov,Open,Major Cities,41060,48640,-34.0078,151.081,3593
43961,Pacific Berowra Christian School,Berowra,NSW,2081,Combined,Non-Gov,Open,Major Cities,43961,45530,-33.6213,151.147,77022_00
44025,Pacific Brook Christian School,Muswellbrook,NSW,2333,Combined,Non-Gov,Open,Inner Regional,44025,56412,-32.2611,150.891,77698_00
40827,Pacific Coast Christian School,Tweed Heads South,NSW,2486,Combined,Non-Gov,Open,Major Cities,40827,68198,-28.1965,153.521,77818_00
53296,Pacific Online Christian School,Tweed Heads South,NSW,2486,Secondary,Non-Gov,Open,Major Cities,40827,,-28.19653969,153.5214405,77818_02
53043,Pacific Gulgangali Jarjums Christian School,Tweed Heads South,NSW,2486,Special,Non-Gov,Open,Major Cities,53043,88044,-28.19652078,153.5214512,78263_00
43985,Pacific Hills Christian School,Dural,NSW,2158,Combined,Non-Gov,Open,Major Cities,43985,42358,-33.6967,151.036,02358_00
51463,Pacific Hope Christian School,Tweed Heads South,NSW,2486,Special,Non-Gov,Open,Major Cities,51463,70206,-28.1976,153.521,78104_00
42172,Pacific Palms Public School,Boomerang Beach,NSW,2428,Primary,Gov,Open,Inner Regional,42172,56257,-32.341,152.539,1551
50212,Pacific Valley Christian School,Townsend,NSW,2463,Combined,Non-Gov,Open,Inner Regional,50212,68543,-29.4618,153.218,77994_00
41143,Paddington Public School,Paddington,NSW,2021,Primary,Gov,Open,Major Cities,41143,45221,-33.8876,151.23,7432
41439,Padstow Heights Public School,Padstow,NSW,2211,Primary,Gov,Open,Major Cities,41439,48610,-33.9665,151.03,3958
41454,Padstow North Public School,Padstow,NSW,2211,Primary,Gov,Open,Major Cities,41454,48611,-33.9453,151.031,4088
41409,Padstow Park Public School,Padstow,NSW,2211,Primary,Gov,Open,Major Cities,41409,48612,-33.955,151.031,2826
41074,Pagewood Public School,Botany,NSW,2019,Primary,Gov,Open,Major Cities,41074,46922,-33.9422,151.214,3905
50570,Pal Buddhist School,Canley Vale,NSW,2166,Combined,Non-Gov,Open,Major Cities,50570,69979,-33.8879,150.944,78052_00
43069,Palinyewah Public School,Ellerslie,NSW,2648,Primary,Gov,Open,Remote,43069,50471,-33.845,142.013,3912
42466,Pallamallawa Public School,Pallamallawa,NSW,2399,Primary,Gov,Open,Outer Regional,42466,49497,-29.4739,150.141,2827
40712,Palm Avenue School,Westmead,NSW,2145,Special,Gov,Open,Major Cities,40712,57889,-33.8004,150.987,5650
42274,Palmers Island Public School,Palmers Island,NSW,2463,Primary,Gov,Open,Inner Regional,42274,49716,-29.4196,153.288,2829
52821,Pambula Beach Flexible Learning Centre,Pambula,NSW,2549,Special,Non-Gov,Open,Outer Regional,52821,86593,-36.93456,149.89018,78226_00
42800,Pambula Public School,Pambula,NSW,2549,Primary,Gov,Open,Outer Regional,42800,50181,-36.9259,149.872,2831
41447,Panania North Public School,Panania,NSW,2213,Primary,Gov,Open,Major Cities,41447,48618,-33.9445,151,4012
41382,Panania Public School,Panania,NSW,2213,Primary,Gov,Open,Major Cities,41382,48619,-33.966,150.999,1809
42899,Para Meadows School,North Wollongong,NSW,2500,Special,Gov,Open,Major Cities,42899,56258,-34.4112,150.889,5644
43965,Parkes Christian School,Parkes,NSW,2870,Combined,Non-Gov,Open,Outer Regional,43965,43326,-33.1211,148.152,11727_00
43075,Parkes East Public School,Parkes,NSW,2870,Primary,Gov,Open,Outer Regional,43075,51095,-33.1361,148.19,4204
43102,Parkes High School,Parkes,NSW,2870,Secondary,Gov,Open,Outer Regional,43102,51096,-33.1388,148.18,8146
43024,Parkes Public School,Parkes,NSW,2870,Primary,Gov,Open,Outer Regional,43024,51097,-33.1323,148.176,2835
41656,Parklea Public School,Glenwood,NSW,2768,Primary,Gov,Open,Major Cities,41656,54743,-33.7259,150.935,2838
42675,Parkview Public School,Leeton,NSW,2705,Primary,Gov,Open,Outer Regional,42675,50560,-34.5618,146.396,4413
41682,Parramatta East Public School,Parramatta,NSW,2150,Primary,Gov,Open,Major Cities,41682,47843,-33.8061,151.018,3840
41804,Parramatta High School,Parramatta,NSW,2150,Secondary,Gov,Open,Major Cities,41804,47844,-33.8179,150.996,8135
43226,Parramatta Marist High School,Westmead,NSW,2145,Secondary,Non-Gov,Open,Major Cities,43226,41518,-33.8043,150.98,11137_00
41658,Parramatta North Public School,North Parramatta,NSW,2151,Primary,Gov,Open,Major Cities,41658,47849,-33.8041,151.005,2842
41657,Parramatta Public School,Parramatta,NSW,2150,Primary,Gov,Open,Major Cities,41657,47845,-33.81637,151.00774,2840
41659,Parramatta West Public School,Parramatta,NSW,2150,Primary,Gov,Open,Major Cities,41659,47846,-33.8245,150.991,2843
42509,Parry School,West Tamworth,NSW,2340,Special,Gov,Open,Inner Regional,42509,57885,-31.0922,150.917,5580
41536,Passfield Park School,Minto,NSW,2566,Special,Gov,Open,Major Cities,41536,56259,-34.0272,150.852,5563
41953,Paterson Public School,Paterson,NSW,2421,Primary,Gov,Open,Inner Regional,41953,49521,-32.6023,151.612,2844
43227,Patrician Brothers' College Blacktown,Blacktown,NSW,2148,Secondary,Non-Gov,Open,Major Cities,43227,41519,-33.7754,150.91,11138_00
43488,Patrician Brothers' College Fairfield,Fairfield,NSW,2165,Secondary,Non-Gov,Open,Major Cities,43488,41520,-33.8721,150.964,11139_00
41954,Paxton Public School,Paxton,NSW,2325,Primary,Gov,Open,Inner Regional,41954,49296,-32.901,151.285,2846
43025,Peak Hill Central School,Peak Hill,NSW,2869,Combined,Gov,Open,Outer Regional,43025,51092,-32.7289,148.192,2848
41044,Peakhurst Public School,Peakhurst,NSW,2210,Primary,Gov,Open,Major Cities,41044,48607,-33.9556,151.062,2849
41101,Peakhurst South Public School,Peakhurst,NSW,2210,Primary,Gov,Open,Major Cities,41101,48608,-33.9729,151.056,4323
41084,Peakhurst West Public School,Peakhurst,NSW,2210,Primary,Gov,Open,Major Cities,41084,45800,-33.9623,151.049,4013
41955,Peats Ridge Public School,Peats Ridge,NSW,2250,Primary,Gov,Open,Inner Regional,41955,48686,-33.3258,151.233,2852
42529,Peel High School,Tamworth,NSW,2340,Secondary,Gov,Open,Inner Regional,42529,49351,-31.0998,150.893,8525
41956,Pelaw Main Public School,Pelaw Main,NSW,2327,Primary,Gov,Open,Major Cities,41956,49305,-32.8311,151.482,2855
41926,Pelican Flat Public School,Pelican,NSW,2281,Primary,Gov,Open,Major Cities,41926,48959,-33.0743,151.648,2476
41818,Pendle Hill High School,Wentworthville,NSW,2145,Secondary,Gov,Open,Major Cities,41818,47809,-33.7952,150.962,8395
41687,Pendle Hill Public School,Wentworthville,NSW,2145,Primary,Gov,Open,Major Cities,41687,47810,-33.8098,150.953,3993
41340,Pennant Hills High School,Pennant Hills,NSW,2120,Secondary,Gov,Open,Major Cities,41340,47762,-33.7337,151.061,8438
41235,Pennant Hills Public School,Pennant Hills,NSW,2120,Primary,Gov,Open,Major Cities,41235,47763,-33.7358,151.068,2857
43220,Penola Catholic College Emu Plains,Emu Plains,NSW,2750,Secondary,Non-Gov,Open,Major Cities,43220,45540,-33.7431,150.678,11798_00
43938,Penrith Anglican College,Orchard Hills,NSW,2748,Combined,Non-Gov,Open,Major Cities,43938,56722,-33.79538,150.7075,77672_00
43814,Penrith Christian School,Orchard Hills,NSW,2748,Combined,Non-Gov,Open,Major Cities,43814,42391,-33.7849,150.709,02391_00
41806,Penrith High School,Penrith,NSW,2750,Secondary,Gov,Open,Major Cities,41806,50712,-33.7566,150.706,8163
40755,Penrith Lakes Environmental Education Centre,Castlereagh,NSW,2749,Combined,Gov,Open,Major Cities,40755,64087,-33.7272,150.683,5752
41660,Penrith Public School,Penrith,NSW,2750,Primary,Gov,Open,Major Cities,41660,50714,-33.7561,150.705,2859
41701,Penrith South Public School,Penrith,NSW,2750,Primary,Gov,Open,Major Cities,41701,50715,-33.7639,150.701,4138
41801,Penrith Valley Learning Centre,Werrington,NSW,2747,Special,Gov,Open,Major Cities,41801,67706,-33.7661,150.757,5761
42801,Penrose Public School,Penrose,NSW,2579,Primary,Gov,Open,Inner Regional,42801,50264,-34.6697,150.221,2860
41045,Penshurst Public School,Penshurst,NSW,2222,Primary,Gov,Open,Major Cities,41045,48137,-33.9626,151.088,2861
41086,Penshurst West Public School,Mortdale,NSW,2223,Primary,Gov,Open,Major Cities,41086,56260,-33.9621,151.072,4051
43026,Perthville Public School,Perthville,NSW,2795,Primary,Gov,Open,Inner Regional,43026,50985,-33.4911,149.55,2862
42900,Peterborough School,Warilla,NSW,2528,Special,Gov,Open,Major Cities,42900,56261,-34.556,150.855,5666
41107,Petersham Public School,Petersham,NSW,2049,Primary,Gov,Open,Major Cities,41107,47608,-33.8956,151.15,4502
41581,Picnic Point High School,Picnic Point,NSW,2213,Secondary,Gov,Open,Major Cities,41581,46336,-33.9643,151.011,8377
41476,Picnic Point Public School,Picnic Point,NSW,2213,Primary,Gov,Open,Major Cities,41476,48620,-33.9691,151.01,4342
41565,Picton High School,Picton,NSW,2571,Secondary,Gov,Open,Inner Regional,41565,50230,-34.1945,150.608,8215
41410,Picton Public School,Picton,NSW,2571,Primary,Gov,Open,Inner Regional,41410,50231,-34.1762,150.609,2867
42467,Pilliga Public School,Pilliga,NSW,2388,Primary,Gov,Open,Remote,42467,49493,-30.3522,148.889,2870
41661,Pitt Town Public School,Pitt Town,NSW,2756,Primary,Gov,Open,Major Cities,41661,50749,-33.5844,150.86,2884
41333,Pittwater High School,Mona Vale,NSW,2103,Secondary,Gov,Open,Major Cities,41333,47716,-33.6683,151.303,8379
50500,Pittwater House Schools,Collaroy,NSW,2097,Combined,Non-Gov,Open,Major Cities,50500,69740,-33.7409,151.291,11142_00
42084,Plattsburg Public School,Wallsend,NSW,2287,Primary,Gov,Open,Major Cities,42084,49025,-32.8964,151.669,7308
43986,PLC Armidale,Armidale,NSW,2350,Combined,Non-Gov,Open,Inner Regional,43986,41525,-30.5036,151.663,11144_00
42871,Pleasant Heights Public School,Mount Pleasant,NSW,2519,Primary,Gov,Open,Major Cities,42871,50006,-34.3962,150.873,4357
42616,Pleasant Hills Public School,Pleasant Hills,NSW,2658,Primary,Gov,Open,Outer Regional,42616,50511,-35.4669,146.799,2886
41834,Plumpton High School,Plumpton,NSW,2761,Secondary,Gov,Open,Major Cities,41834,57849,-33.7481,150.835,8514
41800,Plumpton House School,Plumpton,NSW,2761,Special,Gov,Open,Major Cities,41800,50779,-33.7502,150.84,5754
41662,Plumpton Public School,Plumpton,NSW,2761,Primary,Gov,Open,Major Cities,41662,46357,-33.7492,150.839,2887
41112,Plunkett Street Public School,Woolloomooloo,NSW,2011,Primary,Gov,Open,Major Cities,41112,45332,-33.8709,151.22,4551
42014,Point Clare Public School,Point Clare,NSW,2250,Primary,Gov,Open,Major Cities,42014,48687,-33.4435,151.328,4050
43027,Pomona Public School,Pomona,NSW,2648,Primary,Gov,Open,Remote,43027,50472,-34.0257,141.895,2893
43028,Pooncarie Public School,Pooncarie,NSW,2648,Primary,Gov,Open,Remote,43028,50473,-33.3814,142.569,2895
41157,Port Hacking High School,Miranda,NSW,2228,Secondary,Gov,Open,Major Cities,41157,48648,-34.0326,151.098,8230
42802,Port Kembla Public School,Port Kembla,NSW,2505,Primary,Gov,Open,Major Cities,42802,49967,-34.4864,150.915,2896
43921,Port Macquarie Adventist School,Port Macquarie,NSW,2444,Combined,Non-Gov,Open,Inner Regional,43921,41524,-31.4675,152.899,77189_00
42277,Port Macquarie Public School,Port Macquarie,NSW,2444,Primary,Gov,Open,Inner Regional,42277,49641,-31.4299,152.914,2899
52615,Port Macquarie Steiner School,Port Macquarie,NSW,2444,Primary,Non-Gov,Open,Inner Regional,52615,85120,-31.4374,152.904,78172_00
53060,Porters Creek Public School,Warnervale,NSW,2259,Primary,Gov,Open,Major Cities,53060,87910,-33.24858739,151.4553354,4675
43029,Portland Central School,Portland,NSW,2847,Combined,Gov,Open,Inner Regional,43029,46350,-33.3548,149.98,2897
42324,Pottsville Beach Public School,Pottsville,NSW,2489,Primary,Gov,Open,Major Cities,42324,49929,-28.3776,153.568,3578
41508,Prairievale Public School,Bossley Park,NSW,2176,Primary,Gov,Open,Major Cities,41508,48552,-33.8665,150.891,4554
41604,Prairiewood High School,Prairiewood,NSW,2176,Secondary,Gov,Open,Major Cities,41604,54946,-33.85948,150.902,8560
42468,Premer Public School,Premer,NSW,2381,Primary,Gov,Open,Outer Regional,42468,49485,-31.453553,149.900481,2900
43987,Presbyterian Ladies' College Sydney,Croydon,NSW,2132,Combined,Non-Gov,Open,Major Cities,43987,41526,-33.8825,151.116,11145_00
41411,Prestons Public School,Prestons,NSW,2170,Primary,Gov,Open,Major Cities,41411,48543,-33.9464,150.89,2901
41957,Pretty Beach Public School,Pretty Beach,NSW,2257,Primary,Gov,Open,Major Cities,41957,48700,-33.5262,151.35,2902
42803,Primbee Public School,Primbee,NSW,2502,Primary,Gov,Open,Major Cities,42803,49958,-34.5014,150.882,2904
43259,Prouille Catholic Primary School,Wahroonga,NSW,2076,Primary,Non-Gov,Open,Major Cities,43259,41529,-33.7158,151.122,77191_00
41559,Punchbowl Boys High School,Punchbowl,NSW,2196,Secondary,Gov,Open,Major Cities,41559,46341,-33.924,151.053,8184
41412,Punchbowl Public School,Punchbowl,NSW,2196,Primary,Gov,Open,Major Cities,41412,48569,-33.9306,151.056,2910
40652,Putland School,Werrington,NSW,2747,Special,Gov,Open,Major Cities,40652,56264,-33.7643,150.75,5453
41237,Putney Public School,Ryde,NSW,2112,Primary,Gov,Open,Major Cities,41237,47733,-33.8246,151.111,2913
43846,Pymble Ladies' College,Pymble,NSW,2073,Combined,Non-Gov,Open,Major Cities,43846,41528,-33.7473,151.134,11146_00
41250,Pymble Public School,Pymble,NSW,2073,Primary,Gov,Open,Major Cities,41250,44922,-33.7323,151.141,3777
42804,Quaama Public School,Quaama,NSW,2550,Primary,Gov,Open,Outer Regional,42804,50187,-36.4642,149.867,2917
41711,Quakers Hill East Public School,Acacia Gardens,NSW,2763,Primary,Gov,Open,Major Cities,41711,55298,-33.7325,150.914,4212
41846,Quakers Hill High School,Quakers Hill,NSW,2763,Secondary,Gov,Open,Major Cities,41846,14696,-33.7298,150.896,8594
41663,Quakers Hill Public School,Quakers Hill,NSW,2763,Primary,Gov,Open,Major Cities,41663,50782,-33.7375,150.885,2918
43030,Quambone Public School,Quambone,NSW,2831,Primary,Gov,Open,Remote,43030,51054,-30.9307,147.872,2919
43031,Quandialla Public School,Quandialla,NSW,2721,Primary,Gov,Open,Outer Regional,43031,50653,-34.0104,147.79,2920
42872,Queanbeyan East Public School,Queanbeyan,NSW,2620,Primary,Gov,Open,Major Cities,42872,50406,-35.3447,149.246,4371
42914,Queanbeyan High School,Queanbeyan,NSW,2620,Secondary,Gov,Open,Major Cities,42914,50407,-35.3532,149.22,8216
42805,Queanbeyan Public School,Queanbeyan,NSW,2620,Primary,Gov,Open,Major Cities,42805,50408,-35.3575,149.236,2922
42873,Queanbeyan South Public School,Queanbeyan,NSW,2620,Primary,Gov,Open,Major Cities,42873,50409,-35.3655,149.228,4394
42862,Queanbeyan West Public School,Queanbeyan,NSW,2620,Primary,Gov,Open,Major Cities,42862,50410,-35.3484,149.216,4127
43795,Queenwood,Mosman,NSW,2088,Combined,Non-Gov,Open,Major Cities,43795,41530,-33.8238,151.248,11148_00
40872,Queenwood Junior School,Mosman,NSW,2088,Primary,Non-Gov,Open,Major Cities,43795,77148,-33.8348,151.243,11148_01
52323,"Queenwood, Art and Design Campus",Mosman,NSW,2088,Combined,Non-Gov,Open,Major Cities,43795,,-33.8259,151.251,11148_02
42520,Quirindi High School,Quirindi,NSW,2343,Secondary,Gov,Open,Outer Regional,42520,46410,-31.5016,150.68,8174
42498,Quirindi Public School,Quirindi,NSW,2343,Primary,Gov,Open,Outer Regional,42498,49364,-31.4976,150.678,3947
43032,Raglan Public School,Raglan,NSW,2795,Primary,Gov,Open,Inner Regional,43032,50986,-33.428,149.648,2927
43077,Railway Town Public School,Broken Hill,NSW,2880,Primary,Gov,Open,Outer Regional,43077,51114,-31.9706,141.44,4233
43810,Rainbow Ridge School for Steiner Education,Lillian Rock,NSW,2480,Combined,Non-Gov,Open,Inner Regional,43810,53375,-28.5377,153.167,77592_00
41046,Rainbow Street Public School,Randwick,NSW,2031,Primary,Gov,Open,Major Cities,41046,56263,-33.9246,151.237,2930
42278,Raleigh Public School,Raleigh,NSW,2454,Primary,Gov,Open,Inner Regional,42278,49677,-30.4495,153.013,2931
41070,Ramsgate Public School,Ramsgate,NSW,2217,Primary,Gov,Open,Major Cities,41070,48627,-33.982,151.144,3830
42617,Rand Public School,Rand,NSW,2642,Primary,Gov,Open,Outer Regional,42617,50456,-35.5961,146.58,2933
41154,Randwick Boys High School,Randwick,NSW,2031,Secondary,Gov,Open,Major Cities,41154,46463,-33.924245,151.239,8161
41155,Randwick Girls High School,Randwick,NSW,2031,Secondary,Gov,Open,Major Cities,41155,46464,-33.9218,151.239,8220
41096,Randwick Public School,Randwick,NSW,2031,Primary,Gov,Open,Major Cities,41096,45315,-33.9106,151.242,4250
42618,Rankins Springs Public School,Rankins Springs,NSW,2669,Primary,Gov,Open,Outer Regional,42618,50531,-33.84,146.258,2935
42279,Rappville Public School,Rappville,NSW,2469,Primary,Gov,Open,Outer Regional,42279,49742,-29.0858,152.955,2937
41905,Rathmines Public School,Rathmines,NSW,2283,Primary,Gov,Open,Major Cities,41905,48976,-33.0426,151.59,2193
43939,Ravenswood School for Girls,Gordon,NSW,2072,Combined,Non-Gov,Open,Major Cities,43939,41531,-33.76,151.156,11149_00
52055,"Ravenswood School for Girls, Boarding House",Gordon,NSW,2072,Combined,Non-Gov,Open,Major Cities,43939,,-33.7583,151.153,11149_01
41958,Raymond Terrace Public School,Raymond Terrace,NSW,2324,Primary,Gov,Open,Major Cities,41958,49203,-32.767,151.74,2943
43691,Red Bend Catholic College,Forbes,NSW,2871,Secondary,Non-Gov,Open,Outer Regional,43691,56715,-33.419282,148.021054,11070_00
40741,Red Hill Environmental Education Centre,Gulgong,NSW,2852,Combined,Gov,Open,Outer Regional,40741,63688,-32.3646,149.536,5750
42674,Red Hill Public School,Wagga Wagga,NSW,2650,Primary,Gov,Open,Inner Regional,42674,50488,-35.1464,147.348,4410
42469,Red Range Public School,Red Range,NSW,2370,Primary,Gov,Open,Outer Regional,42469,49422,-29.7761,151.897,2948
41792,Redbank School,Westmead,NSW,2145,Special,Gov,Open,Major Cities,41792,56312,-33.8008,150.988,5559
40921,Reddam House,Woollahra,NSW,2025,Combined,Non-Gov,Open,Major Cities,40921,,-33.8893,151.253,77757_00
43825,"Reddam House, Bondi Campus",North Bondi,NSW,2026,Secondary,Non-Gov,Open,Major Cities,40921,,-33.8853,151.277,77757_01
43854,Redeemer Baptist School,North Parramatta,NSW,2151,Combined,Non-Gov,Open,Major Cities,43854,44261,-33.7936,151.017,11762_00
50713,"Redeemer Baptist School, Castle Hill campus",Castle Hill,NSW,2154,Secondary,Non-Gov,Open,Major Cities,43854,77233,-33.7384,151.002,11762_01
50600,Redfern Jarjum College,Redfern,NSW,2016,Special,Non-Gov,Open,Major Cities,50600,68908,-33.893,151.203,77961_00
43989,Redfield College,Dural,NSW,2158,Combined,Non-Gov,Open,Major Cities,43989,45601,-33.6903,151.032,05601_00
41959,Redhead Public School,Redhead,NSW,2290,Primary,Gov,Open,Major Cities,41959,49135,-33.0116,151.711,2946
43698,Regents Park Christian School,Regents Park,NSW,2143,Combined,Non-Gov,Open,Major Cities,43698,42301,-33.8812,151.027,11598_00
41414,Regents Park Public School,Regents Park,NSW,2143,Primary,Gov,Open,Major Cities,41414,47798,-33.8855,151.025,2950
41664,Regentville Public School,Regentville,NSW,2745,Primary,Gov,Open,Major Cities,41664,50717,-33.7773,150.668,2951
43371,Regina Coeli Catholic Primary School,Beverly Hills,NSW,2209,Primary,Non-Gov,Open,Major Cities,43371,41532,-33.9469,151.08,77198_00
42280,Repton Public School,Repton,NSW,2454,Primary,Gov,Open,Inner Regional,42280,49678,-30.4479,153.028,2955
41415,Revesby Public School,Revesby,NSW,2212,Primary,Gov,Open,Major Cities,41415,48613,-33.9444,151.017,2958
41448,Revesby South Public School,Revesby,NSW,2212,Primary,Gov,Open,Major Cities,41448,56265,-33.9605,151.017,4016
52945,Richard Gill School,Muswellbrook,NSW,2333,Primary,Non-Gov,Open,Inner Regional,52945,87009,-32.2840597,150.9033979,78223_00
43990,Richard Johnson Anglican College,Oakhurst,NSW,2761,Combined,Non-Gov,Open,Major Cities,43990,56721,-33.7433,150.836,77640_00
52086,Marsden Park Anglican College,Marsden Park,NSW,2765,Combined,Non-Gov,Open,Major Cities,43990,80033,-33.6902,150.848,77640_01
43903,Richmond Christian College,Ballina,NSW,2478,Combined,Non-Gov,Open,Inner Regional,43903,53951,-28.8478,153.545,77018_00
41807,Richmond High School,Richmond,NSW,2753,Secondary,Gov,Open,Major Cities,41807,50730,-33.6005,150.747,8178
41665,Richmond North Public School,North Richmond,NSW,2754,Primary,Gov,Open,Major Cities,41665,50736,-33.5806,150.717,2965
41689,Richmond Public School,Richmond,NSW,2753,Primary,Gov,Open,Major Cities,41689,50732,-33.5989,150.758,3999
41469,Ringrose Public School,Greystanes,NSW,2145,Primary,Gov,Open,Major Cities,41469,47811,-33.82,150.959,4312
43950,Rissalah College,Lakemba,NSW,2195,Combined,Non-Gov,Open,Major Cities,43950,55372,-33.9148,151.073,77674_00
41543,Rivendell School,Concord West,NSW,2138,Special,Gov,Open,Major Cities,41543,56313,-33.8329,151.098,5654
51472,Riverbank Public School,The Ponds,NSW,2769,Primary,Gov,Open,Major Cities,51472,70232,-33.704,150.9,4653
40756,Riverina Environmental Education Centre,Wagga Wagga,NSW,2650,Combined,Gov,Open,Inner Regional,40756,64088,-35.1294,147.31,5734
41329,Riverside Girls High School,Gladesville,NSW,2111,Secondary,Gov,Open,Major Cities,41329,54236,-33.8401,151.141,8243
41850,Riverstone High School,Riverstone,NSW,2765,Secondary,Gov,Open,Major Cities,41850,6398,-33.6789,150.876,8907
41666,Riverstone Public School,Riverstone,NSW,2765,Primary,Gov,Open,Major Cities,41666,50786,-33.6784,150.871,2970
41430,Riverwood Public School,Riverwood,NSW,2210,Primary,Gov,Open,Major Cities,41430,48609,-33.9472,151.047,3743
41608,Robert Townson High School,Raby,NSW,2566,Secondary,Gov,Open,Major Cities,41608,56171,-34.0153,150.818,8575
41512,Robert Townson Public School,Raby,NSW,2566,Primary,Gov,Open,Major Cities,41512,56170,-34.0162,150.819,4569
42807,Robertson Public School,Robertson,NSW,2577,Primary,Gov,Open,Inner Regional,42807,50249,-34.5896,150.592,2971
41047,Rockdale Public School,Rockdale,NSW,2216,Primary,Gov,Open,Major Cities,41047,48623,-33.9526,151.142,2973
43033,Rockley Public School,Rockley,NSW,2795,Primary,Gov,Open,Inner Regional,43033,50987,-33.6919,149.563,2974
42470,Rocky River Public School,Uralla,NSW,2358,Primary,Gov,Open,Inner Regional,42470,49394,-30.612856,151.491788,2983
42283,Rollands Plains Upper Public School,Rollands Plains,NSW,2441,Primary,Gov,Open,Inner Regional,42283,49633,-31.2393,152.632,2985
41851,Rooty Hill High School,Rooty Hill,NSW,2766,Secondary,Gov,Open,Major Cities,41851,46358,-33.7708,150.838,8908
41692,Rooty Hill Public School,Rooty Hill,NSW,2766,Primary,Gov,Open,Major Cities,41692,50789,-33.7693,150.84,4056
41788,Ropes Crossing Public School,Ropes Crossing,NSW,2760,Primary,Gov,Open,Major Cities,41788,67583,-33.7346,150.781,4645
50410,Rosary Park Catholic School,Branxton,NSW,2335,Primary,Non-Gov,Open,Inner Regional,50410,69281,-32.6563,151.347,77254_00
41048,Rose Bay Public School,Rose Bay,NSW,2029,Primary,Gov,Open,Major Cities,41048,46926,-33.873,151.271,2988
41183,Rose Bay Secondary College,Dover Heights,NSW,2030,Secondary,Gov,Open,Major Cities,41183,46928,-33.8783,151.276,8555
43664,Rosebank College,Five Dock,NSW,2046,Secondary,Non-Gov,Open,Major Cities,43664,41844,-33.8703,151.121,11404_00
42284,Rosebank Public School,Rosebank,NSW,2480,Primary,Gov,Open,Inner Regional,42284,56267,-28.6783,153.388,2987
41803,Rosehill Public School,Rosehill,NSW,2142,Primary,Gov,Open,Major Cities,41803,47794,-33.8242,151.018,7444
41290,Roselea Public School,Carlingford,NSW,2118,Primary,Gov,Open,Major Cities,41290,47757,-33.7654,151.053,4294
41504,Rosemeadow Public School,Rosemeadow,NSW,2560,Primary,Gov,Open,Major Cities,41504,50209,-34.1046,150.795,4537
43863,Roseville College,Roseville,NSW,2069,Combined,Non-Gov,Open,Major Cities,43863,41534,-33.7852,151.18,11151_00
41238,Roseville Public School,Roseville,NSW,2069,Primary,Gov,Open,Major Cities,41238,47625,-33.7819,151.189,2994
42620,Rosewood Public School,Rosewood,NSW,2652,Primary,Gov,Open,Outer Regional,42620,50504,-35.6702,147.861,2996
42471,Ross Hill Public School,Inverell,NSW,2360,Primary,Gov,Open,Outer Regional,42471,49411,-29.7702,151.103,2997
41416,Rossmore Public School,Rossmore,NSW,2557,Primary,Gov,Open,Major Cities,41416,56268,-33.9465,150.771,2999
42285,Rous Public School,Alstonville,NSW,2477,Primary,Gov,Open,Inner Regional,42285,49763,-28.8707,153.407,3006
44008,Rouse Hill Anglican College,Rouse Hill,NSW,2155,Combined,Non-Gov,Open,Major Cities,44008,57159,-33.6844,150.911,77739_00
41815,Rouse Hill High School,Rouse Hill,NSW,2155,Secondary,Gov,Open,Major Cities,41815,66004,-33.6859,150.932,8291
41667,Rouse Hill Public School,Rouse Hill,NSW,2155,Primary,Gov,Open,Major Cities,41667,47860,-33.6801,150.92,3008
42493,Rowena Public School,Rowena,NSW,2387,Primary,Gov,Open,Remote,42493,49492,-29.8139,148.912,3580
41790,Rowland Hassall School,Chester Hill,NSW,2162,Special,Gov,Open,Major Cities,41790,45850,-33.8677,150.989,5411
40735,Royal Far West School,Manly,NSW,2095,Special,Gov,Open,Major Cities,40735,62858,-33.7985,151.288,5504
40757,Royal National Park Environmental Education Centre,Audley,NSW,2232,Combined,Gov,Open,Inner Regional,40757,64089,-34.0642,151.058,5691
40803,Royal North Shore Hospital School,St Leonards,NSW,2065,Special,Gov,Open,Major Cities,40803,67659,-33.8211,151.192,5544
40802,Royal Prince Alfred Hospital School,Camperdown,NSW,2050,Special,Gov,Open,Major Cities,40802,86658,-33.8893,151.18,5543
41144,Rozelle Public School,Rozelle,NSW,2039,Primary,Gov,Open,Major Cities,41144,47584,-33.8626,151.17,7435
40758,Rumbalara Environmental Education Centre,Gosford,NSW,2250,Combined,Gov,Open,Major Cities,40758,64090,-33.4281,151.347,5740
41492,Ruse Public School,Ruse,NSW,2560,Primary,Gov,Open,Major Cities,41492,56269,-34.0669,150.842,4489
40493,Russell Lea Public School,Russell Lea,NSW,2046,Primary,Gov,Open,Major Cities,40493,47601,-33.8614,151.143,5132
42851,Russell Vale Public School,Russell Vale,NSW,2517,Primary,Gov,Open,Major Cities,42851,49994,-34.3595,150.907,3973
42061,Rutherford Public School,Rutherford,NSW,2320,Primary,Gov,Open,Major Cities,42061,56271,-32.7109,151.528,4561
42131,Rutherford Technology High School,Rutherford,NSW,2320,Secondary,Gov,Open,Major Cities,42131,56270,-32.7112,151.531,8572
41699,Rydalmere East Public School,Ermington,NSW,2115,Primary,Gov,Open,Major Cities,41699,47745,-33.8171,151.058,4123
41668,Rydalmere Public School,Rydalmere,NSW,2116,Primary,Gov,Open,Major Cities,41668,47746,-33.8143,151.045,3020
41284,Ryde East Public School,North Ryde,NSW,2113,Primary,Gov,Open,Major Cities,41284,47737,-33.8071,151.126,4257
41239,Ryde Public School,Ryde,NSW,2112,Primary,Gov,Open,Major Cities,41239,47735,-33.8126,151.108,3021
41336,Ryde Secondary College,Ryde,NSW,2112,Secondary,Gov,Open,Major Cities,41336,47731,-33.8133,151.119,8415
42808,Rye Park Public School,Rye Park,NSW,2586,Primary,Gov,Closed,Inner Regional,42808,,-34.5216,148.907,3024
43034,Rylstone Public School,Rylstone,NSW,2849,Primary,Gov,Open,Outer Regional,43034,51073,-32.7956,149.973,3025
41494,Sackville Street Public School,Ingleburn,NSW,2565,Primary,Gov,Open,Major Cities,41494,56272,-34.0111,150.864,4491
43253,Sacred Heart Catholic Primary School,Pymble,NSW,2073,Primary,Non-Gov,Open,Major Cities,43253,85977,-33.7402,151.138,77136_00
43248,Sacred Heart Catholic Primary School,Mona Vale,NSW,2103,Primary,Non-Gov,Open,Major Cities,43248,41548,-33.67563,151.30115,77205_00
43465,Sacred Heart Catholic Primary School,Villawood,NSW,2163,Primary,Non-Gov,Open,Major Cities,43465,41554,-33.8891,150.976,77211_00
43437,Sacred Heart Catholic Primary School,Mosman,NSW,2088,Primary,Non-Gov,Open,Major Cities,43437,41438,-33.8246,151.236,77122_00
43560,Sacred Heart Catholic Primary School,Coolah,NSW,2843,Primary,Non-Gov,Open,Outer Regional,43560,41543,-31.8256,149.711,77203_00
43381,Sacred Heart Catholic Primary School Cabramatta,Cabramatta,NSW,2166,Primary,Non-Gov,Open,Major Cities,43381,41541,-33.8905,150.937,77210_00
43431,Sacred Heart Catholic Primary School Matraville,Matraville,NSW,2036,Primary,Non-Gov,Open,Major Cities,43431,41558,-33.9589,151.232,77222_00
43135,Sacred Heart Central School,Cootamundra,NSW,2590,Combined,Non-Gov,Open,Inner Regional,43135,41333,-34.6346,148.031,10991_00
43584,Sacred Heart Parish School,Broken Hill,NSW,2880,Primary,Non-Gov,Open,Outer Regional,43584,53299,-31.9527,141.46,11299_00
43622,Sacred Heart Primary School,Kooringal,NSW,2650,Primary,Non-Gov,Open,Inner Regional,43622,42105,-35.1379,147.377,77204_00
43615,Sacred Heart Primary School,Tocumwal,NSW,2714,Primary,Non-Gov,Open,Inner Regional,43615,41552,-35.8148,145.576,77208_00
43632,Sacred Heart Primary School,Boggabri,NSW,2382,Primary,Non-Gov,Open,Outer Regional,43632,41540,-30.7067,150.046,77202_00
43201,Sacred Heart Primary School,Westmead,NSW,2145,Primary,Non-Gov,Open,Major Cities,43201,41555,-33.8136,150.987,77209_00
43184,Sacred Heart Primary School,Mt Druitt South,NSW,2770,Primary,Non-Gov,Open,Major Cities,43184,44204,-33.7739,150.813,77206_00
41471,Sadleir Public School,Sadleir,NSW,2168,Primary,Gov,Open,Major Cities,41471,48531,-33.9158,150.891,4319
43668,Saint Ignatius' College,Lane Cove,NSW,2066,Secondary,Non-Gov,Open,Major Cities,43668,41663,-33.8278,151.156,11255_00
52053,"Saint Ignatius' College, The Regis Campus",Lane Cove,NSW,2066,Primary,Non-Gov,Open,Major Cities,43668,,-33.8236,151.157,11255_01
40275,Saint Mary MacKillop College Albury,Jindera,NSW,2642,Combined,Non-Gov,Open,Inner Regional,40275,68510,-35.9029,146.827,77957_00
40277,Saint Mary MacKillop Colleges Limited,Wagga Wagga,NSW,2650,Combined,Non-Gov,Open,Inner Regional,40277,66768,-35.129,147.348,77917_00
43138,Saints Peter and Paul's Primary School,Goulburn,NSW,2580,Primary,Non-Gov,Open,Inner Regional,43138,41497,-34.7593,149.702,77515_00
50601,Salamah College,Chester Hill,NSW,2162,Combined,Non-Gov,Open,Major Cities,50601,69359,-33.8771,151.008,77967_00
41961,Salt Ash Public School,Salt Ash,NSW,2318,Primary,Gov,Open,Inner Regional,41961,49125,-32.7878,151.904,3035
41304,Samuel Gilbert Public School,Castle Hill,NSW,2154,Primary,Gov,Open,Major Cities,41304,55112,-33.7131,150.992,4574
41767,Samuel Terry Public School,Cranebrook,NSW,2749,Primary,Gov,Open,Major Cities,41767,56273,-33.7133,150.709,4560
43319,San Clemente High School,Mayfield,NSW,2304,Secondary,Non-Gov,Open,Major Cities,43319,41995,-32.896,151.744,11533_00
42883,Sanctuary Point Public School,Sanctuary Point,NSW,2540,Primary,Gov,Open,Inner Regional,42883,50081,-35.1048,150.629,4464
42511,Sandon Public School,Armidale,NSW,2350,Primary,Gov,Open,Inner Regional,42511,56109,-30.4971,151.656,5696
42352,Sandy Beach Public School,Sandy Beach,NSW,2456,Primary,Gov,Open,Inner Regional,42352,56274,-30.1536,153.186,4557
41896,Sandy Hollow Public School,Sandy Hollow,NSW,2333,Primary,Gov,Open,Inner Regional,41896,49329,-32.3365,150.569,1974
41050,Sans Souci Public School,Sans Souci,NSW,2219,Primary,Gov,Open,Major Cities,41050,48630,-33.995,151.129,3038
43673,Santa Sabina College,Strathfield,NSW,2135,Combined,Non-Gov,Open,Major Cities,43673,44267,-33.8776,151.095,11766_00
40859,"Santa Sabina College, Santa Maria del Monte",Strathfield,NSW,2135,Primary,Non-Gov,Open,Major Cities,43673,77029,-33.8775,151.095,11766_01
52731,Santa Sophia Catholic College (Primary),Gables,NSW,2765,Primary,Non-Gov,Open,Major Cities,52731,87827,-33.681,150.935,78216_00
52640,Santa Sophia Catholic College (Secondary),Gables,NSW,2765,Secondary,Non-Gov,Open,Major Cities,52640,87828,-33.7053,150.892,78195_00
43879,Sapphire Coast Anglican College,Bega,NSW,2550,Combined,Non-Gov,Open,Outer Regional,43879,54279,-36.7012,149.839,77020_00
41602,Sarah Redfern High School,Minto,NSW,2566,Secondary,Gov,Open,Major Cities,41602,56314,-34.0268,150.851,8551
41499,Sarah Redfern Public School,Minto,NSW,2566,Primary,Gov,Open,Major Cities,41499,46511,-34.0277,150.851,4509
44027,Sathya Sai College,Murwillumbah,NSW,2484,Primary,Non-Gov,Open,Inner Regional,44027,55994,-28.3278,153.393,77644_00
52419,"Sathya Sai College Secondary Campus, Dungay",Dungay,NSW,2484,Secondary,Non-Gov,Open,Inner Regional,44027,84868,-28.2892,153.38,77644_01
42287,Sawtell Public School,Sawtell,NSW,2452,Primary,Gov,Open,Inner Regional,42287,49669,-30.3633,153.098,3042
42809,Scarborough Public School,Scarborough,NSW,2515,Primary,Gov,Open,Major Cities,42809,49981,-34.2661,150.966,3045
43875,SCECGS Redlands,Cremorne,NSW,2090,Combined,Non-Gov,Open,Major Cities,43875,42015,-33.8322,151.227,11549_00
52354,SCECGS Redlands - High Country campus,Jindabyne,NSW,2627,Secondary,Non-Gov,Open,Outer Regional,43875,,-36.4449,148.595,11549_02
40875,SCECGS Redlands - Murdoch campus,Cremorne,NSW,2090,Combined,Non-Gov,Open,Major Cities,43875,77155,-33.8321,151.227,11549_01
43941,SCEGGS Darlinghurst,Darlinghurst,NSW,2010,Combined,Non-Gov,Open,Major Cities,43941,42014,-33.876,151.219,11548_00
41670,Schofields Public School,Schofields,NSW,2762,Primary,Gov,Open,Major Cities,41670,50780,-33.6931,150.875,3046
43090,School of the Air,Broken Hill,NSW,2880,Primary,Gov,Open,Outer Regional,43090,56275,-31.9457,141.472,5302
43803,Scone Grammar School,Scone,NSW,2337,Combined,Non-Gov,Open,Inner Regional,43803,53802,-32.0511,150.864,13802_00
42110,Scone High School,Scone,NSW,2337,Secondary,Gov,Open,Inner Regional,42110,46401,-32.0564,150.872,8409
42085,Scone Public School,Scone,NSW,2337,Primary,Gov,Open,Inner Regional,42085,49339,-32.0494,150.864,7311
43849,Scots All Saints College,White Rock,NSW,2795,Combined,Non-Gov,Open,Inner Regional,43849,42030,-33.4312,149.6170546,11562_00
52726,"Scots All Saints College, Campus West",Bathurst,NSW,2795,Combined,Non-Gov,Open,Inner Regional,43849,41307,-33.3982,149.563,11562_02
42325,Scotts Head Public School,Scotts Head,NSW,2447,Primary,Gov,Open,Inner Regional,42325,49652,-30.7499,152.995,3635
41197,Seaforth Public School,Seaforth,NSW,2092,Primary,Gov,Open,Major Cities,41197,47691,-33.7933,151.251,1104
41962,Seaham Public School,Seaham,NSW,2324,Primary,Gov,Open,Inner Regional,41962,49205,-32.6621,151.729,3048
53055,Secondary College of Languages,Parramatta,NSW,2150,Combined,Gov,Open,Major Cities,53055,,-33.81369267,151.0081765,8600
41576,Sefton High School,Sefton,NSW,2162,Secondary,Gov,Open,Major Cities,41576,46470,-33.8795,151.009,8265
40513,Sefton Infants School,Sefton,NSW,2162,Primary,Gov,Open,Major Cities,40513,48150,-33.8892,151.01,5188
41810,Seven Hills High School,Seven Hills,NSW,2147,Secondary,Gov,Open,Major Cities,41810,6399,-33.7627,150.945,8231
41671,Seven Hills North Public School,Seven Hills,NSW,2147,Primary,Gov,Open,Major Cities,41671,47822,-33.76,150.955,3053
41685,Seven Hills Public School,Seven Hills,NSW,2147,Primary,Gov,Open,Major Cities,41685,47823,-33.77,150.937,3931
41704,Seven Hills West Public School,Seven Hills,NSW,2147,Primary,Gov,Open,Major Cities,41704,47824,-33.766,150.922,4162
41751,Shalvey Public School,Shalvey,NSW,2770,Primary,Gov,Open,Major Cities,41751,50821,-33.7266,150.809,4476
43760,"Shearwater, the Mullumbimby Steiner School",Mullumbimby,NSW,2482,Combined,Non-Gov,Open,Inner Regional,43760,54293,-28.5577,153.46,77213_00
42895,Shell Cove Public School,Shell Cove,NSW,2529,Primary,Gov,Open,Major Cities,42895,64011,-34.5956,150.857,4641
41728,Shelley Public School,Blacktown,NSW,2148,Primary,Gov,Open,Major Cities,41728,47839,-33.7892,150.918,4381
43901,Shellharbour Anglican College,Dunmore,NSW,2529,Combined,Non-Gov,Open,Major Cities,43901,58087,-34.594,150.848,77844_00
42810,Shellharbour Public School,Shellharbour,NSW,2529,Primary,Gov,Open,Major Cities,42810,50034,-34.5787,150.866,3060
40654,Shepherds Park School,Wagga Wagga,NSW,2650,Special,Gov,Open,Inner Regional,40654,56315,-35.1301,147.344,5711
41472,Sherwood Grange Public School,Merrylands,NSW,2160,Primary,Gov,Open,Major Cities,41472,48143,-33.8368,150.96,4328
43707,Sherwood Hills Christian School,Bradbury,NSW,2560,Combined,Non-Gov,Open,Major Cities,43707,42371,-34.0836,150.814,11652_00
41787,Sherwood Ridge Public School,Kellyville,NSW,2155,Primary,Gov,Open,Major Cities,41787,62754,-33.7067,150.976,4640
43792,Shire Christian School,Barden Ridge,NSW,2234,Combined,Non-Gov,Open,Major Cities,43792,42330,-34.0363,151.009,11617_00
42066,Shoal Bay Public School,Shoal Bay,NSW,2315,Primary,Gov,Open,Inner Regional,42066,56276,-32.7291,152.174,4589
42753,Shoalhaven Heads Public School,Shoalhaven Heads,NSW,2535,Primary,Gov,Open,Inner Regional,42753,50054,-34.8532,150.74,1625
42934,Shoalhaven High School,Nowra,NSW,2541,Secondary,Gov,Open,Inner Regional,42934,46389,-34.8973,150.61,8561
52678,Shoalhaven River College,Bomaderry,NSW,2541,Special,Non-Gov,Open,Inner Regional,52678,85754,-34.85871,150.59839,78176_00
43878,SHORE - Sydney Church of England Grammar School,North Sydney,NSW,2060,Secondary,Non-Gov,Open,Major Cities,43878,42018,-33.8399,151.205,11550_00
52062,"SHORE - Sydney Church of England Grammar School, Boat Shed",Gladesville,NSW,2111,Secondary,Non-Gov,Open,Major Cities,43878,,-33.8407,151.125,11550_03
52050,"SHORE - Sydney Church of England Preparatory School, North Sydney",North Sydney,NSW,2060,Primary,Non-Gov,Open,Major Cities,43878,88505,-33.8405,151.204,11550_02
52052,"SHORE - Sydney Church of England Preparatory School, Northbridge",Northbridge,NSW,2063,Primary,Non-Gov,Open,Major Cities,43878,88504,-33.8102,151.207,11550_01
41963,Shortland Public School,Shortland,NSW,2307,Primary,Gov,Open,Major Cities,41963,49152,-32.8814,151.695,3065
42050,Singleton Heights Public School,Singleton Heights,NSW,2330,Primary,Gov,Open,Inner Regional,42050,49321,-32.5492,151.164,4486
42096,Singleton High School,Singleton,NSW,2330,Secondary,Gov,Open,Inner Regional,42096,49322,-32.5697,151.178,8202
41964,Singleton Public School,Singleton,NSW,2330,Primary,Gov,Open,Inner Regional,41964,49323,-32.5631,151.172,3070
41315,Sir Eric Woodward Memorial School,St Ives,NSW,2075,Special,Gov,Open,Major Cities,41315,44924,-33.7196,151.18,5675
41569,Sir Joseph Banks High School,Revesby,NSW,2212,Secondary,Gov,Open,Major Cities,41569,48614,-33.9397,151.021,8250
51474,Skillset Senior College,Mitchell,NSW,2795,Special,Non-Gov,Open,Inner Regional,51474,70245,-33.4369,149.564,78096_00
52729,Skillset Senior College - Dubbo,Dubbo,NSW,2830,Special,Non-Gov,Open,Inner Regional,51474,85684,-32.26554445,148.6441059,78096_01
52830,Smalls Road Public School,Ryde,NSW,2112,Primary,Gov,Open,Major Cities,52830,86425,-33.79989,151.10911,4668
41418,Smithfield Public School,Smithfield,NSW,2164,Primary,Gov,Open,Major Cities,41418,48154,-33.8536,150.933,3073
41478,Smithfield West Public School,Wetherill Park,NSW,2164,Primary,Gov,Open,Major Cities,41478,48155,-33.8576,150.918,4355
42933,Smiths Hill High School,Wollongong,NSW,2500,Secondary,Gov,Open,Major Cities,42933,46369,-34.4189,150.896,8542
42288,Smithtown Public School,Smithtown,NSW,2440,Primary,Gov,Open,Inner Regional,42288,49628,-31.0182,152.941,3075
43765,Snowy Mountains Christian School,Cooma North,NSW,2630,Combined,Non-Gov,Open,Inner Regional,43765,55398,-36.2205,149.13,11840_00
43851,Snowy Mountains Grammar School,Jindabyne,NSW,2627,Combined,Non-Gov,Open,Outer Regional,43851,55643,-36.4151,148.609,77596_00
42684,Snowy Valleys School,Tumut,NSW,2720,Special,Gov,Open,Inner Regional,42684,50647,-35.3032,148.221,5674
40569,Sofala Public School,Sofala,NSW,2795,Primary,Gov,Open,Inner Regional,40569,50988,-33.0822,149.695,3077
41990,Soldiers Point Public School,Soldiers Point,NSW,2317,Primary,Gov,Open,Inner Regional,41990,49137,-32.71,152.065,3696
41965,Somersby Public School,Gosford,NSW,2250,Primary,Gov,Open,Inner Regional,41965,48688,-33.3584,151.291,3078
42472,Somerton Public School,Somerton,NSW,2340,Primary,Gov,Open,Outer Regional,42472,49352,-30.9384,150.642,3079
41062,South Coogee Public School,South Coogee,NSW,2034,Primary,Gov,Open,Major Cities,41062,47052,-33.9333,151.254,3703
52848,South Creek School,Riverstone,NSW,2765,Special,Gov,Open,Major Cities,52848,86427,-33.67703,150.87597,5771
42394,South Grafton High School,South Grafton,NSW,2460,Secondary,Gov,Open,Inner Regional,42394,46444,-29.7142,152.929,8406
42223,South Grafton Public School,South Grafton,NSW,2460,Primary,Gov,Open,Inner Regional,42223,49719,-29.7099,152.937,2061
41182,South Sydney High School,Maroubra,NSW,2035,Secondary,Gov,Open,Major Cities,41182,47565,-33.9442,151.234,8545
42637,South Wagga Public School,Wagga Wagga,NSW,2650,Primary,Gov,Open,Inner Regional,42637,50493,-35.1193,147.367,3333
42289,South West Rocks Public School,South West Rocks,NSW,2431,Primary,Gov,Open,Inner Regional,42289,49557,-30.8915,153.04,3083
43708,Southern Cross Baptist Church Christian School,Engadine,NSW,2233,Combined,Non-Gov,Open,Major Cities,43708,53330,-34.0603,151.006,77217_00
50222,Southern Cross Catholic College,Burwood,NSW,2134,Secondary,Non-Gov,Open,Major Cities,50222,41341,-33.8717,151.103,10996_00
42345,Southern Cross Public School,East Ballina,NSW,2478,Primary,Gov,Open,Inner Regional,42345,49768,-28.8503,153.587,4428
52670,Southern Cross School of Distance Education,East Ballina,NSW,2478,Combined,Gov,Open,Inner Regional,52670,68862,-28.8508,153.586,4659
43924,Southern Highlands Christian School,Bowral,NSW,2576,Combined,Non-Gov,Open,Inner Regional,43924,44214,-34.5037,150.44,77218_00
43857,Southside Montessori School,Riverwood,NSW,2210,Primary,Non-Gov,Open,Major Cities,43857,44061,-33.9524,151.044,77219_00
42007,Speers Point Public School,Speers Point,NSW,2284,Primary,Gov,Open,Major Cities,42007,48995,-32.9589,151.622,3968
52083,Spring Farm Public School,Spring Farm,NSW,2570,Primary,Gov,Open,Major Cities,52083,70332,-34.0696,150.715,4657
43035,Spring Hill Public School,Spring Hill,NSW,2800,Primary,Gov,Open,Inner Regional,43035,51013,-33.3996,149.151,3089
42473,Spring Ridge Public School,Spring Ridge,NSW,2343,Primary,Gov,Open,Outer Regional,42473,49365,-31.3924,150.255,3091
43036,Spring Terrace Public School,Spring Terrace,NSW,2798,Primary,Gov,Open,Inner Regional,43036,50996,-33.394,149.097,3093
42680,Springdale Heights Public School,Lavington,NSW,2641,Primary,Gov,Open,Inner Regional,42680,50450,-36.0319,146.95,4523
41825,Springwood High School,Springwood,NSW,2777,Secondary,Gov,Open,Major Cities,41825,50843,-33.6851,150.551,8446
41672,Springwood Public School,Springwood,NSW,2777,Primary,Gov,Open,Major Cities,41672,50844,-33.7044,150.574,3095
43343,Ss Peter and Paul Catholic Primary School,Kiama,NSW,2533,Primary,Non-Gov,Open,Major Cities,43343,41704,-34.6758,150.853,77514_00
43252,St Agatha's Catholic Primary School,Pennant Hills,NSW,2120,Primary,Non-Gov,Open,Major Cities,43252,41556,-33.7393,151.067,77220_00
43214,St Agnes Catholic High School,Rooty Hill,NSW,2766,Secondary,Non-Gov,Open,Major Cities,43214,58251,-33.7819,150.848,11167_00
43528,St Agnes' Primary School,Port Macquarie,NSW,2444,Primary,Non-Gov,Open,Inner Regional,43528,42392,-31.4405,152.898,77221_00
43427,St Aidan's Catholic Primary School,Maroubra Junction,NSW,2035,Primary,Non-Gov,Open,Major Cities,43427,41559,-33.9419,151.242,77224_00
43194,St Aidan's Primary School,Rooty Hill,NSW,2766,Primary,Non-Gov,Open,Major Cities,43194,41560,-33.7651,150.837,77223_00
43390,St Aloysius Catholic Primary School,Cronulla,NSW,2230,Primary,Non-Gov,Open,Major Cities,43390,41564,-34.0576,151.153,77225_00
50692,St Aloysius Catholic Primary School,Chisholm,NSW,2322,Primary,Non-Gov,Open,Major Cities,50692,69993,-32.7551,151.634,78083_00
43684,St Aloysius' College,Kirribilli,NSW,2061,Secondary,Non-Gov,Open,Major Cities,43684,41562,-33.8488,151.214,11172_00
40882,St Aloysius' College Junior School,Kirribilli,NSW,2061,Primary,Non-Gov,Open,Major Cities,43684,77210,-33.8466,151.214,11172_01
53256,"St Aloysius' College, Rozelle",Rozelle,NSW,2039,Secondary,Non-Gov,Open,Major Cities,43684,88514,-33.86630507,151.1726832,11172_02
50686,St Ambrose Catholic Primary School,Pottsville,NSW,2489,Primary,Non-Gov,Open,Major Cities,50686,69282,-28.3927,153.562,78068_00
43388,St Ambrose Catholic Primary School,Concord West,NSW,2138,Primary,Non-Gov,Open,Major Cities,43388,41565,-33.8498,151.087,77226_00
50251,St Andrew's Cathedral Gawura School,Sydney,NSW,2000,Primary,Non-Gov,Open,Major Cities,50251,69067,-33.8738,151.205,78008_00
43841,St Andrew's Cathedral School,Sydney,NSW,2000,Combined,Non-Gov,Open,Major Cities,43841,69275,-33.8738,151.206,11175_00
52040,St Andrew's Cathedral School - Bishop Barry Senior College,Sydney,NSW,2001,Secondary,Non-Gov,Open,Major Cities,43841,,-33.8733,151.205,11175_01
43424,St Andrew's Catholic Primary School,Malabar,NSW,2036,Primary,Non-Gov,Open,Major Cities,43424,41567,-33.9641,151.248,77229_00
43757,St Andrew's Christian School,Grafton,NSW,2460,Combined,Non-Gov,Open,Inner Regional,43757,56099,-29.699,152.975,77682_00
43221,St Andrews College,Marayong,NSW,2148,Secondary,Non-Gov,Open,Major Cities,43221,56144,-33.7423,150.886,77661_00
40904,"St Andrews College, Senior Campus",Marayong,NSW,2148,Secondary,Non-Gov,Open,Major Cities,43221,77321,-33.749,150.89,77661_01
43182,St Andrews Primary School,Marayong,NSW,2148,Primary,Non-Gov,Open,Major Cities,43182,41568,-33.7492,150.889,77228_00
41491,St Andrews Public School,St Andrews,NSW,2566,Primary,Gov,Open,Major Cities,41491,50216,-34.0225,150.831,4481
43206,St Angela's Primary School,Castle Hill,NSW,2154,Primary,Non-Gov,Open,Major Cities,43206,57270,-33.7178,150.973,77756_00
43461,St Anne's Catholic Primary School,Strathfield South,NSW,2136,Primary,Non-Gov,Open,Major Cities,43461,41574,-33.8924,151.078,77232_00
43146,St Anne's Central School,Temora,NSW,2666,Combined,Non-Gov,Open,Outer Regional,43146,41575,-34.4455,147.535,11181_00
43599,St Anne's Primary School,North Albury,NSW,2640,Primary,Non-Gov,Open,Inner Regional,43599,41573,-36.0603,146.936,77230_00
52396,St Anthony of Padua Catholic College,Austral,NSW,2179,Combined,Non-Gov,Open,Major Cities,52396,70279,-33.93,150.81,78154_00
43429,St Anthony's Catholic Primary School,Marsfield,NSW,2122,Primary,Non-Gov,Open,Major Cities,43429,42221,-33.781,151.103,77237_00
43386,St Anthony's Catholic Primary School,Clovelly,NSW,2031,Primary,Non-Gov,Open,Major Cities,43386,41577,-33.9105,151.259,77236_00
43349,St Anthony's Catholic Primary School,Picton,NSW,2571,Primary,Non-Gov,Open,Inner Regional,43349,42319,-34.1708,150.612,77235_00
43167,St Anthony's Primary School,Girraween,NSW,2145,Primary,Non-Gov,Open,Major Cities,43167,41579,-33.7922,150.95,77234_00
43518,St Anthony's Primary School,Kingscliff,NSW,2487,Primary,Non-Gov,Open,Major Cities,43518,41580,-28.2574,153.577,77233_00
43671,St Augustine's College Sydney,Brookvale,NSW,2100,Combined,Non-Gov,Open,Major Cities,43671,41582,-33.7597,151.272,11185_00
43591,St Augustine's Parish School,Narromine,NSW,2821,Primary,Non-Gov,Open,Outer Regional,43591,41384,-32.2275,148.24,77238_00
43512,St Augustine's Primary School,Coffs Harbour,NSW,2450,Primary,Non-Gov,Open,Inner Regional,43512,41584,-30.301,153.113,77239_00
52439,St Bede's Catholic College,Chisholm,NSW,2322,Secondary,Non-Gov,Open,Major Cities,52439,70290,-32.75364,151.63434,78163_00
43133,St Bede's Primary School,Braidwood,NSW,2622,Primary,Non-Gov,Open,Inner Regional,43133,41586,-35.4418,149.799,77240_00
50245,St Benedict's Catholic College,Oran Park,NSW,2570,Secondary,Non-Gov,Open,Major Cities,50245,68907,-34.0182,150.75296,78017_00
43290,St Benedict's Primary School,Edgeworth,NSW,2285,Primary,Non-Gov,Open,Major Cities,43290,41588,-32.9232,151.612,77241_00
43161,St Bernadette's Primary School,Castle Hill,NSW,2154,Primary,Non-Gov,Open,Major Cities,43161,41589,-33.7319,151.012,77242_00
43164,St Bernadette's Primary School,Dundas Valley,NSW,2117,Primary,Non-Gov,Open,Major Cities,43164,41590,-33.7909,151.051,77243_00
43179,St Bernadette's Primary School,Lalor Park,NSW,2147,Primary,Non-Gov,Open,Major Cities,43179,41592,-33.7613,150.926,77244_00
43233,St Bernard's Catholic Primary School,Berowra Heights,NSW,2082,Primary,Non-Gov,Open,Major Cities,43233,41593,-33.6142,151.144,77246_00
43379,St Bernard's Catholic Primary School,Botany,NSW,2019,Primary,Non-Gov,Open,Major Cities,43379,41594,-33.9455,151.2,77248_00
43128,"St Bernard's Primary School, Batemans Bay",Batehaven,NSW,2536,Primary,Non-Gov,Open,Inner Regional,43128,41744,-35.7391,150.206,77245_00
43867,St Bishoy Coptic Orthodox College,Mount Druitt,NSW,2770,Combined,Non-Gov,Open,Major Cities,43867,55694,-33.7626,150.829,77764_00
52087,"St Bishoy Coptic Orthodox College, St Bishoy Hall",Mount Druitt,NSW,2770,Combined,Non-Gov,Open,Major Cities,43867,,-33.7629,150.826,77764_01
43368,St Brendan's Catholic Primary School,Bankstown,NSW,2200,Primary,Non-Gov,Open,Major Cities,43368,41598,-33.9217,151.029,77249_00
43361,St Brendan's Catholic Primary School,Annandale,NSW,2038,Primary,Non-Gov,Open,Major Cities,43361,41597,-33.8842,151.171,77252_00
43244,St Brendan's Catholic Primary School,Lake Munmorah,NSW,2259,Primary,Non-Gov,Open,Major Cities,43244,53345,-33.18752,151.57615,77251_00
43607,St Brendan's Primary School,Ganmain,NSW,2702,Primary,Non-Gov,Open,Outer Regional,43607,41599,-34.7964,147.043,77250_00
50687,St Brigid's Catholic College,Lake Munmorah,NSW,2259,Secondary,Non-Gov,Open,Major Cities,50687,69897,-33.1868,151.574,78086_00
43561,St Brigid's Catholic Primary School,Coonamble,NSW,2829,Primary,Non-Gov,Open,Remote,43561,41595,-30.9523,148.39,77247_00
43389,St Brigid's Catholic Primary School,Coogee,NSW,2034,Primary,Non-Gov,Open,Major Cities,43389,53663,-33.9199,151.253,77253_00
43428,St Brigid's Catholic Primary School,Marrickville,NSW,2204,Primary,Non-Gov,Open,Major Cities,43428,41603,-33.9094,151.153,77258_00
43340,St Brigid's Catholic Primary School,Gwynneville,NSW,2500,Primary,Non-Gov,Open,Major Cities,43340,41602,-34.4164,150.882,77255_00
43313,St Brigid's Primary School,Raymond Terrace,NSW,2324,Primary,Non-Gov,Open,Major Cities,43313,41610,-32.7651,151.747,77257_00
43519,St Brigid's Primary School,Kyogle,NSW,2474,Primary,Non-Gov,Open,Inner Regional,43519,41608,-28.6262,153.005,77256_00
43175,St Canice's Primary School,Katoomba,NSW,2780,Primary,Non-Gov,Open,Major Cities,43175,41611,-33.7161,150.311,77259_00
43521,St Carthage's Primary School,Lismore,NSW,2480,Primary,Non-Gov,Open,Inner Regional,43521,69801,-28.8037,153.284,77260_00
43409,St Catherine Labouré Catholic Primary School,Gymea,NSW,2227,Primary,Non-Gov,Open,Major Cities,43409,41613,-34.0371,151.084,77261_00
43470,St Catherine of Siena Catholic Primary School,Prestons,NSW,2170,Primary,Non-Gov,Open,Major Cities,43470,56320,-33.9526,150.869,77701_00
43299,St Catherine's Catholic College,Singleton,NSW,2330,Combined,Non-Gov,Open,Inner Regional,43299,57917,-32.5592,151.18,11212_00
43995,St Catherine's School,Waverley,NSW,2024,Combined,Non-Gov,Open,Major Cities,43995,41615,-33.9047,151.254,11213_00
43232,St Cecilia's Catholic Primary School,Balgowlah,NSW,2093,Primary,Non-Gov,Open,Major Cities,43232,41616,-33.7962,151.258,77262_00
43265,St Cecilia's Catholic Primary School,Wyong,NSW,2259,Primary,Non-Gov,Open,Major Cities,43265,41617,-33.2914,151.428,77263_00
43694,St Charbel's College,Punchbowl,NSW,2196,Combined,Non-Gov,Open,Major Cities,43694,44221,-33.9182,151.056,04221_00
43454,St Charles Catholic Primary School,Ryde,NSW,2112,Primary,Non-Gov,Open,Major Cities,43454,41618,-33.8183,151.114,77264_00
43467,St Charles' Catholic Primary School Waverley,Waverley,NSW,2024,Primary,Non-Gov,Open,Major Cities,43467,41619,-33.8996,151.253,77265_00
43444,St Christopher's Catholic Primary School,Panania,NSW,2213,Primary,Non-Gov,Open,Major Cities,43444,41620,-33.9575,150.997,77266_00
43503,St Christopher's Catholic Primary School,Holsworthy,NSW,2173,Primary,Non-Gov,Open,Major Cities,43503,57657,-33.9524,150.951,77771_00
41842,St Clair High School,St Clair,NSW,2759,Secondary,Gov,Open,Major Cities,41842,50719,-33.7939,150.787,8571
41762,St Clair Public School,St Clair,NSW,2759,Primary,Gov,Open,Major Cities,41762,55121,-33.7962,150.787,4531
43211,St Clare's Catholic High School,Hassall Grove,NSW,2761,Secondary,Non-Gov,Open,Major Cities,43211,58250,-33.7345,150.841,77041_00
43347,St Clare's Catholic Primary School,Narellan Vale,NSW,2567,Primary,Non-Gov,Open,Major Cities,43347,53984,-34.0475,150.748,77267_00
43676,St Clare's College,Waverley,NSW,2024,Secondary,Non-Gov,Open,Major Cities,43676,41622,-33.8988,151.254,11220_00
43320,St Clare's High School,Taree,NSW,2430,Secondary,Non-Gov,Open,Inner Regional,43320,42025,-31.897,152.479,11557_00
43887,St Columba Anglican School,Port Macquarie,NSW,2444,Combined,Non-Gov,Open,Inner Regional,43887,57631,-31.4632,152.878,77776_00
43280,St Columban's Primary School,Mayfield,NSW,2304,Primary,Non-Gov,Open,Major Cities,43280,41624,-32.8968,151.742,77268_00
43228,St Columba's Catholic College,Springwood,NSW,2777,Secondary,Non-Gov,Open,Major Cities,43228,42345,-33.6732,150.588,11628_00
43438,St Columba's Catholic Primary School,Leichhardt North,NSW,2040,Primary,Non-Gov,Open,Major Cities,43438,41629,-33.8797,151.152,77272_00
43574,St Columba's Catholic Primary School,Yeoval,NSW,2868,Primary,Non-Gov,Open,Outer Regional,43574,41625,-32.7491,148.649,77271_00
43288,St Columba's Primary School,Adamstown,NSW,2289,Primary,Non-Gov,Open,Major Cities,43288,41627,-32.9372,151.726,77269_00
43336,St Columbkille's Catholic Primary School,Corrimal,NSW,2518,Primary,Non-Gov,Open,Major Cities,43336,41630,-34.3687,150.898,77273_00
43445,St Declan's Catholic Primary School,Penshurst,NSW,2222,Primary,Non-Gov,Open,Major Cities,43445,41631,-33.9632,151.087,77274_00
40276,St Dominic Savio School,Rockdale,NSW,2216,Primary,Non-Gov,Open,Major Cities,40276,45298,-33.951,151.15,77275_00
43310,St Dominic's Centre,Mayfield,NSW,2304,Special,Non-Gov,Open,Major Cities,43310,43008,-32.8956,151.744,77276_00
43678,St Dominic's College,Kingswood,NSW,2747,Secondary,Non-Gov,Open,Major Cities,43678,41632,-33.7532,150.716,11228_00
43685,St Edmund's College,Wahroonga,NSW,2076,Special,Non-Gov,Open,Major Cities,43685,43032,-33.7137,151.127,11698_00
43559,St Edward's Catholic Primary School,Canowindra,NSW,2804,Primary,Non-Gov,Open,Inner Regional,43559,41637,-33.5657,148.665,11231_00
43665,St Edward's Christian Brothers' College,East Gosford,NSW,2250,Secondary,Non-Gov,Open,Major Cities,43665,41636,-33.4383,151.346,11230_00
43642,St Edward's Primary School,South Tamworth,NSW,2340,Primary,Non-Gov,Open,Inner Regional,43642,53946,-31.1092,150.914,77278_00
40879,"St Edward's Primary School, Robert Street campus",South Tamworth,NSW,2340,Primary,Non-Gov,Open,Inner Regional,43642,77175,-31.1091,150.914,77278_01
43926,St Euphemia College,Bankstown,NSW,2200,Combined,Non-Gov,Open,Major Cities,43926,53348,-33.9187,151.039,13348_00
43367,St Felix Catholic Primary School,Bankstown,NSW,2200,Primary,Non-Gov,Open,Major Cities,43367,41639,-33.9067,151.036,77280_00
43420,St Fiacre's Catholic Primary School,Leichhardt,NSW,2040,Primary,Non-Gov,Open,Major Cities,43420,41640,-33.8848,151.162,77281_00
43510,St Finbarr's Primary School,Byron Bay,NSW,2481,Primary,Non-Gov,Open,Inner Regional,43510,41641,-28.6656,153.616,77282_00
43455,St Finbar's Catholic Primary School Sans Souci,Sans Souci,NSW,2219,Primary,Non-Gov,Open,Major Cities,43455,41642,-33.9925,151.129,77284_00
43168,St Finbar's Primary School,Glenbrook,NSW,2773,Primary,Non-Gov,Open,Major Cities,43168,41643,-33.7611,150.618,77283_00
52372,St Francis Catholic College,Edmondson Park,NSW,2174,Combined,Non-Gov,Open,Major Cities,52372,86368,-33.9629,150.852,78150_00
43468,St Francis de Sales Catholic Primary School,Woolooware,NSW,2230,Primary,Non-Gov,Open,Major Cities,43468,41645,-34.0522,151.143,77285_00
43627,St Francis De Sales Regional College,Leeton,NSW,2705,Secondary,Non-Gov,Open,Outer Regional,43627,41644,-34.5679,146.411,11238_00
43356,St Francis of Assisi Catholic Primary School,Warrawong,NSW,2502,Primary,Non-Gov,Open,Major Cities,43356,41646,-34.4797,150.88,77287_00
43169,St Francis of Assisi Primary School,Glendenning,NSW,2761,Primary,Non-Gov,Open,Major Cities,43169,53441,-33.737,150.852,77286_00
43442,St Francis of Assisi Regional Catholic Primary School,Paddington,NSW,2021,Primary,Non-Gov,Open,Major Cities,43442,41647,-33.8885,151.231,77288_00
43392,St Francis Xavier Catholic School Ashbury,Croydon Park,NSW,2133,Primary,Non-Gov,Open,Major Cities,43392,41649,-33.8967,151.114,77299_00
43506,St Francis Xavier Primary School,Ballina,NSW,2478,Primary,Non-Gov,Open,Inner Regional,43506,41651,-28.8684,153.564,77292_00
43536,St Francis Xavier Primary School,Woolgoolga,NSW,2456,Primary,Non-Gov,Open,Inner Regional,43536,54013,-30.1152,153.201,77289_00
43362,St Francis Xavier's Catholic Primary School,Arncliffe,NSW,2205,Primary,Non-Gov,Open,Major Cities,43362,41650,-33.9396,151.147,77290_00
43423,St Francis Xavier's Catholic Primary School,Lurnea,NSW,2170,Primary,Non-Gov,Open,Major Cities,43423,42315,-33.933,150.9,77300_00
40372,St Francis Xavier's College,Hamilton,NSW,2303,Secondary,Non-Gov,Open,Major Cities,40372,41648,-32.9272,151.754,11242_00
43142,St Francis Xavier's Primary School,Lake Cargelligo,NSW,2672,Primary,Non-Gov,Open,Remote,43142,41652,-33.2965,146.369,77293_00
43303,St Francis Xavier's Primary School,Belmont,NSW,2280,Primary,Non-Gov,Open,Major Cities,43303,41745,-33.0378,151.662,77340_00
43638,St Francis Xavier's Primary School,Narrabri,NSW,2390,Primary,Non-Gov,Open,Outer Regional,43638,41994,-30.326,149.789,77294_00
43372,St Gabriel's Catholic Primary School Bexley,Bexley,NSW,2207,Primary,Non-Gov,Open,Major Cities,43372,41657,-33.9479,151.122,77301_00
43695,St Gabriel's School for students with special needs,Castle Hill,NSW,2154,Special,Non-Gov,Open,Major Cities,43695,43033,-33.7436,150.998,11699_00
43928,St George Christian School,Hurstville,NSW,2220,Combined,Non-Gov,Open,Major Cities,43928,43303,-33.9723,151.111,03303_00
40858,St George Christian School (Infants),Sans Souci,NSW,2217,Primary,Non-Gov,Open,Major Cities,43928,77026,-33.987,151.134,03303_01
41148,St George Girls High School,Kogarah,NSW,2217,Secondary,Gov,Open,Major Cities,41148,48628,-33.9591,151.136,8136
40801,St George Hospital School,Kogarah,NSW,2217,Special,Gov,Open,Major Cities,40801,67657,-33.9667,151.134,5513
41120,St George School,Kogarah,NSW,2217,Special,Gov,Open,Major Cities,41120,45852,-33.9691,151.138,5527
42837,St Georges Basin Public School,Basin View,NSW,2540,Primary,Gov,Open,Inner Regional,42837,50173,-35.0907,150.564,3673
43234,St Gerard's Catholic Primary School,Carlingford,NSW,2118,Primary,Non-Gov,Open,Major Cities,43234,41658,-33.7659,151.051,77303_00
43457,St Gertrude's Catholic Primary School,Smithfield,NSW,2164,Primary,Non-Gov,Open,Major Cities,43457,41659,-33.8547,150.938,77304_00
43670,St Gregory's College Campbelltown,Gregory Hills,NSW,2557,Combined,Non-Gov,Open,Major Cities,43670,41660,-34.0398,150.787,11253_00
40877,St Gregory's Primary School,Queanbeyan,NSW,2620,Primary,Non-Gov,Open,Major Cities,40877,77169,-35.3527,149.241,77305_00
43145,St Gregory's Primary School - Lowe Street Campus,Queanbeyan,NSW,2620,Primary,Non-Gov,Open,Major Cities,40877,53853,-35.356,149.233,77305_01
41517,St Helens Park Public School,St Helens Park,NSW,2560,Primary,Gov,Open,Major Cities,41517,54662,-34.1102,150.804,4603
43829,St Hurmizd Assyrian Primary School,Greenfield Park,NSW,2176,Primary,Non-Gov,Open,Major Cities,43829,57653,-33.8706,150.892,77778_00
43582,St Ignatius' Parish School,Bourke,NSW,2840,Primary,Non-Gov,Open,Very Remote,43582,41664,-30.0882,145.932,77307_00
41335,St Ives High School,St Ives,NSW,2075,Secondary,Gov,Open,Major Cities,41335,47638,-33.7401,151.167,8400
41289,St Ives North Public School,St Ives,NSW,2075,Primary,Gov,Open,Major Cities,41289,46135,-33.7187,151.164,4293
41297,St Ives Park Public School,St Ives,NSW,2075,Primary,Gov,Open,Major Cities,41297,56316,-33.7241,151.179,4400
41291,St Ives Public School,St Ives,NSW,2075,Primary,Gov,Open,Major Cities,41291,56317,-33.7386,151.167,4331
43407,St James Catholic Primary School,Glebe,NSW,2037,Primary,Non-Gov,Open,Major Cities,43407,41665,-33.8795,151.185,77308_00
43537,St James' Primary School,Yamba,NSW,2464,Primary,Non-Gov,Open,Inner Regional,43537,54601,-29.4325,153.334,77614_00
43532,St James' Primary School,Banora Point,NSW,2486,Primary,Non-Gov,Open,Major Cities,43532,54560,-28.2224,153.543,14560_00
43307,St James' Primary School,Kotara South,NSW,2289,Primary,Non-Gov,Open,Major Cities,43307,41666,-32.9483,151.7,77309_00
43296,St James' Primary School,Muswellbrook,NSW,2333,Primary,Non-Gov,Open,Inner Regional,43296,41667,-32.2802,150.884,77310_00
43446,St Jerome's Catholic Primary School,Punchbowl,NSW,2196,Primary,Non-Gov,Open,Major Cities,43446,41668,-33.9274,151.055,77311_00
43421,St Joachim's Catholic Primary School,Lidcombe,NSW,2141,Primary,Non-Gov,Open,Major Cities,43421,41669,-33.8626,151.047,77312_00
43410,St Joan of Arc Catholic Primary School,Haberfield,NSW,2045,Primary,Non-Gov,Open,Major Cities,43410,41670,-33.8794,151.14,77313_00
43400,St John Bosco Catholic Primary School,Engadine,NSW,2233,Primary,Non-Gov,Open,Major Cities,43400,41671,-34.0634,151.008,77721_00
43487,St John Bosco College,Engadine,NSW,2233,Secondary,Non-Gov,Open,Major Cities,43487,42350,-34.0593,151.009,11633_00
43258,St John Fisher Catholic Primary School,Tumbi Umbi,NSW,2261,Primary,Non-Gov,Open,Major Cities,43258,48790,-33.3692,151.437,77314_00
43545,St John Paul College,Coffs Harbour,NSW,2450,Secondary,Non-Gov,Open,Inner Regional,43545,42397,-30.3238,153.098,11675_00
52368,Lismore Diocese Online Education Centre,Coffs Harbour,NSW,2450,Secondary,Non-Gov,Open,Inner Regional,43545,,-30.3109,153.118,11675_02
43222,St John Paul II Catholic College (Schofields),Schofields,NSW,2762,Secondary,Non-Gov,Open,Major Cities,43222,54621,-33.70537346,150.8921717,77685_00
40905,St John Paul II Catholic College (Nirimba),Nirimba Fields,NSW,2763,Secondary,Non-Gov,Open,Major Cities,43222,77322,-33.7257,150.881,77685_02
43250,St John the Apostle Catholic Primary School,Narraweena,NSW,2099,Primary,Non-Gov,Open,Major Cities,43250,41688,-33.7505,151.274,77316_00
43242,St John the Baptist Catholic Primary School,Freshwater,NSW,2096,Primary,Non-Gov,Open,Major Cities,43242,41691,-33.7752,151.284,77317_00
43263,St John the Baptist Catholic Primary School,Woy Woy South,NSW,2256,Primary,Non-Gov,Open,Major Cities,43263,41692,-33.5028,151.304,77318_00
43294,St John the Baptist Primary School,Maitland,NSW,2320,Primary,Non-Gov,Open,Major Cities,43294,41680,-32.7381,151.558,77319_00
43328,St John the Evangelist Catholic High School,Nowra,NSW,2541,Secondary,Non-Gov,Open,Inner Regional,43328,53178,-34.8966,150.605,13178_00
43335,St John The Evangelist Catholic Primary School,Campbelltown,NSW,2560,Primary,Non-Gov,Open,Major Cities,43335,41678,-34.0695,150.817,77320_00
43408,St John Vianney Catholic Primary School,Greenacre,NSW,2190,Primary,Non-Gov,Open,Major Cities,43408,41694,-33.9038,151.059,77324_00
43295,St John Vianney's Primary School,Morisset,NSW,2264,Primary,Non-Gov,Open,Major Cities,43295,41695,-33.1092,151.485,77323_00
43163,St John Vianney's Primary School,Doonside,NSW,2767,Primary,Non-Gov,Open,Major Cities,43163,45455,-33.7586,150.871,77321_00
43207,St John XXIII Catholic College (Primary),Stanhope Gardens,NSW,2768,Primary,Non-Gov,Open,Major Cities,43207,57789,-33.7047,150.927,77862_00
43208,St John XXIII Catholic College (Secondary),Stanhope Gardens,NSW,2768,Secondary,Non-Gov,Open,Major Cities,43208,63691,-33.7057,150.929,77913_00
43337,St John's Catholic Primary School,Dapto,NSW,2530,Primary,Non-Gov,Open,Major Cities,43337,41679,-34.4933,150.799,77330_00
43364,St John's Catholic Primary School,Auburn,NSW,2144,Primary,Non-Gov,Open,Major Cities,43364,41677,-33.8513,151.033,77327_00
43554,St John's Catholic Primary School,Baradine,NSW,2396,Primary,Non-Gov,Open,Remote,43554,41682,-30.9506,149.066,77328_00
43562,St John's Catholic Primary School,Dubbo,NSW,2830,Primary,Non-Gov,Open,Inner Regional,43562,41672,-32.2666,148.646,77331_00
43579,St Johns College,Dubbo,NSW,2830,Secondary,Non-Gov,Open,Inner Regional,43579,41673,-32.268,148.646,11265_00
43542,St John's College,Lismore,NSW,2480,Secondary,Non-Gov,Open,Inner Regional,43542,57264,-28.7842,153.3,11267_00
43828,St John's Lutheran Primary School,Jindera,NSW,2642,Primary,Non-Gov,Open,Inner Regional,43828,41676,-35.9571,146.882,77326_00
43585,St John's Parish School,Cobar,NSW,2835,Primary,Non-Gov,Open,Remote,43585,41684,-31.4985,145.834,77329_00
43595,St John's Parish School,Trangie,NSW,2823,Primary,Non-Gov,Open,Outer Regional,43595,41690,-32.0349,147.979,77335_00
41598,St Johns Park High School,St Johns Park,NSW,2176,Secondary,Gov,Open,Major Cities,41598,46387,-33.8731,150.892,8531
41417,St Johns Park Public School,St Johns Park,NSW,2176,Primary,Gov,Open,Major Cities,41417,48553,-33.8872,150.899,3029
43279,St John's Primary School,Lambton,NSW,2299,Primary,Non-Gov,Open,Major Cities,43279,41685,-32.91,151.706,77332_00
43193,St John's Primary School,Riverstone,NSW,2765,Primary,Non-Gov,Open,Major Cities,43193,41689,-33.6754,150.872,77334_00
43525,St John's Primary School,Mullumbimby,NSW,2482,Primary,Non-Gov,Open,Inner Regional,43525,42243,-28.5495,153.497,77333_00
43365,St Joseph the Worker Catholic Primary School,Auburn South,NSW,2144,Primary,Non-Gov,Open,Major Cities,43365,41802,-33.8649,151.025,77336_00
43270,St Joseph's Catholic College,East Gosford,NSW,2250,Secondary,Non-Gov,Open,Major Cities,43270,41714,-33.4369,151.347,11300_00
43329,St Joseph's Catholic High School,Albion Park,NSW,2527,Secondary,Non-Gov,Open,Major Cities,43329,42387,-34.573,150.766,11666_00
43333,St Joseph's Catholic Primary School,Bulli,NSW,2516,Primary,Non-Gov,Open,Major Cities,43333,41751,-34.3341,150.918,77349_00
43249,St Joseph's Catholic Primary School,Narrabeen,NSW,2101,Primary,Non-Gov,Open,Major Cities,43249,41727,-33.713,151.3,77378_00
43370,St Joseph's Catholic Primary School,Belmore,NSW,2192,Primary,Non-Gov,Open,Major Cities,43370,41746,-33.9236,151.089,77398_00
43399,St Joseph's Catholic Primary School,Enfield,NSW,2136,Primary,Non-Gov,Open,Major Cities,43399,41762,-33.8881,151.101,77401_00
43441,St Joseph's Catholic Primary School,Oatley,NSW,2223,Primary,Non-Gov,Open,Major Cities,43441,41783,-33.9816,151.083,77404_00
43436,St Joseph's Catholic Primary School,Moorebank,NSW,2170,Primary,Non-Gov,Open,Major Cities,43436,42316,-33.9284,150.955,77402_00
43451,St Joseph's Catholic Primary School,Riverwood,NSW,2210,Primary,Non-Gov,Open,Major Cities,43451,41787,-33.9518,151.055,77405_00
43452,St Joseph's Catholic Primary School,Rockdale,NSW,2216,Primary,Non-Gov,Open,Major Cities,43452,41731,-33.9509,151.135,77406_00
43548,St Joseph's Catholic Primary School,Blayney,NSW,2799,Primary,Non-Gov,Open,Inner Regional,43548,41735,-33.5249,149.257,11318_00
43552,St Joseph's Catholic Primary School,Oberon,NSW,2787,Primary,Non-Gov,Open,Inner Regional,43552,41705,-33.7057,149.855,11292_00
43565,St Joseph's Catholic Primary School,Eugowra,NSW,2806,Primary,Non-Gov,Open,Outer Regional,43565,41722,-33.4278,148.372,77357_00
43566,St Joseph's Catholic Primary School,Gilgandra,NSW,2827,Primary,Non-Gov,Open,Outer Regional,43566,41763,-31.7085,148.663,77359_00
43569,St Joseph's Catholic Primary School,Manildra,NSW,2865,Primary,Non-Gov,Open,Outer Regional,43569,41774,-33.1838,148.692,77372_00
43570,St Joseph's Catholic Primary School,Molong,NSW,2866,Primary,Non-Gov,Open,Inner Regional,43570,41777,-33.0943,148.865,77375_00
43573,St Joseph's Catholic Primary School,Portland,NSW,2847,Primary,Non-Gov,Open,Inner Regional,43573,41729,-33.3532,149.988,77383_00
53221,St Joseph's Catholic Primary School,Rosebery,NSW,2018,Primary,Non-Gov,Open,Major Cities,53221,,-33.91711997,151.2068997,78233_00
53220,"St Joseph's Rosebery, Kensington Campus",Kensington,NSW,2033,Primary,Non-Gov,Open,Major Cities,53221,86225,-33.91229388,151.2201949,78233_01
40375,St Joseph's Catholic Primary School Como - Oyster Bay,Como,NSW,2226,Primary,Non-Gov,Open,Major Cities,40375,41756,-34.0093,151.073,77400_00
43317,St Joseph's College,Lochinvar,NSW,2321,Secondary,Non-Gov,Open,Inner Regional,43317,77182,-32.6978,151.458,11596_00
43547,St Joseph's College,Banora Point,NSW,2486,Secondary,Non-Gov,Open,Major Cities,43547,53440,-28.2102,153.537,13440_00
43680,St Joseph's College,Hunters Hill,NSW,2110,Secondary,Non-Gov,Open,Major Cities,43680,41442,-33.8304,151.139,11081_00
43321,St Joseph's High School Aberdeen,Aberdeen,NSW,2336,Secondary,Non-Gov,Open,Inner Regional,43321,41737,-32.1676,150.888,11319_00
43581,St Joseph's Parish School,Balranald,NSW,2715,Primary,Non-Gov,Open,Outer Regional,43581,42191,-34.6378,143.563,77343_00
43586,St Joseph's Parish School,Condobolin,NSW,2877,Primary,Non-Gov,Open,Outer Regional,43586,41757,-33.0846,147.147,77351_00
43592,St Joseph's Parish School,Nyngan,NSW,2825,Primary,Non-Gov,Open,Remote,43592,41782,-31.5644,147.191,77380_00
43594,St Joseph's Parish School,Peak Hill,NSW,2869,Primary,Non-Gov,Open,Outer Regional,43594,41784,-32.7309,148.194,77381_00
43590,St Joseph's Parish School,Hillston,NSW,2675,Primary,Non-Gov,Open,Remote,43590,41767,-33.4843,145.528,77364_00
43605,St Joseph's Primary School,Culcairn,NSW,2660,Primary,Non-Gov,Open,Inner Regional,43605,41758,-35.6687,147.036,77353_00
43606,St Joseph's Primary School,Finley,NSW,2713,Primary,Non-Gov,Open,Inner Regional,43606,41723,-35.6376,145.577,77358_00
43639,St Joseph's Primary School,Quirindi,NSW,2343,Primary,Non-Gov,Open,Outer Regional,43639,41786,-31.5102,150.677,77384_00
43631,St Joseph's Primary School,Barraba,NSW,2347,Primary,Non-Gov,Open,Outer Regional,43631,41743,-30.3771,150.609,77345_00
43643,St Joseph's Primary School,Tenterfield,NSW,2372,Primary,Non-Gov,Open,Outer Regional,43643,41791,-29.0593,152.016,77387_00
43644,St Joseph's Primary School,Uralla,NSW,2358,Primary,Non-Gov,Open,Inner Regional,43644,41794,-30.6392,151.505,77389_00
43637,St Joseph's Primary School,Mungindi,NSW,2406,Primary,Non-Gov,Open,Remote,43637,41778,-28.98,148.991,77376_00
43641,St Joseph's Primary School,West Tamworth,NSW,2340,Primary,Non-Gov,Open,Inner Regional,43641,41790,-31.0931,150.918,77385_00
43646,St Joseph's Primary School,Walgett,NSW,2832,Primary,Non-Gov,Open,Remote,43646,41796,-30.0259,148.114,77390_00
43647,St Joseph's Primary School,Warialda,NSW,2402,Primary,Non-Gov,Open,Outer Regional,43647,41797,-29.5434,150.573,77391_00
43648,St Joseph's Primary School,Wee Waa,NSW,2388,Primary,Non-Gov,Open,Outer Regional,43648,41799,-30.2272,149.444,77393_00
43624,St Joseph's Primary School,Wagga Wagga,NSW,2650,Primary,Non-Gov,Open,Inner Regional,43624,54313,-35.1074,147.373,77590_00
43610,St Joseph's Primary School,Jerilderie,NSW,2716,Primary,Non-Gov,Open,Outer Regional,43610,41803,-35.361,145.736,77365_00
43611,St Joseph's Primary School,Junee,NSW,2663,Primary,Non-Gov,Open,Inner Regional,43611,41768,-34.8722,147.577,77366_00
43612,St Joseph's Primary School,Leeton,NSW,2705,Primary,Non-Gov,Open,Outer Regional,43612,41725,-34.5549,146.404,77368_00
43613,St Joseph's Primary School,Lockhart,NSW,2656,Primary,Non-Gov,Open,Outer Regional,43613,41771,-35.2202,146.721,77369_00
43614,St Joseph's Primary School,Narrandera,NSW,2700,Primary,Non-Gov,Open,Outer Regional,43614,41779,-34.7492,146.555,77379_00
43533,St Joseph's Primary School,Tweed Heads,NSW,2485,Primary,Non-Gov,Open,Major Cities,43533,54559,-28.1713,153.541,01706_00
43534,St Joseph's Primary School,Wauchope,NSW,2446,Primary,Non-Gov,Open,Inner Regional,43534,41798,-31.4597,152.732,77392_00
43535,St Joseph's Primary School,Evans Head,NSW,2473,Primary,Non-Gov,Open,Inner Regional,43535,41734,-29.11686582,153.4274231,77397_00
43524,St Joseph's Primary School,Maclean,NSW,2463,Primary,Non-Gov,Open,Inner Regional,43524,41772,-29.4593,153.202,77370_00
43529,St Joseph's Primary School,Port Macquarie,NSW,2444,Primary,Non-Gov,Open,Inner Regional,43529,41730,-31.4294,152.895,77382_00
43527,St Joseph's Primary School,South Murwillumbah,NSW,2484,Primary,Non-Gov,Open,Inner Regional,43527,41700,-28.3316,153.39998,77377_00
43505,St Joseph's Primary School,Alstonville,NSW,2477,Primary,Non-Gov,Open,Inner Regional,43505,41739,-28.8387,153.437,77342_00
43520,St Joseph's Primary School,Laurieton,NSW,2443,Primary,Non-Gov,Open,Inner Regional,43520,41703,-31.6408,152.792,77339_00
43516,St Joseph's Primary School,South Grafton,NSW,2460,Primary,Non-Gov,Open,Inner Regional,43516,41764,-29.7254,152.934,77362_00
43517,St Joseph's Primary School,West Kempsey,NSW,2440,Primary,Non-Gov,Open,Inner Regional,43517,41702,-31.0755,152.832,77395_00
43513,St Joseph's Primary School,Coraki,NSW,2471,Primary,Non-Gov,Open,Inner Regional,43513,41721,-28.9893,153.286,77352_00
43650,St Joseph's Primary School,Glen Innes,NSW,2370,Primary,Non-Gov,Open,Inner Regional,43650,53652,-29.7367,151.74,11285_00
43308,St Joseph's Primary School,Kilaben Bay,NSW,2283,Primary,Non-Gov,Open,Major Cities,43308,41792,-33.0266,151.582,77388_00
43311,St Joseph's Primary School,Merewether,NSW,2291,Primary,Non-Gov,Open,Major Cities,43311,41726,-32.9372,151.76,77373_00
43305,St Joseph's Primary School,Charlestown,NSW,2290,Primary,Non-Gov,Open,Major Cities,43305,41755,-32.9669,151.703,77350_00
43306,St Joseph's Primary School,East Maitland,NSW,2323,Primary,Non-Gov,Open,Major Cities,43306,41773,-32.7499,151.585,77371_00
43285,St Joseph's Primary School,Taree,NSW,2430,Primary,Non-Gov,Open,Inner Regional,43285,41733,-31.9122,152.456,77386_00
43286,St Joseph's Primary School,Wingham,NSW,2429,Primary,Non-Gov,Open,Inner Regional,43286,41801,-31.871,152.374,77396_00
43281,St Joseph's Primary School,Merriwa,NSW,2329,Primary,Non-Gov,Open,Outer Regional,43281,41776,-32.1364,150.359,77374_00
43274,St Joseph's Primary School,Bulahdelah,NSW,2423,Primary,Non-Gov,Open,Inner Regional,43274,41750,-32.4049,152.213,77348_00
43275,St Joseph's Primary School,Denman,NSW,2328,Primary,Non-Gov,Open,Inner Regional,43275,41701,-32.387,150.689,77354_00
43276,St Joseph's Primary School,Dungog,NSW,2420,Primary,Non-Gov,Open,Inner Regional,43276,41760,-32.4007,151.754,77355_00
43277,St Joseph's Primary School,Gloucester,NSW,2422,Primary,Non-Gov,Open,Inner Regional,43277,41724,-32.0072,151.96,77360_00
43205,St Joseph's Primary School,Schofields,NSW,2762,Primary,Non-Gov,Open,Major Cities,43205,54622,-33.7051,150.889,77621_00
43178,St Joseph's Primary School,Kingswood,NSW,2747,Primary,Non-Gov,Open,Major Cities,43178,41769,-33.7568,150.722,77367_00
43127,St Joseph's Primary School,Adelong,NSW,2729,Primary,Non-Gov,Open,Inner Regional,43127,41738,-35.3135,148.067,77341_00
43131,St Joseph's Primary School,Bombala,NSW,2632,Primary,Non-Gov,Open,Outer Regional,43131,41748,-36.9064,149.236,77346_00
43132,St Joseph's Primary School,Boorowa,NSW,2586,Primary,Non-Gov,Open,Inner Regional,43132,41749,-34.4379,148.713,77347_00
43139,St Joseph's Primary School,Goulburn,NSW,2580,Primary,Non-Gov,Open,Inner Regional,43139,42323,-34.7462,149.733,77361_00
43140,St Joseph's Primary School,Grenfell,NSW,2810,Primary,Non-Gov,Open,Outer Regional,43140,41765,-33.8982,148.162,77363_00
43540,St Joseph's Regional College,Port Macquarie,NSW,2444,Secondary,Non-Gov,Open,Inner Regional,43540,68131,-31.455,152.831,11297_00
50387,St Justin's Catholic Primary School,Oran Park,NSW,2570,Primary,Non-Gov,Open,Major Cities,50387,68906,-34.0173,150.75061,78034_00
43398,St Kevin's Catholic Primary School,Eastwood,NSW,2122,Primary,Non-Gov,Open,Major Cities,43398,41806,-33.7895,151.079,77409_00
43238,St Kevin's Catholic Primary School,Dee Why,NSW,2099,Primary,Non-Gov,Open,Major Cities,43238,41805,-33.7545,151.29,77408_00
43304,St Kevin's Primary School,Cardiff,NSW,2285,Primary,Non-Gov,Open,Major Cities,43304,41754,-32.9428,151.666,77407_00
43247,St Kieran's Catholic Primary School,Manly Vale,NSW,2093,Primary,Non-Gov,Open,Major Cities,43247,41807,-33.78191,151.267,77410_00
52641,St Laurence Flexible Learning Centre,Broadmeadow,NSW,2292,Special,Non-Gov,Open,Major Cities,52641,85955,-32.9191,151.734,78181_00
43576,St Laurence's Catholic Primary School,Dubbo,NSW,2830,Primary,Non-Gov,Open,Inner Regional,43576,41809,-32.2604,148.612,77411_00
43588,St Laurence's Parish School,Forbes,NSW,2871,Primary,Non-Gov,Open,Outer Regional,43588,53845,-33.3793,148.009,77412_00
43549,St Lawrence's Catholic Primary School,Coonabarabran,NSW,2357,Primary,Non-Gov,Open,Outer Regional,43549,41811,-31.2752,149.273,11380_00
43271,St Leo's Catholic College,Wahroonga,NSW,2076,Secondary,Non-Gov,Open,Major Cities,43271,41813,-33.7149,151.105,11382_00
52996,Broken Bay Cross Campus Course Centre,Wahroonga,NSW,2076,Secondary,Non-Gov,Open,Major Cities,43271,,-33.71544142,151.1053778,11382_01
43692,St Lucy's School,Wahroonga,NSW,2076,Special,Non-Gov,Open,Major Cities,43692,43034,-33.7172,151.12,77414_00
52727,"St Lucy's, Prouille Catholic Primary campus",Wahroonga,NSW,2076,Special,Non-Gov,Open,Major Cities,43692,85925,-33.7165,151.121,77414_03
53323,"St Lucys, Sacred Heart Catholic Primary campus",Pymble,NSW,2073,Special,Non-Gov,Proposed,Major Cities,43692,,-33.73878535,151.1369972,77414_04
52061,"St Lucy's, St John's Narraweena campus",Narraweena,NSW,2099,Special,Non-Gov,Open,Major Cities,43692,85928,-33.7452,151.277,77414_02
52310,"St Lucy's, St Joseph's Narrabeen campus",Narrabeen,NSW,2101,Special,Non-Gov,Open,Major Cities,43692,85929,-33.7129,151.3,77414_01
53006,St Luke's Arrunga,Marsden Park,NSW,2765,Special,Non-Gov,Open,Major Cities,53006,80040,-33.69901594,150.8193596,78217_00
51471,St Lukes Catholic College (Primary),Marsden Park,NSW,2765,Primary,Non-Gov,Open,Major Cities,51471,70224,-33.6983,150.822,78147_00
51470,St Luke's Catholic College (Secondary),Marsden Park,NSW,2765,Secondary,Non-Gov,Open,Major Cities,51470,70225,-33.6501,150.897,78197_00
43450,St Luke's Catholic Primary School,Revesby,NSW,2212,Primary,Non-Gov,Open,Major Cities,43450,41815,-33.9457,151.017,77415_00
43996,St Luke's Grammar School,Dee Why,NSW,2099,Combined,Non-Gov,Open,Major Cities,43996,54235,-33.7598,151.284,14235_00
43816,"St Luke's Grammar School, Bayview Campus",Bayview,NSW,2104,Primary,Non-Gov,Open,Major Cities,43996,80006,-33.6575,151.295,14235_01
43177,St Madeleine's Primary School,Kenthurst,NSW,2156,Primary,Non-Gov,Open,Major Cities,43177,46736,-33.6808,151.001,77416_00
43448,St Margaret Mary's Catholic Primary School,Randwick North,NSW,2031,Primary,Non-Gov,Open,Major Cities,43448,41817,-33.9053,151.245,77418_00
43183,St Margaret Mary's Primary School,Merrylands,NSW,2160,Primary,Non-Gov,Open,Major Cities,43183,41816,-33.8363,150.982,77417_00
43395,St Mark's Catholic Primary School,Drummoyne,NSW,2047,Primary,Non-Gov,Open,Major Cities,43395,41819,-33.8556,151.154,77419_00
43998,St Mark's Coptic Orthodox College,Wattle Grove,NSW,2173,Combined,Non-Gov,Open,Major Cities,43998,54239,-33.9557,150.944,11832_00
43655,St Maroun's College,Marrickville,NSW,2204,Combined,Non-Gov,Open,Major Cities,43655,41820,-33.9082,151.144,77420_00
43460,St Martha's Catholic Primary School,Strathfield,NSW,2135,Primary,Non-Gov,Open,Major Cities,43460,41821,-33.8738,151.087,77421_00
43237,St Martin's Catholic Primary School,Davidson,NSW,2085,Primary,Non-Gov,Open,Major Cities,43237,42347,-33.7419,151.199,77422_00
43426,St Mary - St Joseph Catholic Primary School,Maroubra,NSW,2035,Primary,Non-Gov,Open,Major Cities,43426,54282,-33.9473,151.252,77424_00
43983,St Mary and St Mina's Coptic Orthodox College,Bexley,NSW,2207,Primary,Non-Gov,Open,Major Cities,43983,56530,-33.9461,151.127,77712_00
40934,"St Mary and St Mina's Coptic Orthodox College, Rockdale campus",Rockdale,NSW,2216,Secondary,Non-Gov,Open,Major Cities,43983,77483,-33.9545,151.135,77712_01
43189,St Mary MacKillop Primary School,South Penrith,NSW,2750,Primary,Non-Gov,Open,Major Cities,43189,43305,-33.7789,150.707,77125_00
43634,St Mary of the Angels Primary School,Guyra,NSW,2365,Primary,Non-Gov,Open,Inner Regional,43634,41822,-30.2256,151.672,77423_00
43658,St Mary Star of the Sea College,Wollongong,NSW,2500,Secondary,Non-Gov,Open,Major Cities,43658,41827,-34.4252,150.902,11394_00
43464,St Mary's Cathedral College,Sydney,NSW,2000,Combined,Non-Gov,Open,Major Cities,43464,41349,-33.8713,151.214,11002_00
43546,St Mary's Catholic College,Casino,NSW,2470,Secondary,Non-Gov,Open,Inner Regional,43546,41850,-28.8611,153.045,11409_00
43323,St Mary's Catholic College,Gateshead,NSW,2290,Secondary,Non-Gov,Open,Major Cities,43323,41832,-32.9806,151.693,11399_00
43246,St Mary's Catholic Primary School,Manly,NSW,2095,Primary,Non-Gov,Open,Major Cities,43246,41858,-33.795,151.286,77453_00
43257,St Mary's Catholic Primary School,Noraville,NSW,2263,Primary,Non-Gov,Open,Major Cities,43257,42220,-33.2686,151.559,77431_00
43575,St Mary's Catholic Primary School,Dubbo,NSW,2830,Primary,Non-Gov,Open,Inner Regional,43575,41853,-32.2423,148.631,77427_00
43572,St Mary's Catholic Primary School,Orange,NSW,2800,Primary,Non-Gov,Open,Inner Regional,43572,41863,-33.2846,149.117,77444_00
43402,St Mary's Catholic Primary School,Erskineville,NSW,2043,Primary,Non-Gov,Open,Major Cities,43402,41854,-33.9002,151.188,77451_00
43405,St Mary's Catholic Primary School,Georges Hall,NSW,2198,Primary,Non-Gov,Open,Major Cities,43405,42343,-33.9106,150.982,77452_00
43387,St Mary's Catholic Primary School,Concord,NSW,2137,Primary,Non-Gov,Open,Major Cities,43387,41829,-33.8679,151.103,77426_00
43553,St Mary's Catholic School,Wellington,NSW,2820,Combined,Non-Gov,Open,Outer Regional,43553,41833,-32.5565,148.943,11400_00
43651,St Mary's College,Gunnedah,NSW,2380,Secondary,Non-Gov,Open,Outer Regional,43651,57923,-30.9799,150.26,11393_00
51469,St Marys Flexible Learning Centre,St Marys,NSW,2760,Special,Non-Gov,Open,Major Cities,51469,70203,-33.7606,150.776,78097_00
41710,St Marys North Public School,North St Marys,NSW,2760,Primary,Gov,Open,Major Cities,41710,50773,-33.7562,150.783,4205
43589,St Mary's Parish School,Hay,NSW,2711,Primary,Non-Gov,Open,Outer Regional,43589,41856,-34.5089,144.84,77441_00
43597,St Mary's Parish School,Warren,NSW,2824,Primary,Non-Gov,Open,Outer Regional,43597,41867,-31.6988,147.837,77448_00
43604,St Mary's Primary School,Corowa,NSW,2646,Primary,Non-Gov,Open,Inner Regional,43604,41851,-35.9965,146.388,77438_00
43619,St Mary's Primary School,Yoogali,NSW,2680,Primary,Non-Gov,Open,Outer Regional,43619,41868,-34.3006,146.083,77449_00
43630,St Mary's Primary School,Armidale,NSW,2350,Primary,Non-Gov,Open,Inner Regional,43630,41823,-30.5163,151.664,77432_00
43515,St Mary's Primary School,Grafton,NSW,2460,Primary,Non-Gov,Open,Inner Regional,43515,57909,-29.67323434,152.935,77440_00
43511,St Mary's Primary School,Casino,NSW,2470,Primary,Non-Gov,Open,Inner Regional,43511,42242,-28.862,153.045,77437_00
43508,St Mary's Primary School,Bellingen,NSW,2454,Primary,Non-Gov,Open,Inner Regional,43508,41828,-30.4557,152.898,77434_00
43509,St Mary's Primary School,Bowraville,NSW,2449,Primary,Non-Gov,Open,Inner Regional,43509,41848,-30.6508,152.851,77864_00
43316,St Mary's Primary School,Warners Bay,NSW,2282,Primary,Non-Gov,Open,Major Cities,43316,41866,-32.9759,151.649,77447_00
43297,St Mary's Primary School,Scone,NSW,2337,Primary,Non-Gov,Open,Inner Regional,43297,41865,-32.053,150.872,77446_00
43195,St Mary's Primary School,Rydalmere,NSW,2116,Primary,Non-Gov,Open,Major Cities,43195,41864,-33.8119,151.041,77445_00
43143,St Mary's Primary School,Moruya,NSW,2537,Primary,Non-Gov,Open,Inner Regional,43143,41860,-35.91,150.08,77443_00
43136,St Mary's Primary School,Crookwell,NSW,2583,Primary,Non-Gov,Open,Inner Regional,43136,41852,-34.4631,149.47,77439_00
43150,St Mary's Primary School,Young,NSW,2594,Primary,Non-Gov,Open,Inner Regional,43150,41869,-34.3084,148.3,77450_00
43129,St Mary's Primary School,Batlow,NSW,2730,Primary,Non-Gov,Open,Outer Regional,43129,41846,-35.5213,148.146,77433_00
41669,St Marys Public School,St Marys,NSW,2760,Primary,Gov,Open,Major Cities,41669,50774,-33.7684,150.771,3031
40438,St Marys Senior High School,St Marys,NSW,2760,Secondary,Gov,Open,Major Cities,40438,46426,-33.7631,150.77,8870
41715,St Marys South Public School,St Marys,NSW,2760,Primary,Gov,Open,Major Cities,41715,50775,-33.7801,150.776,4279
43344,St Mary's Star of the Sea Catholic Primary School,Milton,NSW,2538,Primary,Non-Gov,Open,Inner Regional,43344,41871,-35.3114,150.43,77455_00
43414,St Mary's Star of the Sea Catholic Primary School,Hurstville,NSW,2220,Primary,Non-Gov,Open,Major Cities,43414,41870,-33.9603,151.112,77456_00
43148,St Mary's War Memorial School,West Wyalong,NSW,2671,Primary,Non-Gov,Open,Outer Regional,43148,41872,-33.9263,147.206,11430_00
43551,St Matthews Catholic School,Mudgee,NSW,2850,Combined,Non-Gov,Open,Inner Regional,43551,41873,-32.592,149.59,11431_00
52997,St Matthews Catholic School - Secondary Campus,Mudgee,NSW,2850,Secondary,Non-Gov,Open,Inner Regional,43551,77557,-32.62152513,149.598257,11431_01
43202,St Matthew's Primary School,Windsor,NSW,2756,Primary,Non-Gov,Open,Major Cities,43202,41875,-33.6096,150.815,77457_00
43382,St Mel's Catholic Primary School,Campsie,NSW,2194,Primary,Non-Gov,Open,Major Cities,43382,41876,-33.911,151.106,77458_00
43393,St Michael's Catholic Primary School,Daceyville,NSW,2032,Primary,Non-Gov,Open,Major Cities,43393,41884,-33.9302,151.225,77471_00
43369,St Michael's Catholic Primary School,Belfield,NSW,2191,Primary,Non-Gov,Open,Major Cities,43369,41881,-33.9014,151.088,77470_00
43419,St Michael's Catholic Primary School,Lane Cove,NSW,2066,Primary,Non-Gov,Open,Major Cities,43419,41886,-33.819,151.17,77472_00
43459,St Michael's Catholic Primary School,Stanmore,NSW,2048,Primary,Non-Gov,Open,Major Cities,43459,41892,-33.8924,151.165,77474_00
43432,St Michael's Catholic Primary School,Meadowbank,NSW,2114,Primary,Non-Gov,Open,Major Cities,43432,41888,-33.8123,151.087,77473_00
43564,St Michael's Catholic Primary School,Dunedoo,NSW,2844,Primary,Non-Gov,Open,Outer Regional,43564,41877,-32.0202,149.39393,77464_00
43635,St Michael's Catholic Primary School,Manilla,NSW,2346,Primary,Non-Gov,Open,Outer Regional,43635,41887,-30.7497,150.723,77465_00
43345,St Michael's Catholic Primary School,Mittagong,NSW,2575,Primary,Non-Gov,Open,Inner Regional,43345,41889,-34.4475,150.45,77466_00
43348,St Michael's Catholic Primary School,Nowra,NSW,2541,Primary,Non-Gov,Open,Inner Regional,43348,41891,-34.8729,150.597,77468_00
43354,St Michael's Catholic Primary School,Thirroul,NSW,2515,Primary,Non-Gov,Open,Major Cities,43354,41893,-34.3175,150.921,77469_00
43587,St Michael's Parish School,Deniliquin,NSW,2710,Primary,Non-Gov,Open,Inner Regional,43587,41885,-35.5309,144.962,77463_00
43603,St Michael's Primary School,Coolamon,NSW,2701,Primary,Non-Gov,Open,Inner Regional,43603,41883,-34.8178,147.203,77462_00
43287,St Michael's Primary School,Nelson Bay,NSW,2315,Primary,Non-Gov,Open,Inner Regional,43287,41890,-32.7227,152.135,77467_00
43155,St Michael's Primary School,Baulkham Hills,NSW,2153,Primary,Non-Gov,Open,Major Cities,43155,41880,-33.7436,150.98,77460_00
43159,St Michael's Primary School,Blacktown South,NSW,2148,Primary,Non-Gov,Open,Major Cities,43159,41882,-33.7899,150.899,77461_00
43192,St Monica's Primary School,Richmond,NSW,2753,Primary,Non-Gov,Open,Major Cities,43192,41895,-33.5996,150.76,77476_00
43185,St Monica's Primary School,North Parramatta,NSW,2151,Primary,Non-Gov,Open,Major Cities,43185,41894,-33.7936,151.001,77475_00
43807,St Narsai Assyrian Christian College,Horsley Park,NSW,2175,Secondary,Non-Gov,Open,Major Cities,43807,85807,-33.8436,150.83,77904_00
43188,St Nicholas of Myra Primary School,Penrith,NSW,2750,Primary,Non-Gov,Open,Major Cities,43188,41896,-33.7548,150.7,77477_00
43640,St Nicholas' Primary School,Tamworth,NSW,2340,Primary,Non-Gov,Open,Inner Regional,43640,57021,-31.094,150.938,77478_00
43174,St Oliver's Primary School,Harris Park,NSW,2150,Primary,Non-Gov,Open,Major Cities,43174,41321,-33.825,151.009,77479_00
43350,St Patrick's Catholic Primary School,Port Kembla,NSW,2505,Primary,Non-Gov,Open,Major Cities,43350,41925,-34.4836,150.901,77495_00
43241,St Patrick's Catholic Primary School,East Gosford,NSW,2250,Primary,Non-Gov,Open,Major Cities,43241,41905,-33.4369,151.351,77487_00
43230,St Patrick's Catholic Primary School,Asquith,NSW,2077,Primary,Non-Gov,Open,Major Cities,43230,41903,-33.6855,151.112,77482_00
43568,St Patrick's Catholic Primary School,Lithgow,NSW,2790,Primary,Non-Gov,Open,Inner Regional,43568,41922,-33.4839,150.153,77492_00
43462,St Patrick's Catholic Primary School,Summer Hill,NSW,2130,Primary,Non-Gov,Open,Major Cities,43462,41926,-33.8937,151.133,77503_00
43463,St Patrick's Catholic Primary School,Sutherland,NSW,2232,Primary,Non-Gov,Open,Major Cities,43463,41908,-34.0334,151.062,77500_00
43417,St Patrick's Catholic Primary School,Kogarah,NSW,2217,Primary,Non-Gov,Open,Major Cities,43417,41921,-33.9684,151.135,77502_00
52395,St Patrick's Catholic Primary School,Mortlake,NSW,2137,Primary,Non-Gov,Open,Major Cities,52395,70278,-33.8462,151.108,78155_00
43659,St Patrick's College Campbelltown,Campbelltown,NSW,2560,Secondary,Non-Gov,Open,Major Cities,43659,41898,-34.0778,150.824,11455_00
43493,St Patrick's College Sutherland,Sutherland,NSW,2232,Secondary,Non-Gov,Open,Major Cities,43493,48745,-34.0339,151.059,11083_00
43662,"St Patrick's College, Strathfield",Strathfield,NSW,2135,Combined,Non-Gov,Open,Major Cities,43662,41900,-33.8746,151.074,11457_00
43229,St Patrick's Marist College,Dundas,NSW,2117,Secondary,Non-Gov,Open,Major Cities,43229,41902,-33.8027,151.047,11459_00
43134,St Patrick's Parish School,Cooma,NSW,2630,Combined,Non-Gov,Open,Inner Regional,43134,41329,-36.2381,149.126,10988_00
51467,"St Patrick's Parish School, Primary Campus",Cooma,NSW,2630,Primary,Non-Gov,Open,Inner Regional,43134,77667,-36.2374,149.127,10988_01
43598,St Patrick's Parish School,Albury,NSW,2640,Primary,Non-Gov,Open,Inner Regional,43598,41909,-36.0841,146.916,77481_00
43596,St Patrick's Parish School,Trundle,NSW,2875,Primary,Non-Gov,Open,Outer Regional,43596,41929,-32.9239,147.708,77497_00
43583,St Patrick's Parish School,Brewarrina,NSW,2839,Primary,Non-Gov,Open,Very Remote,43583,41915,-29.9611,146.859,77485_00
43608,St Patrick's Primary School,Griffith,NSW,2680,Primary,Non-Gov,Open,Outer Regional,43608,41918,-34.2816,146.046,77488_00
43609,St Patrick's Primary School,Holbrook,NSW,2644,Primary,Non-Gov,Open,Inner Regional,43609,41920,-35.7211,147.315,77491_00
43645,St Patrick's Primary School,Walcha,NSW,2354,Primary,Non-Gov,Open,Outer Regional,43645,41930,-30.9823,151.591,77498_00
43523,St Patrick's Primary School,Macksville,NSW,2447,Primary,Non-Gov,Open,Inner Regional,43523,41923,-30.7323,152.903,77493_00
43141,St Patrick's Primary School,Gundagai,NSW,2722,Primary,Non-Gov,Open,Inner Regional,43141,41965,-35.064,148.108,77490_00
43130,St Patrick's Primary School,Bega,NSW,2550,Primary,Non-Gov,Open,Outer Regional,43130,41911,-36.6793,149.843,77483_00
43173,St Patrick's Primary School,Guildford,NSW,2161,Primary,Non-Gov,Open,Major Cities,43173,41919,-33.8534,150.978,77489_00
43158,St Patrick's Primary School,Blacktown,NSW,2148,Primary,Non-Gov,Open,Major Cities,43158,41904,-33.7746,150.899,77484_00
43187,St Patrick's Primary School,Parramatta,NSW,2150,Primary,Non-Gov,Open,Major Cities,43187,41924,-33.8073,151.004,77494_00
43289,St Patrick's Primary School,Cessnock,NSW,2325,Primary,Non-Gov,Open,Major Cities,43289,41916,-32.8355,151.351,77486_00
43300,St Patrick's Primary School,Swansea,NSW,2281,Primary,Non-Gov,Open,Major Cities,43300,41927,-33.0971,151.643,77496_00
43309,St Patrick's Primary School,Lochinvar,NSW,2321,Primary,Non-Gov,Open,Inner Regional,43309,41698,-32.69964,151.457,77480_00
43315,St Patrick's Primary School,Wallsend,NSW,2287,Primary,Non-Gov,Open,Major Cities,43315,41931,-32.9001,151.664,77499_00
43396,St Paul of the Cross Catholic Primary School,Dulwich Hill,NSW,2203,Primary,Non-Gov,Open,Major Cities,43396,41933,-33.9052,151.135,77504_00
43203,St Paul the Apostle Primary School,Winston Hills,NSW,2153,Primary,Non-Gov,Open,Major Cities,43203,42114,-33.7777,150.974,77505_00
43324,St Paul's Catholic College,Booragul,NSW,2284,Secondary,Non-Gov,Open,Major Cities,43324,44069,-32.9758,151.607,11739_00
43218,St Paul's Catholic College,Greystanes,NSW,2145,Secondary,Non-Gov,Open,Major Cities,43218,42009,-33.8187,150.951,11543_00
43272,St Paul's Catholic College,Manly,NSW,2095,Secondary,Non-Gov,Open,Major Cities,43272,41351,-33.8052,151.292,11004_00
43334,St Paul's Catholic Primary School,Camden,NSW,2570,Primary,Non-Gov,Open,Major Cities,43334,41939,-34.0531,150.696,77510_00
43331,St Paul's Catholic Primary School,Albion Park,NSW,2527,Primary,Non-Gov,Open,Major Cities,43331,41938,-34.5723,150.765,77509_00
43346,St Paul's Catholic Primary School,Moss Vale,NSW,2577,Primary,Non-Gov,Open,Inner Regional,43346,41941,-34.5458,150.371,77512_00
43543,St Paul's College,West Kempsey,NSW,2440,Secondary,Non-Gov,Open,Inner Regional,43543,42115,-31.06115,152.82355,11578_00
43811,St Paul's College,Walla Walla,NSW,2659,Secondary,Non-Gov,Open,Inner Regional,43811,41935,-35.7554,146.908,11485_00
52085,"St Paul's College, Equine Centre campus",Walla Walla,NSW,2659,Secondary,Non-Gov,Open,Inner Regional,43811,,-35.7547,146.904,11485_01
52329,"St Paul's College, Farm campus",Walla Walla,NSW,2659,Secondary,Non-Gov,Open,Inner Regional,43811,,-35.7563,146.908,11485_02
44000,St Paul's Grammar School,Cranebrook,NSW,2749,Combined,Non-Gov,Open,Major Cities,44000,44078,-33.693,150.715,11741_00
40611,St Paul's International College,Moss Vale,NSW,2577,Secondary,Non-Gov,Open,Inner Regional,40611,53317,-34.5492,150.368,10959_00
43917,St Paul's Lutheran Primary School,Henty,NSW,2658,Primary,Non-Gov,Open,Inner Regional,43917,41937,-35.5172,147.029,77508_00
43314,St Paul's Primary School,Rutherford,NSW,2320,Primary,Non-Gov,Open,Major Cities,43314,41942,-32.721,151.53,77513_00
43292,St Paul's Primary School,Gateshead,NSW,2290,Primary,Non-Gov,Open,Major Cities,43292,41940,-32.9794,151.694,77511_00
43449,St Peter Chanel Catholic Primary School,Regents Park,NSW,2143,Primary,Non-Gov,Open,Major Cities,43449,41946,-33.8792,151.027,11494_00
43954,St Peter's Anglican College - Broulee,Broulee,NSW,2537,Combined,Non-Gov,Open,Inner Regional,43954,57755,-35.844,150.17,77774_00
43930,St Peter's Anglican Grammar,Campbelltown,NSW,2560,Primary,Non-Gov,Open,Major Cities,43930,44064,-34.0669,150.818,77516_00
43267,St Peter's Catholic College,Tuggerah,NSW,2259,Secondary,Non-Gov,Open,Major Cities,43267,56973,-33.3019,151.414,77737_00
53044,St Peter's Heart,Campbelltown,NSW,2570,Special,Non-Gov,Open,Major Cities,53044,87859,-34.06684041,150.8179387,78265_00
43530,St Peter's Primary School,Port Macquarie,NSW,2444,Primary,Non-Gov,Open,Inner Regional,43530,53981,-31.4566,152.892,77517_00
43602,St Peter's Primary School,Coleambally,NSW,2707,Primary,Non-Gov,Open,Outer Regional,43602,41947,-34.8051,145.879,77518_00
43283,St Peter's Primary School,Stockton,NSW,2295,Primary,Non-Gov,Open,Major Cities,43283,41948,-32.9153,151.783,77519_00
41049,St Peters Public School,St Peters,NSW,2044,Primary,Gov,Open,Major Cities,41049,47595,-33.913,151.177,3032
43251,St Philip Neri Catholic Primary School,Northbridge,NSW,2063,Primary,Non-Gov,Open,Major Cities,43251,41621,-33.8123,151.214,77521_00
43793,St Philip's Christian College - Cessnock,Nulkaba,NSW,2325,Combined,Non-Gov,Open,Inner Regional,43793,56091,-32.7942,151.35105,77680_00
43971,St Philip's Christian College - Gosford,Narara,NSW,2250,Combined,Non-Gov,Open,Major Cities,43971,42398,-33.4083,151.333,11676_00
43889,St Philip's Christian College - Port Stephens,Salamander Bay,NSW,2317,Combined,Non-Gov,Open,Inner Regional,43889,54376,-32.7383,152.11,77588_00
43931,St Philip's Christian College - Waratah,Waratah,NSW,2298,Combined,Non-Gov,Open,Major Cities,43931,43317,-32.9042,151.723,11721_00
43701,St Philip's Christian College Dynamic Learning,Waratah,NSW,2298,Special,Non-Gov,Open,Major Cities,43701,56054,-32.9055,151.725,77630_00
50253,St Philip's Christian College Dynamic Learning - Cessnock,Nulkaba,NSW,2325,Special,Non-Gov,Open,Inner Regional,43701,77608,-32.7986,151.36,77630_01
50511,St Philip's Christian College Dynamic Learning - Gosford,Narara,NSW,2250,Special,Non-Gov,Open,Major Cities,43701,77627,-33.4091,151.334,77630_03
53106,St Philip's Christian College Dynamic Learning - Port Stephens,Salamander Bay,NSW,2317,Special,Non-Gov,Open,Inner Regional,43701,88093,-32.73820488,152.1099692,77630_05
53292,St Philip's Christian College Gilibaa,Salamander Bay,NSW,2317,Primary,Non-Gov,Proposed,Major Cities,53292,,-33.9642861,150.8640879,78246_00
52070,St Philip's Christian College Young Parents,Waratah,NSW,2298,Special,Non-Gov,Open,Major Cities,52070,70309,-32.9052,151.725,78116_00
52311,St Philip's Christian College Young Parents - Wyong,Wyong,NSW,2259,Special,Non-Gov,Open,Major Cities,52070,77704,-33.266,151.436,78116_01
43558,St Philomena's Catholic Primary School,South Bathurst,NSW,2795,Primary,Non-Gov,Open,Inner Regional,43558,41950,-33.4383,149.567,77522_00
43636,St Philomena's School,Moree,NSW,2400,Combined,Non-Gov,Open,Outer Regional,43636,41951,-29.4592,149.838,77523_00
43401,St Pius' Catholic Primary School,Enmore,NSW,2042,Primary,Non-Gov,Open,Major Cities,43401,41952,-33.9074,151.174,77524_00
43563,St Pius X Catholic Primary School,Dubbo,NSW,2830,Primary,Non-Gov,Open,Inner Regional,43563,41956,-32.2506,148.588,77526_00
43355,St Pius X Catholic Primary School,Unanderra,NSW,2526,Primary,Non-Gov,Open,Major Cities,43355,41957,-34.452,150.841,77525_00
43656,St Pius X College,Chatswood,NSW,2067,Combined,Non-Gov,Open,Major Cities,43656,41954,-33.7948,151.183,11503_00
43322,St Pius X High School,Adamstown,NSW,2289,Secondary,Non-Gov,Open,Major Cities,43322,41953,-32.9376,151.715,11502_00
43284,St Pius X Primary School,Windale,NSW,2306,Primary,Non-Gov,Open,Major Cities,43284,41958,-32.9928,151.684,77527_00
43458,St Raphael's Catholic Primary School,South Hurstville,NSW,2221,Primary,Non-Gov,Open,Major Cities,43458,41960,-33.9752,151.111,77528_00
43550,St Raphael's Catholic School,Cowra,NSW,2794,Combined,Non-Gov,Open,Inner Regional,43550,41959,-33.8323,148.688,11507_00
43236,St Rose Catholic Primary School,Collaroy Plateau,NSW,2097,Primary,Non-Gov,Open,Major Cities,43236,42117,-33.7269,151.286,77529_00
52946,St Sava College,Varroville,NSW,2566,Primary,Non-Gov,Open,Major Cities,52946,87187,-33.9951468,150.8072924,78234_00
43672,St Scholastica's College Glebe Point,Glebe,NSW,2037,Secondary,Non-Gov,Open,Major Cities,43672,41961,-33.876,151.18,11509_00
43858,St Spyridon College,Maroubra,NSW,2035,Secondary,Non-Gov,Open,Major Cities,43858,77028,-33.955,151.244,04201_00
40410,"St Spyridon College, Junior School Campus",Kingsford,NSW,2032,Primary,Non-Gov,Open,Major Cities,43858,44201,-33.9254,151.224,04201_01
43689,St Stanislaus' College,Bathurst,NSW,2795,Secondary,Non-Gov,Open,Inner Regional,43689,41963,-33.4276,149.572,11511_00
52088,"St Stanislaus' College, Sunnyside Farm",Bathurst,NSW,2795,Secondary,Non-Gov,Open,Inner Regional,43689,,-33.4305,149.571,11511_01
43430,St Therese Catholic Primary School,Mascot,NSW,2020,Primary,Non-Gov,Open,Major Cities,43430,41970,-33.9258,151.201,77538_00
43434,St Therese Catholic Primary School,Miller,NSW,2168,Primary,Non-Gov,Open,Major Cities,43434,41966,-33.9203,150.88672,77539_00
43443,St Therese Catholic Primary School,Padstow,NSW,2211,Primary,Non-Gov,Open,Major Cities,43443,41972,-33.9625,151.032,77534_00
43357,St Therese Catholic Primary School,Mangerton,NSW,2500,Primary,Non-Gov,Open,Major Cities,43357,41973,-34.4259,150.871,77535_00
43418,St Therese's Catholic Primary School,Lakemba,NSW,2195,Primary,Non-Gov,Open,Major Cities,43418,41969,-33.9163,151.078,77537_00
43394,St Therese's Catholic Primary School,Denistone,NSW,2122,Primary,Non-Gov,Open,Major Cities,43394,41968,-33.7973,151.094,77531_00
40378,St Therese's Community Parish School,Wilcannia,NSW,2836,Primary,Non-Gov,Open,Very Remote,40378,42119,-31.5591,143.379,77532_00
43282,St Therese's Primary School,New Lambton,NSW,2305,Primary,Non-Gov,Open,Major Cities,43282,42118,-32.9256,151.716,77533_00
43332,St Thomas Aquinas Catholic Primary School,Bowral,NSW,2576,Primary,Non-Gov,Open,Inner Regional,43332,42306,-34.4768,150.421,77540_00
43199,St Thomas Aquinas Primary School,Springwood,NSW,2777,Primary,Non-Gov,Open,Major Cities,43199,41982,-33.6815,150.589,77541_00
43262,St Thomas' Catholic Primary School,Willoughby,NSW,2068,Primary,Non-Gov,Open,Major Cities,43262,41983,-33.796,151.2,77546_00
43352,St Thomas More Catholic Primary School,Campbelltown,NSW,2560,Primary,Non-Gov,Open,Major Cities,43352,42349,-34.0812,150.825,77544_00
43380,St Thomas More's Catholic Primary School Brighton Le Sands,Brighton-Le-Sands,NSW,2216,Primary,Non-Gov,Open,Major Cities,43380,41980,-33.9583,151.151,77545_00
43476,St Ursula's College,Kingsgrove,NSW,2208,Secondary,Non-Gov,Open,Major Cities,43476,41985,-33.9419,151.103,11527_00
43674,St Vincent's College,Potts Point,NSW,2011,Secondary,Non-Gov,Open,Major Cities,43674,41987,-33.8697,151.225,11528_00
43363,St Vincent's College Ashfield,Ashfield,NSW,2131,Combined,Non-Gov,Open,Major Cities,43363,41989,-33.886,151.124963,77548_00
53222,"St Vincents College Ashfield, Primary School Campus",Ashfield,NSW,2131,Primary,Non-Gov,Open,Major Cities,43363,41319,-33.88547247,151.1257104,77548_01
43633,St Xavier's Primary School,Gunnedah,NSW,2380,Primary,Non-Gov,Open,Outer Regional,43633,41993,-30.9771,150.258,77549_00
40543,Stanford Merthyr Infants School,Stanford Merthyr,NSW,2327,Primary,Gov,Open,Major Cities,40543,49308,-32.8234,151.495,5133
41145,Stanmore Public School,Stanmore,NSW,2048,Primary,Gov,Open,Major Cities,41145,47604,-33.8955,151.165,7436
42811,Stanwell Park Public School,Stanwell Park,NSW,2508,Primary,Gov,Open,Major Cities,42811,49979,-34.2292,150.984,3103
43353,Stella Maris Catholic Primary School,Shellharbour,NSW,2529,Primary,Non-Gov,Open,Major Cities,43353,42013,-34.5803,150.87,77551_00
43677,Stella Maris College,Manly,NSW,2095,Secondary,Non-Gov,Open,Major Cities,43677,42012,-33.7863,151.286,11546_00
50716,Stella Maris College Benedict Campus,Manly,NSW,2095,Secondary,Non-Gov,Open,Major Cities,43677,77449,-33.7864,151.281,11546_02
40739,Stewart House School,Curl Curl,NSW,2096,Special,Gov,Open,Major Cities,40739,63661,-33.7735,151.291,5515
42622,Stockinbingal Public School,Stockinbingal,NSW,2725,Primary,Gov,Open,Outer Regional,42622,50662,-34.4976,147.883,3109
41967,Stockton Public School,Stockton,NSW,2295,Primary,Gov,Open,Major Cities,41967,49110,-32.911,151.781,3110
42290,Stokers Siding Public School,Stokers Siding,NSW,2484,Primary,Gov,Open,Inner Regional,42290,45316,-28.3938,153.404,3112
42291,Stratford Public School,Stratford,NSW,2422,Primary,Gov,Open,Outer Regional,42291,49527,-32.1169,151.939,3119
42292,Stratheden Public School,Stratheden,NSW,2470,Primary,Gov,Open,Inner Regional,42292,49743,-28.7557,152.937,3122
41556,Strathfield Girls High School,Strathfield,NSW,2135,Secondary,Gov,Open,Major Cities,41556,46428,-33.8739,151.085,8169
41419,Strathfield North Public School,North Strathfield,NSW,2137,Primary,Gov,Open,Major Cities,41419,47785,-33.8545,151.092,3123
41570,Strathfield South High School,Enfield,NSW,2136,Secondary,Gov,Open,Major Cities,41570,47781,-33.8854,151.071,8252
41420,Strathfield South Public School,Strathfield,NSW,2135,Primary,Gov,Open,Major Cities,41420,45503,-33.8908,151.085,3124
42293,Stroud Public School,Stroud,NSW,2425,Primary,Gov,Open,Inner Regional,42293,49533,-32.4025,151.964,3125
42294,Stroud Road Public School,Stroud Road,NSW,2415,Primary,Gov,Open,Inner Regional,42294,49516,-32.348,151.932,3126
43037,Stuart Town Public School,Stuart Town,NSW,2820,Primary,Gov,Open,Outer Regional,43037,51030,-32.8026,149.068,3127
42327,Stuarts Point Public School,Stuarts Point,NSW,2441,Primary,Gov,Open,Inner Regional,42327,49634,-30.8188,152.994,3643
42678,Sturt Public School,Wagga Wagga,NSW,2650,Primary,Gov,Open,Inner Regional,42678,50486,-35.1361,147.377,4457
41051,Summer Hill Public School,Summer Hill,NSW,2130,Primary,Gov,Open,Major Cities,41051,44414,-33.8958,151.136,3129
43771,Summerland Christian College,Goonellabah,NSW,2480,Combined,Non-Gov,Open,Inner Regional,43771,45297,-28.806,153.351,77553_00
42888,Sunshine Bay Public School,Batehaven,NSW,2536,Primary,Gov,Open,Inner Regional,42888,56278,-35.7407,150.21,4562
41784,Surveyors Creek Public School,Glenmore Park,NSW,2745,Primary,Gov,Open,Major Cities,41784,57058,-33.7873,150.689,4631
42836,Sussex Inlet Public School,Sussex Inlet,NSW,2540,Primary,Gov,Open,Inner Regional,42836,50082,-35.1673,150.584,3659
40805,Sutherland Hospital School,Caringbah,NSW,2229,Special,Gov,Open,Major Cities,40805,,-34.038,151.115,5546
41068,Sutherland North Public School,Sutherland,NSW,2232,Primary,Gov,Open,Major Cities,41068,48664,-34.0268,151.067,3822
41052,Sutherland Public School,Sutherland,NSW,2232,Primary,Gov,Open,Major Cities,41052,44411,-34.033,151.059,3136
42813,Sutton Public School,Sutton,NSW,2620,Primary,Gov,Open,Inner Regional,42813,50411,-35.1656,149.255,3137
42107,Swansea High School,Caves Beach,NSW,2281,Secondary,Gov,Open,Major Cities,42107,46492,-33.1042,151.64,8389
41968,Swansea Public School,Swansea,NSW,2281,Primary,Gov,Open,Major Cities,41968,48960,-33.083,151.633,3141
40819,Sydney Adventist School - Auburn,Auburn,NSW,2144,Primary,Non-Gov,Open,Major Cities,40819,68122,-33.848,151.033,11554_00
41149,Sydney Boys High School,Moore Park,NSW,2021,Secondary,Gov,Open,Major Cities,41149,45328,-33.8922,151.219,8137
40804,Sydney Childrens Hospital School,Randwick,NSW,2031,Special,Gov,Open,Major Cities,40804,67660,-33.9191,151.239,5545
41186,Sydney Distance Education High School,Woolloomooloo,NSW,2011,Secondary,Gov,Open,Major Cities,41186,56692,-33.8711,151.221,8587
41114,Sydney Distance Education Primary School,Surry Hills,NSW,2010,Primary,Gov,Open,Major Cities,41114,56279,-33.8863,151.213,4586
41150,Sydney Girls High School,Surry Hills,NSW,2010,Secondary,Gov,Open,Major Cities,41150,45329,-33.8942,151.22,8138
43785,Sydney Grammar School,Darlinghurst,NSW,2010,Secondary,Non-Gov,Open,Major Cities,43785,42021,-33.875,151.213,11553_00
43895,Sydney Grammar School - Edgecliff Preparatory School,Paddington,NSW,2021,Primary,Non-Gov,Open,Major Cities,43785,42019,-33.8798,151.23,11553_02
43932,Sydney Grammar School - St Ives Preparatory School,St Ives,NSW,2075,Primary,Non-Gov,Open,Major Cities,43785,42020,-33.7181,151.171,11553_01
44002,Sydney Japanese International School,Terrey Hills,NSW,2084,Primary,Non-Gov,Open,Major Cities,44002,42312,-33.6762,151.201,11604_00
44021,Sydney Montessori School,Gymea,NSW,2227,Combined,Non-Gov,Open,Major Cities,44021,53353,-34.038,151.088,77132_00
52716,Sydney Science College,Epping,NSW,2121,Secondary,Non-Gov,Open,Major Cities,52716,87184,-33.7733,151.082,78137_00
41176,Sydney Secondary College Balmain Campus,Rozelle,NSW,2039,Secondary,Gov,Open,Major Cities,41176,46493,-33.8585,151.17,8484
40441,Sydney Secondary College Blackwattle Bay Campus,Glebe,NSW,2037,Secondary,Gov,Open,Major Cities,40441,6496,-33.8751,151.188,8539
41179,Sydney Secondary College Leichhardt Campus,Leichhardt,NSW,2040,Secondary,Gov,Open,Major Cities,41179,6497,-33.8795,151.159,8507
41151,Sydney Technical High School,Bexley,NSW,2207,Secondary,Gov,Open,Major Cities,41151,48595,-33.9631,151.114,8141
41085,Sylvania Heights Public School,Sylvania,NSW,2224,Primary,Gov,Open,Major Cities,41085,48638,-34.0127,151.097,4024
41175,Sylvania High School,Sylvania,NSW,2224,Secondary,Gov,Open,Major Cities,41175,48639,-34.0174,151.104,8463
41053,Sylvania Public School,Sylvania,NSW,2224,Primary,Gov,Open,Major Cities,41053,57484,-34.008,151.112,3143
42648,Table Top Public School,Table Top,NSW,2640,Primary,Gov,Open,Inner Regional,42648,50444,-35.9679,147.007,3534
42295,Tabulam Public School,Tabulam,NSW,2469,Primary,Gov,Open,Outer Regional,42295,49744,-28.8886,152.569,3145
42361,Tacking Point Public School,Port Macquarie,NSW,2444,Primary,Gov,Open,Inner Regional,42361,55393,-31.4721,152.926,4617
41969,Tacoma Public School,Tacoma,NSW,2259,Primary,Gov,Open,Major Cities,41969,48713,-33.283,151.459,3147
41421,Tahmoor Public School,Tahmoor,NSW,2573,Primary,Gov,Open,Inner Regional,41421,50233,-34.2277,150.589,3148
42670,Talbingo Public School,Talbingo,NSW,2720,Primary,Gov,Open,Outer Regional,42670,50648,-35.58,148.3,4374
53325,Tallawong Public School,Rouse Hill,NSW,2155,Primary,Gov,Open,Major Cities,53325,,-33.68706065,150.8982728,4686
42623,Tallimba Public School,Tallimba,NSW,2669,Primary,Gov,Open,Outer Regional,42623,50532,-33.9936,146.878,3153
42815,Tallong Public School,Tallong,NSW,2579,Primary,Gov,Open,Inner Regional,42815,50265,-34.7212,150.083,3154
41791,Tallowood School,Kellyville,NSW,2155,Special,Gov,Open,Major Cities,41791,62759,-33.7071,150.952,5459
40452,Tallowood Steiner School,Bowraville,NSW,2449,Primary,Non-Gov,Open,Inner Regional,40452,46741,-30.623479,152.849846,77557_00
42474,Tambar Springs Public School,Tambar Springs,NSW,2381,Primary,Gov,Open,Outer Regional,42474,49486,-31.3484,149.828,3156
43905,Tambelin Independent School,Goulburn,NSW,2580,Primary,Non-Gov,Open,Inner Regional,43905,42338,-34.7495,149.726,77558_00
42518,Tamworth High School,South Tamworth,NSW,2340,Secondary,Gov,Open,Inner Regional,42518,49353,-31.1058,150.917,8139
42475,Tamworth Public School,Tamworth,NSW,2340,Primary,Gov,Open,Inner Regional,42475,49354,-31.0847,150.935,3157
42497,Tamworth South Public School,Tamworth,NSW,2340,Primary,Gov,Open,Inner Regional,42497,49355,-31.1051,150.912,3882
42476,Tamworth West Public School,West Tamworth,NSW,2340,Primary,Gov,Open,Inner Regional,42476,49356,-31.0916,150.921,3158
42901,Tangara School,Mittagong,NSW,2575,Special,Gov,Open,Inner Regional,42901,56284,-34.4519,150.469,5684
40408,Tangara School for Girls,Cherrybrook,NSW,2126,Combined,Non-Gov,Open,Major Cities,40408,44021,-33.7364,151.036,11728_00
42059,Tanilba Bay Public School,Tanilba Bay,NSW,2319,Primary,Gov,Open,Inner Regional,42059,54746,-32.7301,152.006,4547
42816,Tanja Public School,Tanja,NSW,2550,Primary,Gov,Open,Outer Regional,42816,50188,-36.6403,149.975,3159
43840,Tara Anglican School for Girls,North Parramatta,NSW,2151,Combined,Non-Gov,Open,Major Cities,43840,42024,-33.7889,151.017,11556_00
42817,Tarago Public School,Tarago,NSW,2580,Primary,Gov,Open,Inner Regional,42817,50266,-35.0677,149.655,3162
42818,Taralga Public School,Taralga,NSW,2580,Primary,Gov,Open,Inner Regional,42818,50267,-34.398,149.821,3163
42624,Tarcutta Public School,Tarcutta,NSW,2652,Primary,Gov,Open,Outer Regional,42624,50505,-35.2785,147.739,3165
42377,Taree High School,Taree,NSW,2430,Secondary,Gov,Open,Inner Regional,42377,46430,-31.9099,152.464,8140
42296,Taree Public School,Taree,NSW,2430,Primary,Gov,Open,Inner Regional,42296,49554,-31.9109,152.462,3167
42331,Taree West Public School,Taree,NSW,2430,Primary,Gov,Open,Inner Regional,42331,49555,-31.9076,152.445,3909
41054,Taren Point Public School,Taren Point,NSW,2229,Primary,Gov,Open,Major Cities,41054,48655,-34.0181,151.123,3168
42839,Tarrawanna Public School,Tarrawanna,NSW,2518,Primary,Gov,Open,Major Cities,42839,50000,-34.3808,150.89,3820
42032,Tarro Public School,Tarro,NSW,2322,Primary,Gov,Open,Major Cities,42032,49188,-32.8106,151.665,4263
42819,Tathra Public School,Tathra,NSW,2550,Primary,Gov,Open,Outer Regional,42819,50189,-36.7331,149.979,3173
40494,Taverners Hill Infants School,Petersham,NSW,2049,Primary,Gov,Open,Major Cities,40494,47607,-33.889,151.157,5112
42297,Tea Gardens Public School,Tea Gardens,NSW,2324,Primary,Gov,Open,Inner Regional,42297,49206,-32.6678,152.158,3175
41904,Telarah Public School,Maitland,NSW,2320,Primary,Gov,Open,Major Cities,41904,49162,-32.7252,151.532,2177
42298,Telegraph Point Public School,Telegraph Point,NSW,2441,Primary,Gov,Open,Inner Regional,42298,49635,-31.3342,152.794,3176
41697,Telopea Public School,Telopea,NSW,2117,Primary,Gov,Open,Major Cities,41697,47749,-33.797,151.044,4103
42697,Temora High School,Temora,NSW,2666,Secondary,Gov,Open,Outer Regional,42697,50524,-34.4419,147.54,8168
42625,Temora Public School,Temora,NSW,2666,Primary,Gov,Open,Outer Regional,42625,50525,-34.4448,147.535,3178
42664,Temora West Public School,Temora,NSW,2666,Primary,Gov,Open,Outer Regional,42664,50526,-34.4513,147.524,4209
41178,Tempe High School,Tempe,NSW,2044,Secondary,Gov,Open,Major Cities,41178,46424,-33.9198,151.161,8506
41077,Tempe Public School,Tempe,NSW,2044,Primary,Gov,Open,Major Cities,41077,47597,-33.9209,151.161,3948
41970,Tenambit Public School,Tenambit,NSW,2323,Primary,Gov,Open,Major Cities,41970,49195,-32.7425,151.605,3180
42523,Tenterfield High School,Tenterfield,NSW,2372,Secondary,Gov,Open,Outer Regional,42523,49427,-29.0537,152.017,8358
41971,Teralba Public School,Teralba,NSW,2284,Primary,Gov,Open,Major Cities,41971,48997,-32.9625,151.606,3183
42820,Terara Public School,Terara,NSW,2540,Primary,Gov,Open,Inner Regional,42820,50084,-34.8666,150.63,3185
42299,Terranora Public School,Terranora,NSW,2486,Primary,Gov,Open,Major Cities,42299,49921,-28.2402,153.499,3189
41242,Terrey Hills Public School,Terrey Hills,NSW,2084,Primary,Gov,Open,Major Cities,41242,47678,-33.6857,151.223,3190
42126,Terrigal High School,Terrigal,NSW,2260,Secondary,Gov,Open,Major Cities,42126,48722,-33.4422,151.429,8533
41972,Terrigal Public School,Terrigal,NSW,2260,Primary,Gov,Open,Major Cities,41972,48723,-33.4424,151.438,3191
42354,Teven-Tintenbar Public School,Tintenbar,NSW,2478,Primary,Gov,Open,Inner Regional,42354,49841,-28.7948,153.501,4578
40742,Thalgarrah Environmental Education Centre,Armidale,NSW,2350,Combined,Gov,Open,Outer Regional,40742,63762,-30.4479,151.825,5680
41113,Tharawal Public School,Menai,NSW,2234,Primary,Gov,Open,Major Cities,41113,47900,-34.0033,151.026,4573
42626,Tharbogang Public School,Tharbogang,NSW,2680,Primary,Gov,Open,Outer Regional,42626,50546,-34.2616,145.985,3195
52679,The Alpine School,Cooma,NSW,2630,Combined,Non-Gov,Open,Inner Regional,52679,85653,-36.22319,149.1315,78209_00
53232,The Alpine School Secondary Campus,Cooma,NSW,2630,Secondary,Non-Gov,Open,Inner Regional,52679,88481,-36.22475237,149.1304813,78209_01
51466,The Anglican School Googong,Googong,NSW,2620,Combined,Non-Gov,Open,Major Cities,51466,70204,-35.4224,149.234,78101_00
43842,The Armidale School,Armidale,NSW,2350,Combined,Non-Gov,Open,Inner Regional,43842,42026,-30.52,151.673,11558_00
52076,"The Armidale School, Peter Hall Trade Training in Schools Centre",Armidale,NSW,2350,Secondary,Non-Gov,Open,Inner Regional,43842,,-30.5258,151.679,11558_01
43755,The Armidale Waldorf School,Armidale,NSW,2350,Combined,Non-Gov,Open,Inner Regional,43755,46879,-30.4892,151.696,77561_00
43555,The Assumption Catholic Primary School,Bathurst,NSW,2795,Primary,Non-Gov,Open,Inner Regional,43555,41313,-33.4118,149.567,77562_00
43988,The Athena School,Newtown,NSW,2042,Combined,Non-Gov,Open,Major Cities,43988,53343,-33.8956,151.175,13343_00
41311,The Beach School,Allambie Heights,NSW,2100,Special,Gov,Open,Major Cities,41311,45853,-33.772,151.262,5579
42688,The Bidgee School,Wagga Wagga,NSW,2650,Special,Gov,Open,Inner Regional,42688,65674,-35.1246,147.364,5758
52614,The Bowen College,Maroubra,NSW,2035,Special,Non-Gov,Open,Major Cities,52614,85101,-33.9469,151.252,78157_00
52434,The Central Coast Montessori Primary School,Bateau Bay,NSW,2261,Primary,Non-Gov,Open,Major Cities,52434,84782,-33.3791,151.457,78028_00
42171,The Channon Public School,The Channon,NSW,2480,Primary,Gov,Open,Inner Regional,42171,49839,-28.6751,153.28,1548
40809,The Childrens Hospital School,Westmead,NSW,2145,Special,Gov,Open,Major Cities,40809,67665,-33.8022,150.992,5751
52374,The Children's House Montessori,North Ryde,NSW,2113,Primary,Non-Gov,Open,Major Cities,52374,86570,-33.805169,151.132077,78003_00
42898,The Crescent School,Goulburn,NSW,2580,Special,Gov,Open,Inner Regional,42898,56285,-34.7446,149.711,5634
41890,The Entrance Public School,The Entrance,NSW,2261,Primary,Gov,Open,Major Cities,41890,48729,-33.3467,151.493,1849
41332,The Forest High School,Frenchs Forest,NSW,2086,Secondary,Gov,Open,Major Cities,41332,47683,-33.7503,151.23,8372
41501,The Grange Public School,Minto,NSW,2566,Primary,Gov,Open,Major Cities,41501,56286,-34.0221,150.857,4518
53008,The Heights Learning Community,Gillieston Heights,NSW,2321,Primary,Non-Gov,Proposed,Major Cities,53008,88875,-32.75417313,151.5377703,78228_00
43106,The Henry Lawson High School,Grenfell,NSW,2810,Secondary,Gov,Open,Outer Regional,43106,51027,-33.9027,148.163,8314
43836,The Hills Grammar School,Kenthurst,NSW,2156,Combined,Non-Gov,Open,Major Cities,43836,44056,-33.6858,151.013,11731_00
41799,The Hills School,Northmead,NSW,2152,Special,Gov,Open,Major Cities,41799,56287,-33.7797,151.004,5688
41822,The Hills Sports High School,Seven Hills,NSW,2147,Secondary,Gov,Open,Major Cities,41822,47818,-33.7822,150.939,8412
43944,The Illawarra Grammar School,Wollongong West,NSW,2500,Combined,Non-Gov,Open,Major Cities,43944,41406,-34.4281,150.871,11049_00
41191,The Jannali High School,Jannali,NSW,2226,Secondary,Gov,Open,Major Cities,41191,57488,-34.0157,151.062,8852
43688,The John Berne School,Lewisham,NSW,2049,Special,Non-Gov,Open,Major Cities,43688,56089,-33.8919,151.148,77668_00
43750,The Joseph Varga School,Randwick,NSW,2031,Special,Non-Gov,Open,Major Cities,43750,48818,-33.9119,151.237,77568_00
41911,The Junction Public School,Merewether,NSW,2291,Primary,Gov,Open,Major Cities,41911,49101,-32.94,151.759,2246
43883,The King's School,North Parramatta,NSW,2151,Combined,Non-Gov,Open,Major Cities,43883,42027,-33.7886,151.026,11559_00
44005,"The King's School, Tudor House",Moss Vale,NSW,2577,Primary,Non-Gov,Open,Inner Regional,43883,42034,-34.5597,150.4,11559_01
43752,The Lakes Christian College,Castlereagh,NSW,2749,Combined,Non-Gov,Open,Major Cities,43752,42356,-33.6863,150.685,77102_00
52435,The Lakes College,Blue Haven,NSW,2262,Special,Non-Gov,Open,Major Cities,52435,80041,-33.2127,151.504,78123_00
43802,The McDonald College,North Strathfield,NSW,2137,Combined,Non-Gov,Open,Major Cities,43802,44222,-33.858292,151.086884,11755_00
41649,The Meadows Public School,Seven Hills,NSW,2147,Primary,Gov,Open,Major Cities,41649,47825,-33.7816,150.943,2510
52620,The Nature School,Port Macquarie,NSW,2444,Combined,Non-Gov,Open,Inner Regional,52620,85098,-31.4729,152.873,78145_00
41407,The Oaks Public School,The Oaks,NSW,2570,Primary,Gov,Open,Inner Regional,41407,50228,-34.0789,150.572,2793
42276,The Pocket Public School,The Pocket,NSW,2483,Primary,Gov,Open,Inner Regional,42276,49911,-28.5054,153.479,2890
51473,The Ponds High School,The Ponds,NSW,2769,Secondary,Gov,Open,Major Cities,51473,70233,-33.7053,150.907,8911
50434,The Ponds School,The Ponds,NSW,2769,Special,Gov,Open,Major Cities,50434,69397,-33.698,150.912,5765
42281,The Risk Public School,The Risk,NSW,2474,Primary,Gov,Open,Inner Regional,42281,49757,-28.4766,152.933,2968
43797,The Riverina Anglican College,Wagga Wagga,NSW,2650,Combined,Non-Gov,Open,Inner Regional,43797,56526,-35.0688,147.375,77713_00
42398,"The Rivers Secondary College, Kadina High Campus",Goonellabah,NSW,2480,Secondary,Gov,Open,Inner Regional,42398,9808,-28.8179,153.339,8520
42375,"The Rivers Secondary College, Lismore High Campus",Lismore,NSW,2480,Secondary,Gov,Open,Inner Regional,42375,49814,-28.8208,153.297,8124
42384,"The Rivers Secondary College, Richmond River High Campus",North Lismore,NSW,2480,Secondary,Gov,Open,Inner Regional,42384,9834,-28.7988,153.28,8214
42619,The Rock Central School,The Rock,NSW,2655,Combined,Gov,Open,Inner Regional,42619,50508,-35.2663,147.115,2976
43821,The Scots College,Bellevue Hill,NSW,2023,Combined,Non-Gov,Open,Major Cities,43821,42029,-33.8751,151.254,11561_00
52043,The Scots College ELC campus,Bellevue Hill,NSW,2023,Primary,Non-Gov,Open,Major Cities,43821,,-33.8708,151.271,11561_03
40855,The Scots College Preparatory School,Bellevue Hill,NSW,2023,Primary,Non-Gov,Open,Major Cities,43821,77020,-33.8799,151.254,11561_01
52639,"The Scots College, Brighton Preparatory School",Dolls Point,NSW,2219,Primary,Non-Gov,Open,Major Cities,43821,85406,-33.9943,151.143,11561_09
52044,"The Scots College, Ginahgulla Centre campus",Bellevue Hill,NSW,2023,Combined,Non-Gov,Open,Major Cities,43821,,-33.8756,151.252,11561_04
40856,"The Scots College, Glengarry campus",Kangaroo Valley,NSW,2577,Secondary,Non-Gov,Open,Inner Regional,43821,77021,-34.7286,150.451,11561_02
43923,The Scots School Albury,Albury,NSW,2640,Combined,Non-Gov,Open,Inner Regional,43923,42122,-36.0729,146.927,11582_00
42477,The Sir Henry Parkes Memorial Public School,Tenterfield,NSW,2372,Primary,Gov,Open,Outer Regional,42477,49428,-29.0564,152.025,3182
52680,The Small School,Murwillumbah,NSW,2484,Combined,Non-Gov,Open,Inner Regional,52680,85736,-28.32923,153.39676,78173_00
41422,Thirlmere Public School,Thirlmere,NSW,2572,Primary,Gov,Open,Inner Regional,41422,50232,-34.2048,150.569,3200
42821,Thirroul Public School,Thirroul,NSW,2515,Primary,Gov,Open,Major Cities,42821,49989,-34.3152,150.919,3201
41505,Thomas Acres Public School,Ambarvale,NSW,2560,Primary,Gov,Open,Major Cities,41505,56289,-34.0936,150.789,4539
43843,Thomas Hassall Anglican College,Middleton Grange,NSW,2171,Combined,Non-Gov,Open,Major Cities,43843,56956,-33.9187,150.84,02001_00
43739,Thomas More Christian Montessori School,Bega,NSW,2550,Primary,Non-Gov,Open,Outer Regional,43739,56079,-36.6875,149.843,77684_00
41611,Thomas Reddall High School,Ambarvale,NSW,2560,Secondary,Gov,Open,Major Cities,41611,54975,-34.0818,150.803,8589
41287,Thornleigh West Public School,Thornleigh,NSW,2120,Primary,Gov,Open,Major Cities,41287,47766,-33.7239,151.072,4276
41973,Thornton Public School,Thornton,NSW,2322,Primary,Gov,Open,Major Cities,41973,49189,-32.7794,151.639,3204
42627,Thurgoona Public School,Thurgoona,NSW,2640,Primary,Gov,Open,Inner Regional,42627,50445,-36.0473,146.983,3208
43038,Tibooburra Outback Public School,Tibooburra,NSW,2880,Primary,Gov,Open,Very Remote,43038,51115,-29.4321,142.01,3211
41974,Tighes Hill Public School,Tighes Hill,NSW,2297,Primary,Gov,Open,Major Cities,41974,49113,-32.9078,151.751,3213
42409,Timbumburi Public School,Timbumburi,NSW,2340,Primary,Gov,Open,Outer Regional,42409,49357,-31.2038,150.916,1016
42478,Tingha Public School,Tingha,NSW,2369,Primary,Gov,Open,Outer Regional,42478,49418,-29.9591,151.214,3218
42300,Tinonee Public School,Tinonee,NSW,2430,Primary,Gov,Open,Inner Regional,42300,49556,-31.9331,152.414,3219
42479,Tintinhull Public School,Kootingal,NSW,2352,Primary,Gov,Open,Inner Regional,42479,49384,-31.0857,151.008,3221
42823,Tirranna Public School,Goulburn,NSW,2580,Primary,Gov,Open,Inner Regional,42823,50268,-34.8215,149.682,3222
52932,Tirriwirri School,Karabar,NSW,2620,Special,Gov,Open,Major Cities,52932,87055,-35.366682,149.2266352,5770
50248,TLK Youth College,Berkeley Vale,NSW,2261,Special,Non-Gov,Open,Major Cities,50248,69072,-33.3491,151.433,78009_00
42628,Tocumwal Public School,Tocumwal,NSW,2714,Primary,Gov,Open,Inner Regional,42628,50640,-35.8139,145.569,3225
42121,Tomaree High School,Salamander Bay,NSW,2317,Secondary,Gov,Open,Inner Regional,42121,57492,-32.7359,152.112,8502
41947,Tomaree Public School,Salamander Bay,NSW,2317,Primary,Gov,Open,Inner Regional,41947,55819,-32.7377,152.113,2723
42824,Tomerong Public School,Tomerong,NSW,2540,Primary,Gov,Open,Inner Regional,42824,50174,-35.055,150.587,3226
42629,Tooleybuc Central School,Tooleybuc,NSW,2736,Combined,Gov,Open,Outer Regional,42629,46514,-35.0266,143.338,3235
42480,Toomelah Public School,Boggabilla,NSW,2409,Primary,Gov,Open,Outer Regional,42480,49513,-28.6709,150.479,3239
43860,Toongabbie Christian College,Toongabbie,NSW,2146,Combined,Non-Gov,Open,Major Cities,43860,42380,-33.7894,150.943,11659_00
41726,Toongabbie East Public School,Wentworthville,NSW,2145,Primary,Gov,Open,Major Cities,41726,47812,-33.7972,150.979,4366
41673,Toongabbie Public School,Toongabbie,NSW,2146,Primary,Gov,Open,Major Cities,41673,56290,-33.7872,150.967,3240
41725,Toongabbie West Public School,Toongabbie,NSW,2146,Primary,Gov,Open,Major Cities,41725,47816,-33.7926,150.957,4364
43039,Tooraweenah Public School,Tooraweenah,NSW,2817,Primary,Gov,Open,Outer Regional,43039,51055,-31.4348,148.912,3242
42399,Toormina High School,Toormina,NSW,2452,Secondary,Gov,Open,Inner Regional,42399,49670,-30.351,153.084,8527
42347,Toormina Public School,Toormina,NSW,2452,Primary,Gov,Open,Inner Regional,42347,49665,-30.3535,153.083,4506
43942,Toronto Adventist School,Toronto,NSW,2283,Primary,Non-Gov,Open,Major Cities,43942,43323,-33.0286,151.565,77572_00
42137,Toronto High School,Toronto,NSW,2283,Secondary,Gov,Open,Major Cities,42137,46347,-33.0088,151.582,8909
41975,Toronto Public School,Toronto,NSW,2283,Primary,Gov,Open,Major Cities,41975,48982,-33.0083,151.595,3247
43040,Tottenham Central School,Tottenham,NSW,2873,Combined,Gov,Open,Remote,43040,46485,-32.2455,147.352,3249
41976,Toukley Public School,Toukley,NSW,2263,Primary,Gov,Open,Major Cities,41976,48732,-33.2678,151.55,3250
42825,Towamba Public School,Towamba,NSW,2550,Primary,Gov,Open,Outer Regional,42825,50190,-37.0842,149.695,3252
41458,Tower Street Public School,Panania,NSW,2213,Primary,Gov,Open,Major Cities,41458,48621,-33.9564,151.007,4151
42842,Towradgi Public School,Fairy Meadow,NSW,2519,Primary,Gov,Open,Major Cities,42842,50001,-34.3897,150.902,3866
43041,Trangie Central School,Trangie,NSW,2823,Combined,Gov,Open,Outer Regional,43041,46455,-32.0325,147.979,3254
42302,Tregeagle Public School,Tregeagle,NSW,2480,Primary,Gov,Open,Inner Regional,42302,49843,-28.8541,153.354,3255
41731,Tregear Public School,Tregear,NSW,2770,Primary,Gov,Open,Major Cities,41731,50822,-33.7459,150.794,4402
43904,Trinity Anglican College - Albury,Thurgoona,NSW,2640,Combined,Non-Gov,Open,Inner Regional,43904,57649,-36.0312,146.985,77787_00
43474,Trinity Catholic College,Auburn,NSW,2144,Secondary,Non-Gov,Open,Major Cities,43474,54477,-33.8504,151.03,14477_00
40888,Trinity Catholic College (Regents Park Campus),Regents Park,NSW,2143,Secondary,Non-Gov,Open,Major Cities,43474,77240,-33.8789,151.028,14477_01
43152,Trinity Catholic College Goulburn,Goulburn,NSW,2580,Secondary,Non-Gov,Open,Inner Regional,43152,57059,-34.7514,149.704,77726_00
43654,Trinity Catholic College Lismore,East Lismore,NSW,2480,Secondary,Non-Gov,Open,Inner Regional,43654,45268,-28.82080341,153.2968774,11770_00
52077,"Trinity Catholic College Lismore, St Joseph's Campus",Lismore,NSW,2480,Secondary,Non-Gov,Open,Inner Regional,43654,,-28.8054,153.285,11770_01
43144,Trinity Catholic Primary School,Murrumburrah,NSW,2587,Primary,Non-Gov,Open,Inner Regional,43144,45303,-34.5455,148.348,11780_00
43166,Trinity Catholic Primary School,Kemps Creek,NSW,2759,Primary,Non-Gov,Open,Major Cities,43166,53773,-33.8319,150.789,77573_00
43710,Trinity Grammar School,Summer Hill,NSW,2130,Combined,Non-Gov,Open,Major Cities,43710,42031,-33.8986,151.131,11563_00
52065,Trinity Grammar School Bishop Chambers House,Summer Hill,NSW,2130,Secondary,Non-Gov,Open,Major Cities,43710,,-33.8946,151.132,11563_04
52635,"Trinity Grammar School Field Studies Centre, Woollamia Campus",Woollamia,NSW,2540,Combined,Non-Gov,Open,Inner Regional,43710,,-35.005,150.632,11563_05
40857,Trinity Grammar School Preparatory School,Strathfield,NSW,2135,Primary,Non-Gov,Open,Major Cities,43710,77022,-33.882,151.092,11563_01
43042,Trundle Central School,Trundle,NSW,2875,Combined,Gov,Open,Outer Regional,43042,51104,-32.9254,147.709,3259
43043,Trunkey Public School,Trunkey Creek,NSW,2795,Primary,Gov,Open,Outer Regional,43043,50990,-33.8165,149.326,3260
41278,Truscott Street Public School,North Ryde,NSW,2113,Primary,Gov,Open,Major Cities,41278,47739,-33.7941,151.131,4164
42303,Tucabia Public School,Tucabia,NSW,2462,Primary,Gov,Open,Inner Regional,42303,49722,-29.6667,153.107,3263
42130,Tuggerah Lakes Secondary College Berkeley Vale Campus,Berkeley Vale,NSW,2261,Secondary,Gov,Open,Major Cities,42130,14976,-33.3417,151.425,8563
42116,Tuggerah Lakes Secondary College The Entrance Campus,Long Jetty,NSW,2261,Secondary,Gov,Open,Major Cities,42116,48727,-33.3713,151.477,8465
42102,Tuggerah Lakes Secondary College Tumbi Umbi Campus,Tumbi Umbi,NSW,2261,Secondary,Gov,Open,Major Cities,42102,15387,-33.3956,151.454,8274
41977,Tuggerah Public School,Tuggerah,NSW,2259,Primary,Gov,Open,Major Cities,41977,48714,-33.313,151.416,3269
42015,Tuggerawong Public School,Tuggerawong,NSW,2259,Primary,Gov,Open,Major Cities,42015,48715,-33.2798,151.486,4097
43044,Tullamore Central School,Tullamore,NSW,2874,Combined,Gov,Open,Outer Regional,43044,51103,-32.6368,147.566,3270
42630,Tullibigeal Central School,Tullibigeal,NSW,2669,Combined,Gov,Open,Remote,42630,50533,-33.4229,146.723,3272
42896,Tullimbar Public School,Tullimbar,NSW,2527,Primary,Gov,Open,Major Cities,42896,67585,-34.5759,150.752,4649
42502,Tulloona Public School,Tulloona,NSW,2400,Primary,Gov,Open,Outer Regional,42502,49502,-28.8689,150.101,4225
42709,Tumbarumba High School,Tumbarumba,NSW,2653,Secondary,Gov,Open,Outer Regional,42709,46379,-35.7831,148.018,8450
42631,Tumbarumba Public School,Tumbarumba,NSW,2653,Primary,Gov,Open,Outer Regional,42631,50507,-35.7764,148.014,3275
42304,Tumbulgum Public School,Tumbulgum,NSW,2490,Primary,Gov,Open,Major Cities,42304,49930,-28.274,153.463,3277
42704,Tumut High School,Tumut,NSW,2720,Secondary,Gov,Open,Inner Regional,42704,46419,-35.3122,148.219,8343
42632,Tumut Public School,Tumut,NSW,2720,Primary,Gov,Open,Inner Regional,42632,50651,-35.3024,148.219,3278
42349,Tuncurry Public School,Tuncurry,NSW,2428,Primary,Gov,Open,Inner Regional,42349,49538,-32.1716,152.495,4533
42305,Tuntable Creek Public School,Tuntable Creek,NSW,2480,Primary,Gov,Closed,Inner Regional,42305,,-28.6318,153.266,3283
43818,Tuntable Falls Community School,Tuntable Falls Via Nimbin,NSW,2480,Primary,Non-Gov,Open,Inner Regional,43818,42386,-28.5804,153.276,77576_00
41339,Turramurra High School,South Turramurra,NSW,2074,Secondary,Gov,Open,Major Cities,41339,47634,-33.7573,151.115,8435
41243,Turramurra North Public School,North Turramurra,NSW,2074,Primary,Gov,Open,Major Cities,41243,44921,-33.7147,151.148,3288
41255,Turramurra Public School,Turramurra,NSW,2074,Primary,Gov,Open,Major Cities,41255,47635,-33.7453,151.114,3855
42661,Turvey Park Public School,Wagga Wagga,NSW,2650,Primary,Gov,Open,Inner Regional,42661,50489,-35.1291,147.358,4144
42306,Tweed Heads Public School,Tweed Heads,NSW,2485,Primary,Gov,Open,Major Cities,42306,49922,-28.1695,153.542,3290
42337,Tweed Heads South Public School,Tweed Heads South,NSW,2486,Primary,Gov,Open,Major Cities,42337,49924,-28.1953,153.539,4111
42391,Tweed River High School,Tweed Heads South,NSW,2486,Secondary,Gov,Open,Major Cities,42391,46475,-28.1957,153.541,8370
43801,Tweed Valley Adventist College,Murwillumbah,NSW,2484,Combined,Non-Gov,Open,Inner Regional,43801,42007,-28.3301,153.373,11541_00
42307,Tyalgum Public School,Tyalgum,NSW,2484,Primary,Gov,Open,Inner Regional,42307,49919,-28.3545,153.205,3293
42346,Tyalla Public School,Coffs Harbour,NSW,2450,Primary,Gov,Open,Inner Regional,42346,49666,-30.2839,153.112,4503
43783,Tyndale Christian School,Blacktown,NSW,2148,Combined,Non-Gov,Open,Major Cities,43783,42035,-33.7832,150.886,11566_00
42308,Uki Public School,Uki,NSW,2484,Primary,Gov,Open,Inner Regional,42308,49920,-28.415,153.334,3298
42929,Ulladulla High School,Ulladulla,NSW,2539,Secondary,Gov,Open,Inner Regional,42929,50063,-35.3582,150.47,8495
42826,Ulladulla Public School,Ulladulla,NSW,2539,Primary,Gov,Open,Inner Regional,42826,50066,-35.3552,150.469,3302
42309,Ulmarra Public School,Ulmarra,NSW,2462,Primary,Gov,Open,Inner Regional,42309,57495,-29.629,153.031,3303
42310,Ulong Public School,Ulong,NSW,2450,Primary,Gov,Open,Inner Regional,42310,49667,-30.243,152.885,3304
41055,Ultimo Public School,Ultimo,NSW,2007,Primary,Gov,Open,Major Cities,41055,45318,-33.8768,151.197,3305
42009,Umina Beach Public School,Umina Beach,NSW,2257,Primary,Gov,Open,Major Cities,42009,45901,-33.5251,151.314,3995
42827,Unanderra Public School,Cordeaux Heights,NSW,2526,Primary,Gov,Open,Major Cities,42827,45438,-34.4455,150.835,3308
41056,Undercliffe Public School,Earlwood,NSW,2206,Primary,Gov,Open,Major Cities,41056,48590,-33.9241,151.139,3310
42633,Ungarie Central School,Ungarie,NSW,2669,Combined,Gov,Open,Outer Regional,42633,50534,-33.638,146.978,3311
43782,Unity Grammar College,Austral,NSW,2179,Combined,Non-Gov,Open,Major Cities,43782,67794,-33.945,150.803,77922_00
42328,Upper Coopers Creek Public School,Upper Coopers Creek,NSW,2482,Primary,Gov,Open,Inner Regional,42328,58121,-28.6071,153.402,3760
42246,Upper Lansdowne Public School,Upper Lansdowne,NSW,2430,Primary,Gov,Open,Inner Regional,42246,49550,-31.7052,152.467,2372
42496,Uralla Central School,Uralla,NSW,2358,Combined,Gov,Open,Inner Regional,42496,49395,-30.6415,151.494,3864
42634,Urana Public School,Urana,NSW,2645,Primary,Gov,Open,Outer Regional,42634,46515,-35.3275,146.267,3314
42556,Uranquinty Public School,Uranquinty,NSW,2652,Primary,Gov,Open,Inner Regional,42556,50506,-35.1888,147.249,1499
42311,Urbenville Public School,Urbenville,NSW,2475,Primary,Gov,Open,Outer Regional,42311,49759,-28.4735,152.546,3316
42312,Urunga Public School,Urunga,NSW,2455,Primary,Gov,Open,Inner Regional,42312,57496,-30.4952,153.02,3318
41978,Vacy Public School,Vacy,NSW,2421,Primary,Gov,Open,Inner Regional,41978,49522,-32.5422,151.578,3321
42024,Valentine Public School,Valentine,NSW,2280,Primary,Gov,Open,Major Cities,42024,48955,-33.0091,151.643,4185
52438,Valley Hope Christian School,Townsend,NSW,2463,Special,Non-Gov,Open,Inner Regional,52438,80013,-29.4618,153.218,78152_00
42051,Valley View Public School,Wyoming,NSW,2250,Primary,Gov,Open,Major Cities,42051,48689,-33.4002,151.362,4508
41713,Vardys Road Public School,Seven Hills,NSW,2147,Primary,Gov,Open,Major Cities,41713,47826,-33.7571,150.943,4248
41057,Vaucluse Public School,Vaucluse,NSW,2030,Primary,Gov,Open,Major Cities,41057,45310,-33.8505,151.281,3325
52616,Verity Christian College,Griffith,NSW,2680,Combined,Non-Gov,Open,Outer Regional,52616,85261,-34.30041,146.03338,78186_00
40711,Verona School,Fairfield East,NSW,2165,Special,Gov,Open,Major Cities,40711,57888,-33.8682,150.971,5583
51458,Victoria Avenue Public School,Concord West,NSW,2138,Primary,Gov,Open,Major Cities,51458,70234,-33.8477,151.083,4655
43413,Villa Maria Catholic Primary School,Hunters Hill,NSW,2110,Primary,Non-Gov,Open,Major Cities,43413,42036,-33.8301,151.14,77578_00
41440,Villawood East Public School,Villawood,NSW,2163,Primary,Gov,Open,Major Cities,41440,48151,-33.8902,150.986,3977
41453,Villawood North Public School,Fairfield East,NSW,2165,Primary,Gov,Open,Major Cities,41453,48160,-33.8771,150.972,4065
42937,Vincentia High School,Vincentia,NSW,2540,Secondary,Gov,Open,Inner Regional,42937,54663,-35.0777,150.663,8593
42889,Vincentia Public School,Vincentia,NSW,2540,Primary,Gov,Open,Inner Regional,42889,55116,-35.0734,150.67,4592
41674,Vineyard Public School,Vineyard,NSW,2765,Primary,Gov,Open,Major Cities,41674,50787,-33.6474,150.858,3329
43826,Vistara Primary School,Richmond Hill,NSW,2480,Primary,Non-Gov,Open,Inner Regional,43826,46738,-28.7836,153.34,77579_00
42103,Wadalba Community School,Wadalba,NSW,2259,Combined,Gov,Open,Major Cities,42103,56643,-33.2648,151.467,8278
43774,Wagga Wagga Christian College,Wagga Wagga,NSW,2650,Combined,Non-Gov,Open,Inner Regional,43774,53391,-35.1344,147.389,13391_00
42692,Wagga Wagga High School,Wagga Wagga,NSW,2650,Secondary,Gov,Open,Inner Regional,42692,50490,-35.1244,147.364,8142
42635,Wagga Wagga Public School,Wagga Wagga,NSW,2650,Primary,Gov,Open,Inner Regional,42635,50492,-35.1078,147.366,3330
44007,Wahroonga Adventist School,Wahroonga,NSW,2076,Combined,Non-Gov,Open,Major Cities,44007,77695,-33.7367,151.1,77583_00
41253,Wahroonga Public School,Wahroonga,NSW,2076,Primary,Gov,Open,Major Cities,41253,44923,-33.7156,151.128,3833
41125,Wairoa School,Bondi Beach,NSW,2026,Special,Gov,Open,Major Cities,41125,56291,-33.8866,151.278,5631
41244,Waitara Public School,Wahroonga,NSW,2076,Primary,Gov,Open,Major Cities,41244,47668,-33.7079,151.112,3334
40710,Wakefield School,Wakefield,NSW,2278,Special,Gov,Open,Major Cities,40710,57887,-32.9567,151.564,5582
41294,Wakehurst Public School,Belrose,NSW,2085,Primary,Gov,Open,Major Cities,41294,47680,-33.7394,151.218,4368
42638,Wakool Burraboi Public School,Wakool,NSW,2710,Primary,Gov,Open,Outer Regional,42638,50630,-35.4663,144.393,3336
42639,Walbundrie Public School,Walla Walla,NSW,2642,Primary,Gov,Open,Outer Regional,42639,50457,-35.6874,146.726,3338
42481,Walcha Central School,Walcha,NSW,2354,Combined,Gov,Open,Outer Regional,42481,46439,-30.9818,151.604,3340
43119,Walgett Community College - High School,Walgett,NSW,2832,Secondary,Gov,Open,Remote,43119,46411,-30.0271,148.119,8475
43046,Walgett Community College - Primary School,Walgett,NSW,2832,Primary,Gov,Open,Remote,43046,51057,-30.0203,148.116,3342
42482,Walhallow Public School,Caroona,NSW,2343,Primary,Gov,Open,Outer Regional,42482,49366,-31.3951,150.426,3343
42640,Walla Walla Public School,Walla Walla,NSW,2659,Primary,Gov,Open,Inner Regional,42640,50512,-35.758,146.901,3352
42483,Wallabadah Public School,Wallabadah,NSW,2343,Primary,Gov,Open,Outer Regional,42483,49367,-31.541,150.828,3345
41675,Wallacia Public School,Wallacia,NSW,2745,Primary,Gov,Open,Inner Regional,41675,50721,-33.8627,150.642,3346
42641,Wallendbeen Public School,Wallendbeen,NSW,2588,Primary,Gov,Open,Inner Regional,42641,50288,-34.5252,148.159,3353
43047,Wallerawang Public School,Wallerawang,NSW,2845,Primary,Gov,Open,Inner Regional,43047,51068,-33.4187,150.071,3354
41979,Wallsend Public School,Wallsend,NSW,2287,Primary,Gov,Open,Major Cities,41979,49030,-32.9081,151.672,3357
41994,Wallsend South Public School,Wallsend,NSW,2287,Primary,Gov,Open,Major Cities,41994,49032,-32.9201,151.675,3851
41719,Walters Road Public School,Blacktown,NSW,2148,Primary,Gov,Open,Major Cities,41719,55108,-33.7848,150.892,4310
40759,Wambangalang Environmental Education Centre,Dubbo,NSW,2830,Combined,Gov,Open,Outer Regional,40759,64091,-32.488,148.555,5681
42056,Wamberal Public School,Wamberal,NSW,2260,Primary,Gov,Open,Major Cities,42056,48724,-33.4122,151.448,4522
42642,Wamoon Public School,Leeton,NSW,2705,Primary,Gov,Open,Outer Regional,42642,50617,-34.5253,146.331,3364
43048,Wanaaring Public School,Wanaaring,NSW,2840,Primary,Gov,Open,Very Remote,43048,51064,-29.7056,144.145,3365
41537,Wangee Park School,Campsie,NSW,2194,Special,Gov,Open,Major Cities,41537,46396,-33.9082,151.096,5568
41981,Wangi Wangi Public School,Wangi Wangi,NSW,2267,Primary,Gov,Open,Major Cities,41981,48738,-33.0717,151.592,3373
42849,Waniora Public School,Bulli,NSW,2516,Primary,Gov,Open,Major Cities,42849,49993,-34.3368,150.919,3960
40779,Warakirri College,Fairfield,NSW,2165,Special,Non-Gov,Open,Major Cities,40779,66389,-33.8737,150.954,77919_00
52433,Warakirri College - Blacktown,Blacktown,NSW,2148,Special,Non-Gov,Open,Major Cities,40779,85189,-33.7715,150.913,77919_02
53196,Warakirri College - Campbelltown North,Campbelltown,NSW,2560,Special,Non-Gov,Open,Major Cities,40779,,-34.0610391,150.8168164,77919_04
52789,Warakirri College - Campbelltown South,Campbelltown,NSW,2560,Special,Non-Gov,Open,Major Cities,40779,85994,-34.0662,150.815,77919_03
51460,Waranara School,Marrickville,NSW,2204,Special,Non-Gov,Open,Major Cities,51460,70217,-33.9078,151.149,78084_00
52513,Waranara School - Senior Campus,Marrickville,NSW,2204,Special,Non-Gov,Open,Major Cities,51460,80104,-33.9078,151.149,78084_02
41982,Waratah Public School,Waratah,NSW,2298,Primary,Gov,Open,Major Cities,41982,44644,-32.905,151.723,3377
42003,Waratah West Public School,Waratah West,NSW,2298,Primary,Gov,Open,Major Cities,42003,45544,-32.898,151.716,3932
42313,Wardell Public School,Wardell,NSW,2477,Primary,Gov,Open,Inner Regional,42313,49769,-28.9503,153.469,3378
42528,Warialda High School,Warialda,NSW,2402,Secondary,Gov,Open,Outer Regional,42528,49504,-29.5479,150.575,8519
42484,Warialda Public School,Warialda,NSW,2402,Primary,Gov,Open,Outer Regional,42484,49505,-29.5418,150.574,3382
42919,Warilla High School,Barrack Heights,NSW,2528,Secondary,Gov,Open,Major Cities,42919,46503,-34.5652,150.858,8418
42870,Warilla North Public School,Warilla,NSW,2528,Primary,Gov,Open,Major Cities,42870,50030,-34.5466,150.853,4333
42854,Warilla Public School,Warilla,NSW,2528,Primary,Gov,Open,Major Cities,42854,50031,-34.5572,150.854,4005
42115,Warners Bay High School,Warners Bay,NSW,2282,Secondary,Gov,Open,Major Cities,42115,48961,-32.9677,151.654,8440
41983,Warners Bay Public School,Warners Bay,NSW,2282,Primary,Gov,Open,Major Cities,41983,48962,-32.98,151.649,3384
42017,Warnervale Public School,Hamlyn Terrace,NSW,2259,Primary,Gov,Open,Major Cities,42017,48716,-33.2518,151.469,4117
41681,Warragamba Public School,Warragamba,NSW,2752,Primary,Gov,Open,Inner Regional,41681,45440,-33.8909,150.605,3744
43916,Warrah Specialist School,Dural,NSW,2158,Special,Non-Gov,Open,Major Cities,43916,43049,-33.703,151.036,77584_00
41245,Warrawee Public School,Turramurra,NSW,2074,Primary,Gov,Open,Major Cities,41245,45900,-33.7295,151.121,3390
42925,Warrawong High School,Warrawong,NSW,2502,Secondary,Gov,Open,Major Cities,42925,46370,-34.4802,150.875,8480
42812,Warrawong Public School,Warrawong,NSW,2502,Primary,Gov,Open,Major Cities,42812,49955,-34.4814,150.878,3104
43049,Warren Central School,Warren,NSW,2824,Combined,Gov,Open,Outer Regional,43049,46460,-31.7051,147.837,3392
41709,Warrimoo Public School,Warrimoo,NSW,2774,Primary,Gov,Open,Major Cities,41709,50841,-33.7281,150.6,4195
40760,Warrumbungle National Park Environmental Education Centre,Coonabarabran,NSW,2357,Combined,Gov,Open,Outer Regional,40760,64092,-31.25459,148.981077,5732
41427,Warwick Farm Public School,Warwick Farm,NSW,2170,Primary,Gov,Open,Major Cities,41427,48544,-33.9105,150.93,3678
41058,Waterfall Public School,Waterfall,NSW,2233,Primary,Gov,Open,Inner Regional,41058,48668,-34.1376,150.996,3396
41451,Wattawa Heights Public School,Bankstown,NSW,2200,Primary,Gov,Open,Major Cities,41451,48581,-33.9149,151.012,4059
43050,Wattle Flat Public School,Wattle Flat,NSW,2795,Primary,Gov,Open,Inner Regional,43050,50991,-33.1415,149.693,3402
41435,Wattle Grove Public School,Wattle Grove,NSW,2173,Primary,Gov,Open,Major Cities,41435,56646,-33.9587,150.937,3871
42380,Wauchope High School,Wauchope,NSW,2446,Secondary,Gov,Open,Inner Regional,42380,46365,-31.4509,152.731,8173
42314,Wauchope Public School,Wauchope,NSW,2446,Primary,Gov,Open,Inner Regional,42314,49647,-31.4559,152.73,3404
43666,Waverley College,Waverley,NSW,2024,Secondary,Non-Gov,Open,Major Cities,43666,42039,-33.8973,151.256,11570_00
40886,Waverley College - Waterford Campus,Waverley,NSW,2024,Primary,Non-Gov,Open,Major Cities,43666,77236,-33.9008,151.258,11570_01
41080,Waverley Public School,Waverley,NSW,2024,Primary,Gov,Open,Major Cities,41080,45823,-33.8982,151.252,3953
43722,WAYS Secondary,Bondi,NSW,2026,Special,Non-Gov,Open,Major Cities,43722,68606,-33.8869,151.279,77951_00
42828,Wee Jasper Public School,Wee Jasper,NSW,2582,Primary,Gov,Open,Inner Regional,42828,50278,-35.1088,148.674,3412
42522,Wee Waa High School,Wee Waa,NSW,2388,Secondary,Gov,Open,Outer Regional,42522,56292,-30.2198,149.457,8270
42485,Wee Waa Public School,Wee Waa,NSW,2388,Primary,Gov,Open,Outer Regional,42485,46412,-30.2236,149.443,3416
42643,Weethalle Public School,Weethalle,NSW,2669,Primary,Gov,Open,Outer Regional,42643,50535,-33.88,146.619,3415
43079,Weilmoringle Public School,Weilmoringle,NSW,2839,Primary,Gov,Open,Very Remote,43079,51061,-29.2388,146.918,4305
43738,Wellington Christian School,Wellington,NSW,2820,Primary,Non-Gov,Open,Outer Regional,43738,43319,-32.5396,148.929,03319_00
43105,Wellington High School,Wellington,NSW,2820,Secondary,Gov,Open,Outer Regional,43105,46456,-32.5467,148.948,8197
43051,Wellington Public School,Wellington,NSW,2820,Primary,Gov,Open,Outer Regional,43051,51031,-32.5569,148.943,3420
43868,Wenona School,North Sydney,NSW,2060,Combined,Non-Gov,Open,Major Cities,43868,42040,-33.8341,151.21,11571_00
41676,Wentworth Falls Public School,Wentworth Falls,NSW,2782,Primary,Gov,Open,Major Cities,41676,50869,-33.7141,150.374,3422
52671,Wentworth Point Public School,Wentworth Point,NSW,2127,Primary,Gov,Open,Major Cities,52671,85545,-33.8233,151.08,4662
43052,Wentworth Public School,Wentworth,NSW,2648,Primary,Gov,Open,Outer Regional,43052,50474,-34.1032,141.919,3421
41677,Wentworthville Public School,Wentworthville,NSW,2145,Primary,Gov,Open,Major Cities,41677,47813,-33.814,150.969,3423
41763,Werrington County Public School,Werrington,NSW,2747,Primary,Gov,Open,Major Cities,41763,50776,-33.7451,150.748,4541
41749,Werrington Public School,Werrington,NSW,2747,Primary,Gov,Open,Major Cities,41749,50777,-33.7551,150.745,4473
42486,Werris Creek Public School,Werris Creek,NSW,2341,Primary,Gov,Open,Inner Regional,42486,49360,-31.3489,150.651,3425
41236,West Pennant Hills Public School,West Pennant Hills,NSW,2125,Primary,Gov,Open,Major Cities,41236,47764,-33.7461,151.05,2858
41288,West Pymble Public School,West Pymble,NSW,2073,Primary,Gov,Open,Major Cities,41288,45496,-33.7639,151.124,4283
41241,West Ryde Public School,West Ryde,NSW,2114,Primary,Gov,Open,Major Cities,41241,47743,-33.8084,151.085,3023
42111,West Wallsend High School,West Wallsend,NSW,2286,Secondary,Gov,Open,Major Cities,42111,46442,-32.9109,151.582,8411
41980,West Wallsend Public School,West Wallsend,NSW,2286,Primary,Gov,Open,Major Cities,41980,49017,-32.9046,151.581,3358
42706,West Wyalong High School,West Wyalong,NSW,2671,Secondary,Gov,Open,Outer Regional,42706,50537,-33.9158,147.202,8392
42647,West Wyalong Public School,West Wyalong,NSW,2671,Primary,Gov,Open,Outer Regional,42647,50538,-33.9185,147.204,3519
52947,Westbourne College Sydney,Ultimo,NSW,2007,Secondary,Non-Gov,Open,Major Cities,52947,87003,-33.8793231,151.1991461,78193_00
42487,Westdale Public School,Westdale,NSW,2340,Primary,Gov,Open,Inner Regional,42487,49358,-31.0937,150.874,3428
50506,Western Grammar School,Plumpton,NSW,2761,Combined,Non-Gov,Open,Major Cities,50506,69821,-33.7497,150.836,78033_00
52622,Western Riverina Community School,Griffith,NSW,2680,Special,Non-Gov,Open,Outer Regional,52622,85080,-34.28545844,146.0320768,78175_00
53295,Western Riverina Community School - Hickey Campus,Griffith,NSW,2680,Special,Non-Gov,Open,Outer Regional,52622,,-34.28384341,146.059091,78175_01
41582,Westfields Sports High School,Fairfield West,NSW,2165,Secondary,Gov,Open,Major Cities,41582,48161,-33.8684,150.92,8384
42365,Westlawn Public School,Grafton,NSW,2460,Primary,Gov,Open,Inner Regional,42365,49717,-29.6707,152.93,5238
50215,Westmead Christian Grammar School,Westmead,NSW,2145,Primary,Non-Gov,Open,Major Cities,50215,45278,-33.8166,150.981,77055_00
41684,Westmead Public School,Westmead,NSW,2145,Primary,Gov,Open,Major Cities,41684,47814,-33.8102,150.985,3883
41984,Weston Public School,Weston,NSW,2326,Primary,Gov,Open,Major Cities,41984,49301,-32.809,151.461,3431
42343,Westport Public School,Port Macquarie,NSW,2444,Primary,Gov,Open,Inner Regional,42343,49642,-31.4373,152.893,4411
42683,Wewak Street School,North Albury,NSW,2640,Special,Gov,Open,Inner Regional,42683,56282,-36.0585,146.93,5653
41727,Whalan Public School,Whalan,NSW,2770,Primary,Gov,Open,Major Cities,41727,50827,-33.7529,150.81,4378
41283,Wheeler Heights Public School,Collaroy Plateau,NSW,2097,Primary,Gov,Open,Major Cities,41283,47700,-33.7278,151.285,4249
42282,Whian Whian Public School,Whian Whian,NSW,2480,Primary,Gov,Open,Inner Regional,42282,49849,-28.6382,153.314,2980
43053,White Cliffs Public School,White Cliffs,NSW,2836,Primary,Gov,Open,Very Remote,43053,51060,-30.8509,143.09,3435
42108,Whitebridge High School,Whitebridge,NSW,2290,Secondary,Gov,Open,Major Cities,42108,49093,-32.972,151.712,8390
42644,Whitton-Murrami Public School,Whitton,NSW,2705,Primary,Gov,Open,Outer Regional,42644,50618,-34.5189,146.181,3438
42315,Wiangaree Public School,Wiangaree,NSW,2474,Primary,Gov,Open,Inner Regional,42315,49758,-28.5114,152.966,3439
41489,Widemere Public School,Greystanes,NSW,2145,Primary,Gov,Open,Major Cities,41489,47815,-33.8342,150.94,4474
41300,Wideview Public School,Berowra Heights,NSW,2082,Primary,Gov,Open,Major Cities,41300,47677,-33.6085,151.142,4433
41678,Wilberforce Public School,Wilberforce,NSW,2756,Primary,Gov,Open,Major Cities,41678,50751,-33.5587,150.84,3441
43054,Wilcannia Central School,Wilcannia,NSW,2836,Combined,Gov,Open,Very Remote,43054,46486,-31.5585,143.376,3442
41615,Wiley Park Girls High School,Punchbowl,NSW,2196,Secondary,Gov,Open,Major Cities,41615,46338,-33.9242,151.067,8888
41507,Wiley Park Public School,Wiley Park,NSW,2195,Primary,Gov,Open,Major Cities,41507,55123,-33.9248,151.068,4553
41111,Wilkins Public School,Marrickville,NSW,2204,Primary,Gov,Open,Major Cities,41111,56293,-33.902,151.155,4543
42682,Willans Hill School,Wagga Wagga,NSW,2650,Special,Gov,Open,Inner Regional,42682,56294,-35.135151,147.375885,5550
42316,Willawarrin Public School,Willawarrin,NSW,2440,Primary,Gov,Open,Outer Regional,42316,49629,-30.9257,152.626,3445
42357,William Bayldon Public School,Sawtell,NSW,2452,Primary,Gov,Open,Inner Regional,42357,54673,-30.3637,153.08,4602
53163,William Campbell College,Nowra Hill,NSW,2541,Special,Non-Gov,Open,Inner Regional,53163,68737,-34.92729238,150.5472807,78177_00
43929,William Carey Christian School,Prestons,NSW,2170,Combined,Non-Gov,Open,Major Cities,43929,45347,-33.949,150.851,11783_00
43891,William Clarke College,Kellyville,NSW,2155,Combined,Non-Gov,Open,Major Cities,43891,46739,-33.7121,150.976,06739_00
41770,William Dean Public School,Dean Park,NSW,2761,Primary,Gov,Open,Major Cities,41770,54985,-33.7343,150.859,4576
41794,William Rose School,Seven Hills,NSW,2147,Special,Gov,Open,Major Cities,41794,58047,-33.7691,150.937,5614
41510,William Stimson Public School,Wetherill Park,NSW,2164,Primary,Gov,Open,Major Cities,41510,56295,-33.8546,150.906,4563
41747,Willmot Public School,Willmot,NSW,2770,Primary,Gov,Open,Major Cities,41747,50829,-33.7257,150.794,4470
41322,Willoughby Girls High School,Willoughby,NSW,2068,Secondary,Gov,Open,Major Cities,41322,47622,-33.8031,151.2,8159
41246,Willoughby Public School,Willoughby,NSW,2068,Primary,Gov,Open,Major Cities,41246,47623,-33.8022,151.2,3449
42488,Willow Tree Public School,Willow Tree,NSW,2339,Primary,Gov,Open,Outer Regional,42488,49343,-31.6568,150.729,3451
43120,Willyama High School,Broken Hill,NSW,2880,Secondary,Gov,Open,Outer Regional,43120,46487,-31.9366,141.473,8491
42367,Wilson Park School,Lismore,NSW,2480,Special,Gov,Open,Inner Regional,42367,56296,-28.8319,153.293,5689
42317,Wilsons Creek Public School,Mullumbimby,NSW,2482,Primary,Gov,Open,Inner Regional,42317,49907,-28.5708,153.426,3454
50246,Wilton Public School,Wilton,NSW,2571,Primary,Gov,Open,Inner Regional,50246,68167,-34.2298,150.686,4650
41997,Windale Public School,Windale,NSW,2306,Primary,Gov,Open,Major Cities,41997,49151,-32.9924,151.678,3893
42766,Windang Public School,Windang,NSW,2528,Primary,Gov,Open,Major Cities,42766,46145,-34.5315,150.866,1992
42829,Windellama Public School,Goulburn,NSW,2580,Primary,Gov,Open,Outer Regional,42829,50269,-35.01,149.834,3457
41819,Windsor High School,Mcgraths Hill,NSW,2756,Secondary,Gov,Open,Major Cities,41819,50753,-33.6187,150.834,8396
41779,Windsor Park Public School,South Windsor,NSW,2756,Primary,Gov,Open,Major Cities,41779,55822,-33.6406,150.813,4614
41679,Windsor Public School,Windsor,NSW,2756,Primary,Gov,Open,Major Cities,41679,50755,-33.6104,150.816,3459
41695,Windsor South Public School,South Windsor,NSW,2756,Primary,Gov,Open,Major Cities,41695,50757,-33.6182,150.804,4066
42830,Wingello Public School,Wingello,NSW,2579,Primary,Gov,Open,Inner Regional,42830,50270,-34.6882,150.153,3461
42353,Wingham Brush Public School,Wingham,NSW,2429,Primary,Gov,Open,Inner Regional,42353,54953,-31.8702,152.377,4575
42393,Wingham High School,Wingham,NSW,2429,Secondary,Gov,Open,Inner Regional,42393,49543,-31.8674,152.382,8391
42370,Wingham Public School,Wingham,NSW,2429,Primary,Gov,Open,Inner Regional,42370,49544,-31.8634,152.35,7314
41843,Winmalee High School,Winmalee,NSW,2777,Secondary,Gov,Open,Major Cities,41843,54956,-33.676,150.615,8573
41738,Winmalee Public School,Winmalee,NSW,2777,Primary,Gov,Open,Major Cities,41738,50845,-33.6703,150.611,4436
41748,Winston Heights Public School,Winston Hills,NSW,2153,Primary,Gov,Open,Major Cities,41748,47861,-33.77485,150.967894,4471
41734,Winston Hills Public School,Winston Hills,NSW,2153,Primary,Gov,Open,Major Cities,41734,47862,-33.7735,150.981,4417
41991,Wiripaang Public School,Gateshead,NSW,2290,Primary,Gov,Open,Major Cities,41991,46491,-32.9841,151.691,3762
42062,Wirreanda Public School,Medowie,NSW,2318,Primary,Gov,Open,Inner Regional,42062,56297,-32.7436,151.877,4564
41680,Wisemans Ferry Public School,Wisemans Ferry,NSW,2775,Primary,Gov,Open,Inner Regional,41680,48698,-33.386,150.984,3470
43809,Wollemi College,Werrington,NSW,2747,Combined,Non-Gov,Open,Major Cities,43809,67644,-33.7645,150.756,77915_00
43892,Wollondilly Anglican College,Tahmoor,NSW,2573,Combined,Non-Gov,Open,Inner Regional,43892,58086,-34.2279,150.591,77842_00
42879,Wollondilly Public School,Goulburn,NSW,2580,Primary,Gov,Open,Inner Regional,42879,50271,-34.743,149.711,4438
42318,Wollongbar Public School,Wollongbar,NSW,2477,Primary,Gov,Open,Inner Regional,42318,49852,-28.827,153.42,3475
50691,Wollongong Flexible Learning Centre,Towradgi,NSW,2518,Special,Non-Gov,Open,Major Cities,50691,69962,-34.3833,150.895,78047_00
42906,Wollongong High School of the Performing Arts,Fairy Meadow,NSW,2519,Secondary,Gov,Open,Major Cities,42906,50004,-34.4058,150.89,8143
42848,Wollongong Public School,Wollongong,NSW,2500,Primary,Gov,Open,Major Cities,42848,49948,-34.4229,150.897,3954
42831,Wollongong West Public School,Wollongong,NSW,2500,Primary,Gov,Open,Major Cities,42831,49949,-34.4246,150.872,3477
42408,Wollumbin High School,Murwillumbah,NSW,2484,Secondary,Gov,Closed,Inner Regional,42408,,-28.335,153.363,8596
42832,Wolumla Public School,Wolumla,NSW,2550,Primary,Gov,Open,Outer Regional,42832,50191,-36.8327,149.812,3479
42645,Wombat Public School,Wombat,NSW,2587,Primary,Gov,Open,Inner Regional,42645,50287,-34.4266,148.245,3482
43057,Wongarbon Public School,Wongarbon,NSW,2831,Primary,Gov,Open,Outer Regional,43057,51056,-32.3336,148.759,3487
41123,Woniora Road School,Hurstville,NSW,2220,Special,Gov,Open,Major Cities,41123,56298,-33.971,151.103,5609
40773,Woodberry Learning Centre,Woodberry,NSW,2322,Special,Gov,Open,Major Cities,40773,65792,-32.7916,151.671,5764
42048,Woodberry Public School,Woodberry,NSW,2322,Primary,Gov,Open,Major Cities,42048,49190,-32.7922,151.671,4459
42319,Woodburn Public School,Woodburn,NSW,2472,Primary,Gov,Open,Inner Regional,42319,49748,-29.0754,153.339,3490
43746,Woodbury,Baulkham Hills,NSW,2153,Special,Non-Gov,Open,Major Cities,43746,64017,-33.7628,150.98,77903_00
42320,Woodenbong Central School,Woodenbong,NSW,2476,Combined,Gov,Open,Outer Regional,42320,46446,-28.3897,152.61,3491
41495,Woodland Road Public School,Campbelltown,NSW,2560,Primary,Gov,Open,Major Cities,41495,50210,-34.0971,150.815,4492
41893,Woodport Public School,Erina,NSW,2250,Primary,Gov,Open,Major Cities,41893,48676,-33.4396,151.379,1857
43058,Woodstock Public School,Woodstock,NSW,2793,Primary,Gov,Open,Outer Regional,43058,50969,-33.7459,148.849,3499
40762,Wooglemai Environmental Education Centre,Oakdale,NSW,2570,Combined,Gov,Open,Inner Regional,40762,64094,-34.1346,150.499,5667
42489,Woolbrook Public School,Woolbrook,NSW,2354,Primary,Gov,Open,Outer Regional,42489,49389,-30.9702,151.345,3501
42401,Woolgoolga High School,Woolgoolga,NSW,2456,Secondary,Gov,Open,Inner Regional,42401,49682,-30.1004,153.19,8548
42321,Woolgoolga Public School,Woolgoolga,NSW,2456,Primary,Gov,Open,Inner Regional,42321,49681,-30.1127,153.197,3503
42275,Wooli Public School,Wooli,NSW,2462,Primary,Gov,Open,Inner Regional,42275,49724,-29.8709,153.266,2841
41146,Woollahra Public School,Woollahra,NSW,2025,Primary,Gov,Open,Major Cities,41146,46134,-33.8864,151.241,7442
42490,Woolomin Public School,Woolomin,NSW,2340,Primary,Gov,Open,Outer Regional,42490,49359,-31.3018,151.148,3506
41173,Woolooware High School,Woolooware,NSW,2230,Secondary,Gov,Open,Major Cities,41173,48659,-34.0398,151.146,8433
41081,Woolooware Public School,Cronulla,NSW,2230,Primary,Gov,Open,Major Cities,41081,48660,-34.0455,151.146,3957
42071,Woongarrah Public School,Woongarrah,NSW,2259,Primary,Gov,Open,Major Cities,42071,64010,-33.2424,151.484,4637
42869,Woonona East Public School,Woonona,NSW,2517,Primary,Gov,Open,Major Cities,42869,49996,-34.3523,150.915,4296
42918,Woonona High School,Woonona,NSW,2517,Secondary,Gov,Open,Major Cities,42918,46435,-34.3448,150.909,8410
42833,Woonona Public School,Woonona,NSW,2517,Primary,Gov,Open,Major Cities,42833,45441,-34.3456,150.907,3510
41063,Woronora River Public School,Woronora,NSW,2232,Primary,Gov,Open,Major Cities,41063,48665,-34.0266,151.041,3735
42088,Woy Woy Public School,Woy Woy,NSW,2256,Primary,Gov,Open,Major Cities,42088,48701,-33.4917,151.328,7445
42037,Woy Woy South Public School,Woy Woy,NSW,2256,Primary,Gov,Open,Major Cities,42037,48702,-33.5036,151.321,4329
42646,Wyalong Public School,Wyalong,NSW,2671,Primary,Gov,Open,Outer Regional,42646,50536,-33.9239,147.242,3518
43947,Wycliffe Christian School,Warrimoo,NSW,2774,Combined,Non-Gov,Open,Major Cities,43947,42303,-33.7207,150.615,11599_00
52948,Wycliffe Hope School,Warrimoo,NSW,2774,Special,Non-Gov,Open,Major Cities,52948,87234,-33.7199727,150.6152589,78240_00
41986,Wyee Public School,Wyee,NSW,2259,Primary,Gov,Open,Major Cities,41986,48717,-33.1748,151.483,3522
40646,Wyndham College,Quakers Hill,NSW,2763,Secondary,Gov,Open,Major Cities,40646,56110,-33.726,150.88,8277
42834,Wyndham Public School,Wyndham,NSW,2550,Primary,Gov,Open,Outer Regional,42834,50192,-36.9296,149.647,3525
42043,Wyoming Public School,Wyoming,NSW,2250,Primary,Gov,Open,Major Cities,42043,48690,-33.4082,151.356,4397
43935,Wyong Christian Community School,Wyong,NSW,2259,Combined,Non-Gov,Open,Major Cities,43935,53985,-33.2775,151.415,77586_00
41988,Wyong Creek Public School,Wyong Creek,NSW,2259,Primary,Gov,Open,Major Cities,41988,48718,-33.2671,151.348,3528
42094,Wyong High School,Wyong,NSW,2259,Secondary,Gov,Open,Major Cities,42094,46373,-33.2813,151.418,8166
41987,Wyong Public School,Wyong,NSW,2259,Primary,Gov,Open,Major Cities,41987,48720,-33.2719,151.426,3527
42322,Wyrallah Public School,Wyrallah,NSW,2480,Primary,Gov,Open,Inner Regional,42322,44919,-28.8904,153.306,3529
42330,Wyrallah Road Public School,Lismore,NSW,2480,Primary,Gov,Open,Inner Regional,42330,49902,-28.8303,153.293,3856
42507,Wytaliba Public School,Glen Innes,NSW,2370,Primary,Gov,Open,Outer Regional,42507,56239,-29.6916,152.11,4556
43539,Xavier Catholic College Ballina,Skennars Head,NSW,2478,Secondary,Non-Gov,Open,Inner Regional,43539,56048,-28.8315,153.6,77731_00
43223,Xavier College,Llandilo,NSW,2747,Secondary,Non-Gov,Open,Major Cities,43223,56322,-33.7144,150.733,77689_00
43628,Xavier High School,North Albury,NSW,2640,Secondary,Non-Gov,Open,Inner Regional,43628,57922,-36.0627,146.935,11298_00
41434,Yagoona Public School,Yagoona,NSW,2199,Primary,Gov,Open,Major Cities,41434,48573,-33.9092,151.027,3869
42323,Yamba Public School,Yamba,NSW,2464,Primary,Gov,Open,Inner Regional,42323,49729,-29.4395,153.353,3533
42693,Yanco Agricultural High School,Yanco,NSW,2703,Secondary,Gov,Open,Outer Regional,42693,50554,-34.6322,146.384,8144
42649,Yanco Public School,Yanco,NSW,2703,Primary,Gov,Open,Outer Regional,42649,50555,-34.5979,146.411,3536
52705,Yandelora School,Narellan,NSW,2567,Special,Gov,Open,Major Cities,52705,85784,-34.0434,150.732,5766
41424,Yanderra Public School,Yanderra,NSW,2574,Primary,Gov,Open,Inner Regional,41424,50235,-34.3205,150.571,3537
43918,Yanginanook School,Belrose,NSW,2085,Combined,Non-Gov,Open,Major Cities,43918,44088,-33.7124,151.214,77587_00
53117,High School Campus for Yanginanook School,Forestville,NSW,2087,Secondary,Non-Gov,Open,Major Cities,43918,88011,-33.75581308,151.2217646,77587_01
41099,Yarrawarrah Public School,Engadine,NSW,2233,Primary,Gov,Open,Major Cities,41099,44408,-34.0566,151.026,4298
42491,Yarrowitch Public School,Yarrowitch,NSW,2354,Primary,Gov,Open,Outer Regional,42491,49390,-31.2506,151.948,3547
42915,Yass High School,Yass,NSW,2582,Secondary,Gov,Open,Inner Regional,42915,50279,-34.8355,148.911,8334
42835,Yass Public School,Yass,NSW,2582,Primary,Gov,Open,Inner Regional,42835,50280,-34.8376,148.907,3549
41703,Yates Avenue Public School,Dundas Valley,NSW,2117,Primary,Gov,Open,Major Cities,41703,47750,-33.7956,151.058,4157
53084,Yattalunga Valley Christian School,Green Point,NSW,2251,Special,Non-Gov,Open,Major Cities,53084,87822,-33.46110018,151.3634347,78266_00
52722,Yawarra Community School,Dubbo,NSW,2830,Special,Gov,Open,Inner Regional,52722,85778,-32.24984531,148.5829529,5769
42650,Yenda Public School,Yenda,NSW,2681,Primary,Gov,Open,Outer Regional,42650,50549,-34.2524,146.198,3554
41444,Yennora Public School,Yennora,NSW,2161,Primary,Gov,Open,Major Cities,41444,48162,-33.8667,150.971,3986
40499,Yeo Park Infants School,Ashfield,NSW,2131,Primary,Gov,Open,Major Cities,40499,47775,-33.9025,151.13,5120
43061,Yeoval Central School,Yeoval,NSW,2868,Combined,Gov,Open,Outer Regional,43061,46457,-32.7544,148.65,3555
42651,Yerong Creek Public School,Yerong Creek,NSW,2642,Primary,Gov,Open,Outer Regional,42651,50458,-35.3868,147.061,3556
43725,Yeshiva College,Bondi,NSW,2026,Combined,Non-Gov,Closed,Major Cities,43725,,-33.8916,151.259,77933_00
42492,Yetman Public School,Yetman,NSW,2410,Primary,Gov,Open,Outer Regional,42492,49514,-28.9022,150.776,3559
42652,Yoogali Public School,Yoogali,NSW,2680,Primary,Gov,Open,Outer Regional,42652,50548,-34.2997,146.086,3561
41753,York Public School,South Penrith,NSW,2750,Primary,Gov,Open,Major Cities,41753,50722,-33.777,150.698,4482
42694,Young High School,Young,NSW,2594,Secondary,Gov,Open,Inner Regional,42694,50298,-34.3171,148.292,8155
42660,Young North Public School,Young,NSW,2594,Primary,Gov,Open,Inner Regional,42660,50299,-34.311,148.305,4131
42653,Young Public School,Young,NSW,2594,Primary,Gov,Open,Inner Regional,42653,50300,-34.3212,148.291,3563
41092,Yowie Bay Public School,Yowie Bay,NSW,2228,Primary,Gov,Open,Major Cities,41092,48649,-34.0472,151.102,4124
41119,Yudi Gunyi School,Waterloo,NSW,2017,Special,Gov,Open,Major Cities,41119,62743,-33.904,151.203,5460
52621,Zahra Grammar School,Minto,NSW,2566,Primary,Non-Gov,Open,Major Cities,52621,54143,-34.0436,150.849,78189_00
43062,Zig Zag Public School,Lithgow,NSW,2790,Primary,Gov,Open,Inner Regional,43062,50965,-33.4661,150.183,3566
